[debug] [2025-08-12T16:32:08.612Z] ----------------------------------------------------------------------
[debug] [2025-08-12T16:32:08.624Z] Command:       /Users/mmierzej/.nvm/versions/node/v20.19.4/bin/node /usr/local/bin/firebase deploy
[debug] [2025-08-12T16:32:08.624Z] CLI Version:   14.12.0
[debug] [2025-08-12T16:32:08.624Z] Platform:      darwin
[debug] [2025-08-12T16:32:08.625Z] Node Version:  v20.19.4
[debug] [2025-08-12T16:32:08.625Z] Time:          Tue Aug 12 2025 18:32:08 GMT+0200 (czas środkowoeuropejski letni)
[debug] [2025-08-12T16:32:08.625Z] ----------------------------------------------------------------------
[debug] 
[debug] [2025-08-12T16:32:08.837Z] > command requires scopes: ["email","openid","https://www.googleapis.com/auth/cloudplatformprojects.readonly","https://www.googleapis.com/auth/firebase","https://www.googleapis.com/auth/cloud-platform"]
[debug] [2025-08-12T16:32:08.837Z] > authorizing via signed-in user (mierzej.it@gmail.com)
[debug] [2025-08-12T16:32:08.837Z] [iam] checking project gastroo-4f0a3 for permissions ["cloudconfig.configs.get","cloudconfig.configs.update","cloudfunctions.functions.create","cloudfunctions.functions.delete","cloudfunctions.functions.get","cloudfunctions.functions.list","cloudfunctions.functions.update","cloudfunctions.operations.get","datastore.indexes.create","datastore.indexes.delete","datastore.indexes.list","datastore.indexes.update","firebase.projects.get","firebasedatabase.instances.update","firebasehosting.sites.update","firebaserules.releases.create","firebaserules.releases.update","firebaserules.rulesets.create",null,null]
[debug] [2025-08-12T16:32:08.839Z] Checked if tokens are valid: true, expires at: 1755017641897
[debug] [2025-08-12T16:32:08.840Z] Checked if tokens are valid: true, expires at: 1755017641897
[debug] [2025-08-12T16:32:08.841Z] >>> [apiv2][query] POST https://cloudresourcemanager.googleapis.com/v1/projects/gastroo-4f0a3:testIamPermissions [none]
[debug] [2025-08-12T16:32:08.841Z] >>> [apiv2][(partial)header] POST https://cloudresourcemanager.googleapis.com/v1/projects/gastroo-4f0a3:testIamPermissions x-goog-quota-user=projects/gastroo-4f0a3
[debug] [2025-08-12T16:32:08.841Z] >>> [apiv2][body] POST https://cloudresourcemanager.googleapis.com/v1/projects/gastroo-4f0a3:testIamPermissions {"permissions":["cloudconfig.configs.get","cloudconfig.configs.update","cloudfunctions.functions.create","cloudfunctions.functions.delete","cloudfunctions.functions.get","cloudfunctions.functions.list","cloudfunctions.functions.update","cloudfunctions.operations.get","datastore.indexes.create","datastore.indexes.delete","datastore.indexes.list","datastore.indexes.update","firebase.projects.get","firebasedatabase.instances.update","firebasehosting.sites.update","firebaserules.releases.create","firebaserules.releases.update","firebaserules.rulesets.create",null,null]}
[debug] [2025-08-12T16:32:09.711Z] <<< [apiv2][status] POST https://cloudresourcemanager.googleapis.com/v1/projects/gastroo-4f0a3:testIamPermissions 200
[debug] [2025-08-12T16:32:09.712Z] <<< [apiv2][body] POST https://cloudresourcemanager.googleapis.com/v1/projects/gastroo-4f0a3:testIamPermissions {"permissions":["cloudconfig.configs.get","cloudconfig.configs.update","cloudfunctions.functions.create","cloudfunctions.functions.delete","cloudfunctions.functions.get","cloudfunctions.functions.list","cloudfunctions.functions.update","cloudfunctions.operations.get","datastore.indexes.create","datastore.indexes.delete","datastore.indexes.list","datastore.indexes.update","firebase.projects.get","firebasedatabase.instances.update","firebasehosting.sites.update","firebaserules.releases.create","firebaserules.releases.update","firebaserules.rulesets.create"]}
[debug] [2025-08-12T16:32:09.712Z] [iam] error while checking permissions, command may fail: Authorization failed. This account is missing the following required permissions on project gastroo-4f0a3:

  
[debug] [2025-08-12T16:32:09.712Z] Checked if tokens are valid: true, expires at: 1755017641897
[debug] [2025-08-12T16:32:09.712Z] Checked if tokens are valid: true, expires at: 1755017641897
[debug] [2025-08-12T16:32:09.712Z] >>> [apiv2][query] POST https://iam.googleapis.com/v1/projects/gastroo-4f0a3/serviceAccounts/gastroo-4f0a3@appspot.gserviceaccount.com:testIamPermissions [none]
[debug] [2025-08-12T16:32:09.712Z] >>> [apiv2][body] POST https://iam.googleapis.com/v1/projects/gastroo-4f0a3/serviceAccounts/gastroo-4f0a3@appspot.gserviceaccount.com:testIamPermissions {"permissions":["iam.serviceAccounts.actAs"]}
[debug] [2025-08-12T16:32:10.508Z] <<< [apiv2][status] POST https://iam.googleapis.com/v1/projects/gastroo-4f0a3/serviceAccounts/gastroo-4f0a3@appspot.gserviceaccount.com:testIamPermissions 200
[debug] [2025-08-12T16:32:10.508Z] <<< [apiv2][body] POST https://iam.googleapis.com/v1/projects/gastroo-4f0a3/serviceAccounts/gastroo-4f0a3@appspot.gserviceaccount.com:testIamPermissions {"permissions":["iam.serviceAccounts.actAs"]}
[debug] [2025-08-12T16:32:10.508Z] Checked if tokens are valid: true, expires at: 1755017641897
[debug] [2025-08-12T16:32:10.508Z] Checked if tokens are valid: true, expires at: 1755017641897
[debug] [2025-08-12T16:32:10.509Z] >>> [apiv2][query] GET https://firebase.googleapis.com/v1beta1/projects/gastroo-4f0a3 [none]
[debug] [2025-08-12T16:32:10.815Z] <<< [apiv2][status] GET https://firebase.googleapis.com/v1beta1/projects/gastroo-4f0a3 200
[debug] [2025-08-12T16:32:10.815Z] <<< [apiv2][body] GET https://firebase.googleapis.com/v1beta1/projects/gastroo-4f0a3 {"projectId":"gastroo-4f0a3","projectNumber":"880194074966","displayName":"gastroo","name":"projects/gastroo-4f0a3","resources":{"hostingSite":"gastroo-4f0a3","realtimeDatabaseInstance":"gastroo-4f0a3-default-rtdb"},"state":"ACTIVE","etag":"1_44f7499f-7fa2-4007-b5b4-7032c1b2c63d"}
[debug] [2025-08-12T16:32:10.815Z] Checked if tokens are valid: true, expires at: 1755017641897
[debug] [2025-08-12T16:32:10.815Z] Checked if tokens are valid: true, expires at: 1755017641897
[debug] [2025-08-12T16:32:10.816Z] >>> [apiv2][query] GET https://firebase.googleapis.com/v1beta1/projects/gastroo-4f0a3 [none]
[debug] [2025-08-12T16:32:11.066Z] <<< [apiv2][status] GET https://firebase.googleapis.com/v1beta1/projects/gastroo-4f0a3 200
[debug] [2025-08-12T16:32:11.066Z] <<< [apiv2][body] GET https://firebase.googleapis.com/v1beta1/projects/gastroo-4f0a3 {"projectId":"gastroo-4f0a3","projectNumber":"880194074966","displayName":"gastroo","name":"projects/gastroo-4f0a3","resources":{"hostingSite":"gastroo-4f0a3","realtimeDatabaseInstance":"gastroo-4f0a3-default-rtdb"},"state":"ACTIVE","etag":"1_44f7499f-7fa2-4007-b5b4-7032c1b2c63d"}
[debug] [2025-08-12T16:32:13.180Z] Checked if tokens are valid: true, expires at: 1755017641897
[debug] [2025-08-12T16:32:13.180Z] Checked if tokens are valid: true, expires at: 1755017641897
[debug] [2025-08-12T16:32:13.181Z] >>> [apiv2][query] GET https://firebasehosting.googleapis.com/v1beta1/projects/gastroo-4f0a3/sites pageToken=&pageSize=10
[debug] [2025-08-12T16:32:14.131Z] <<< [apiv2][status] GET https://firebasehosting.googleapis.com/v1beta1/projects/gastroo-4f0a3/sites 200
[debug] [2025-08-12T16:32:14.131Z] <<< [apiv2][body] GET https://firebasehosting.googleapis.com/v1beta1/projects/gastroo-4f0a3/sites {"sites":[{"name":"projects/gastroo-4f0a3/sites/gastroo-4f0a3","defaultUrl":"https://gastroo-4f0a3.web.app","appId":"1:880194074966:web:eb44133ad67d27f5a2fef7","type":"DEFAULT_SITE"}]}
[debug] [2025-08-12T16:32:14.131Z] Checked if tokens are valid: true, expires at: 1755017641897
[debug] [2025-08-12T16:32:14.131Z] Checked if tokens are valid: true, expires at: 1755017641897
[debug] [2025-08-12T16:32:14.132Z] >>> [apiv2][query] GET https://firebase.googleapis.com/v1beta1/projects/-/webApps/1:880194074966:web:eb44133ad67d27f5a2fef7/config [none]
[debug] [2025-08-12T16:32:14.635Z] <<< [apiv2][status] GET https://firebase.googleapis.com/v1beta1/projects/-/webApps/1:880194074966:web:eb44133ad67d27f5a2fef7/config 200
[debug] [2025-08-12T16:32:14.636Z] <<< [apiv2][body] GET https://firebase.googleapis.com/v1beta1/projects/-/webApps/1:880194074966:web:eb44133ad67d27f5a2fef7/config {"projectId":"gastroo-4f0a3","appId":"1:880194074966:web:eb44133ad67d27f5a2fef7","databaseURL":"https://gastroo-4f0a3-default-rtdb.europe-west1.firebasedatabase.app","storageBucket":"gastroo-4f0a3.firebasestorage.app","apiKey":"AIzaSyD35VjXyAgjalKrECvM-JCGyqVu4CBF-dg","authDomain":"gastroo-4f0a3.firebaseapp.com","messagingSenderId":"880194074966","measurementId":"G-TTYZLTJG4W"}
[info] 
   Thank you for trying our early preview of Next.js support on Firebase Hosting.
   During the preview, support is best-effort and breaking changes can be expected. Proceed with caution.
   The integration is known to work with Next.js version 12 - 15.0. You may encounter errors.

   Documentation: https://firebase.google.com/docs/hosting/frameworks/nextjs
   File a bug: https://github.com/firebase/firebase-tools/issues/new?template=bug_report.md
   Submit a feature request: https://github.com/firebase/firebase-tools/issues/new?template=feature_request.md

   We'd love to learn from you. Express your interest in helping us shape the future of Firebase Hosting: https://goo.gle/41enW5X

[debug] [2025-08-12T16:32:18.653Z] Checked if tokens are valid: true, expires at: 1755017641897
[debug] [2025-08-12T16:32:18.653Z] Checked if tokens are valid: true, expires at: 1755017641897
[debug] [2025-08-12T16:32:18.653Z] >>> [apiv2][query] GET https://firebasehosting.googleapis.com/v1beta1/projects/gastroo-4f0a3/sites/gastroo-4f0a3 [none]
[debug] [2025-08-12T16:32:18.870Z] <<< [apiv2][status] GET https://firebasehosting.googleapis.com/v1beta1/projects/gastroo-4f0a3/sites/gastroo-4f0a3 200
[debug] [2025-08-12T16:32:18.870Z] <<< [apiv2][body] GET https://firebasehosting.googleapis.com/v1beta1/projects/gastroo-4f0a3/sites/gastroo-4f0a3 {"name":"projects/gastroo-4f0a3/sites/gastroo-4f0a3","defaultUrl":"https://gastroo-4f0a3.web.app","appId":"1:880194074966:web:eb44133ad67d27f5a2fef7","type":"DEFAULT_SITE"}
[info]  ⚠ Warning: Found multiple lockfiles. Selecting /Users/mmierzej/package-lock.json.
   Consider removing the lockfiles at:
   * /Users/mmierzej/Desktop/code/gastroo-space/package-lock.json


[info]    ▲ Next.js 15.4.6

[info] 

[info]    Creating an optimized production build ...

[info]  ✓ Compiled successfully in 1000ms

[info]    Linting and checking validity of types ...

[info]  ⨯ ESLint: Failed to load config "next/core-web-vitals" to extend from. Referenced from: 

[info]    Collecting page data ...

[info]    Generating static pages (0/5) ...

[info]    Generating static pages (1/5) 

[info]    Generating static pages (2/5) 
   Generating static pages (3/5) 
 ✓ Generating static pages (5/5)

[info]    Finalizing page optimization ...

[info]    Collecting build traces ...

[info] 

[info] Route (app)                                 Size  First Load JS
┌ ○ /                                    5.57 kB         105 kB
└ ○ /_not-found                            988 B         101 kB
+ First Load JS shared by all            99.6 kB
  ├ chunks/4bd1b696-cf72ae8a39fa05aa.js  54.1 kB
  ├ chunks/964-7a34cadcb7695cec.js       43.5 kB
  └ other shared chunks (total)          1.91 kB



[info] ○  (Static)  prerendered as static content


[info] Building a Cloud Function to run this application. This is needed due to:
[info]  • Image Optimization
[info] 
[debug] [2025-08-12T16:32:42.740Z] Checked if tokens are valid: true, expires at: 1755017641897
[debug] [2025-08-12T16:32:42.740Z] Checked if tokens are valid: true, expires at: 1755017641897
[debug] [2025-08-12T16:32:42.740Z] >>> [apiv2][query] GET https://firebasehosting.googleapis.com/v1beta1/projects/gastroo-4f0a3/sites/gastroo-4f0a3 [none]
[debug] [2025-08-12T16:32:43.714Z] <<< [apiv2][status] GET https://firebasehosting.googleapis.com/v1beta1/projects/gastroo-4f0a3/sites/gastroo-4f0a3 200
[debug] [2025-08-12T16:32:43.714Z] <<< [apiv2][body] GET https://firebasehosting.googleapis.com/v1beta1/projects/gastroo-4f0a3/sites/gastroo-4f0a3 {"name":"projects/gastroo-4f0a3/sites/gastroo-4f0a3","defaultUrl":"https://gastroo-4f0a3.web.app","appId":"1:880194074966:web:eb44133ad67d27f5a2fef7","type":"DEFAULT_SITE"}
[debug] [2025-08-12T16:32:54.239Z] [web frameworks] effective firebase.json:  {
  "hosting": [
    {
      "source": ".",
      "ignore": [
        "firebase.json",
        "**/.*",
        "**/node_modules/**"
      ],
      "frameworksBackend": {
        "region": "europe-west1"
      },
      "site": "gastroo-4f0a3",
      "rewrites": [
        {
          "source": "/**",
          "function": {
            "functionId": "ssrgastroo4f0a3",
            "region": "europe-west1",
            "pinTag": true
          }
        }
      ],
      "redirects": [],
      "headers": [
        {
          "source": "/favicon.ico",
          "headers": [
            {
              "key": "cache-control",
              "value": "public, max-age=0, must-revalidate"
            },
            {
              "key": "content-type",
              "value": "image/x-icon"
            },
            {
              "key": "x-next-cache-tags",
              "value": "_N_T_/layout,_N_T_/favicon.ico/layout,_N_T_/favicon.ico/route,_N_T_/favicon.ico"
            }
          ]
        },
        {
          "source": "/_not-found",
          "headers": [
            {
              "key": "x-nextjs-stale-time",
              "value": "300"
            },
            {
              "key": "x-nextjs-prerender",
              "value": "1"
            },
            {
              "key": "x-next-cache-tags",
              "value": "_N_T_/layout,_N_T_/_not-found/layout,_N_T_/_not-found/page,_N_T_/_not-found"
            }
          ]
        },
        {
          "source": "/**/*.[jt]s",
          "headers": [
            {
              "key": "Set-Cookie",
              "value": "__FIREBASE_DEFAULTS__=eyJjb25maWciOnsicHJvamVjdElkIjoiZ2FzdHJvby00ZjBhMyIsImFwcElkIjoiMTo4ODAxOTQwNzQ5NjY6d2ViOmViNDQxMzNhZDY3ZDI3ZjVhMmZlZjciLCJkYXRhYmFzZVVSTCI6Imh0dHBzOi8vZ2FzdHJvby00ZjBhMy1kZWZhdWx0LXJ0ZGIuZXVyb3BlLXdlc3QxLmZpcmViYXNlZGF0YWJhc2UuYXBwIiwic3RvcmFnZUJ1Y2tldCI6Imdhc3Ryb28tNGYwYTMuZmlyZWJhc2VzdG9yYWdlLmFwcCIsImFwaUtleSI6IkFJemFTeUQzNVZqWHlBZ2phbEtyRUN2TS1KQ0d5cVZ1NENCRi1kZyIsImF1dGhEb21haW4iOiJnYXN0cm9vLTRmMGEzLmZpcmViYXNlYXBwLmNvbSIsIm1lc3NhZ2luZ1NlbmRlcklkIjoiODgwMTk0MDc0OTY2IiwibWVhc3VyZW1lbnRJZCI6IkctVFRZWkxUSkc0VyJ9LCJfYXV0aFRva2VuU3luY1VSTCI6Ii9fX3Nlc3Npb24ifQ; SameSite=Strict; Expires=2027-07-08T03:12:54.239Z; Path=/;"
            }
          ]
        }
      ],
      "cleanUrls": true,
      "trailingSlash": false,
      "public": ".firebase/gastroo-4f0a3/hosting",
      "webFramework": "next_ssr"
    }
  ],
  "functions": [
    {
      "source": "functions",
      "codebase": "default",
      "predeploy": [
        "npm --prefix \"$RESOURCE_DIR\" run lint",
        "npm --prefix \"$RESOURCE_DIR\" run build"
      ],
      "ignore": [
        "node_modules",
        ".git",
        "firebase-debug.log",
        "firebase-debug.*.log",
        "*.local"
      ]
    },
    {
      "source": ".firebase/gastroo-4f0a3/functions",
      "codebase": "firebase-frameworks-gastroo-4f0a3"
    }
  ]
}
[info] 
[info] === Deploying to 'gastroo-4f0a3'...
[info] 
[info] i  deploying database, storage, firestore, functions, hosting, remoteconfig, extensions, apphosting 
[info] Running command: npm --prefix "$RESOURCE_DIR" run lint
[info] Running command: npm --prefix "$RESOURCE_DIR" run build
[info] ✔  functions: Finished running predeploy script. 
[info] i  database: checking rules syntax... 
[debug] [2025-08-12T16:33:00.766Z] Checked if tokens are valid: true, expires at: 1755017641897
[debug] [2025-08-12T16:33:00.766Z] Checked if tokens are valid: true, expires at: 1755017641897
[debug] [2025-08-12T16:33:00.766Z] >>> [apiv2][query] GET https://firebasedatabase.googleapis.com/v1beta/projects/gastroo-4f0a3/locations/-/instances/gastroo-4f0a3-default-rtdb [none]
[debug] [2025-08-12T16:33:01.927Z] <<< [apiv2][status] GET https://firebasedatabase.googleapis.com/v1beta/projects/gastroo-4f0a3/locations/-/instances/gastroo-4f0a3-default-rtdb 200
[debug] [2025-08-12T16:33:01.927Z] <<< [apiv2][body] GET https://firebasedatabase.googleapis.com/v1beta/projects/gastroo-4f0a3/locations/-/instances/gastroo-4f0a3-default-rtdb {"name":"projects/880194074966/locations/europe-west1/instances/gastroo-4f0a3-default-rtdb","project":"projects/880194074966","databaseUrl":"https://gastroo-4f0a3-default-rtdb.europe-west1.firebasedatabase.app","type":"DEFAULT_DATABASE","state":"ACTIVE"}
[debug] [2025-08-12T16:33:01.929Z] Checked if tokens are valid: true, expires at: 1755017641897
[debug] [2025-08-12T16:33:01.929Z] Checked if tokens are valid: true, expires at: 1755017641897
[debug] [2025-08-12T16:33:01.929Z] >>> [apiv2][query] PUT https://gastroo-4f0a3-default-rtdb.europe-west1.firebasedatabase.app/.settings/rules.json dryRun=true
[debug] [2025-08-12T16:33:01.929Z] >>> [apiv2][body] PUT https://gastroo-4f0a3-default-rtdb.europe-west1.firebasedatabase.app/.settings/rules.json "{\n  /* Visit https://firebase.google.com/docs/database/security to learn more about security rules. */\n  \"rules\": {\n    \".read\": false,\n    \".write\": false\n  }\n}"
[debug] [2025-08-12T16:33:02.108Z] <<< [apiv2][status] PUT https://gastroo-4f0a3-default-rtdb.europe-west1.firebasedatabase.app/.settings/rules.json 200
[debug] [2025-08-12T16:33:02.108Z] <<< [apiv2][body] PUT https://gastroo-4f0a3-default-rtdb.europe-west1.firebasedatabase.app/.settings/rules.json {"status":"ok"}
[info] ✔  database: rules syntax for database gastroo-4f0a3-default-rtdb is valid 
[info] i  storage: ensuring required API firebasestorage.googleapis.com is enabled... 
[debug] [2025-08-12T16:33:02.110Z] Checked if tokens are valid: true, expires at: 1755017641897
[debug] [2025-08-12T16:33:02.115Z] Checked if tokens are valid: true, expires at: 1755017641897
[debug] [2025-08-12T16:33:02.115Z] >>> [apiv2][query] GET https://firebasestorage.googleapis.com/v1alpha/projects/gastroo-4f0a3/defaultBucket [none]
[debug] [2025-08-12T16:33:02.856Z] <<< [apiv2][status] GET https://firebasestorage.googleapis.com/v1alpha/projects/gastroo-4f0a3/defaultBucket 200
[debug] [2025-08-12T16:33:02.856Z] <<< [apiv2][body] GET https://firebasestorage.googleapis.com/v1alpha/projects/gastroo-4f0a3/defaultBucket {"name":"projects/gastroo-4f0a3/defaultBucket","location":"US-CENTRAL1","bucket":{"name":"projects/gastroo-4f0a3/buckets/gastroo-4f0a3.firebasestorage.app"},"storageClass":"REGIONAL"}
[info] i  firebase.storage: checking storage.rules for compilation errors... 
[debug] [2025-08-12T16:33:02.863Z] Checked if tokens are valid: true, expires at: 1755017641897
[debug] [2025-08-12T16:33:02.863Z] Checked if tokens are valid: true, expires at: 1755017641897
[debug] [2025-08-12T16:33:02.864Z] >>> [apiv2][query] POST https://firebaserules.googleapis.com/v1/projects/gastroo-4f0a3:test [none]
[debug] [2025-08-12T16:33:02.864Z] >>> [apiv2][body] POST https://firebaserules.googleapis.com/v1/projects/gastroo-4f0a3:test [omitted]
[debug] [2025-08-12T16:33:03.682Z] <<< [apiv2][status] POST https://firebaserules.googleapis.com/v1/projects/gastroo-4f0a3:test 200
[debug] [2025-08-12T16:33:03.682Z] <<< [apiv2][body] POST https://firebaserules.googleapis.com/v1/projects/gastroo-4f0a3:test {}
[info] ✔  firebase.storage: rules file storage.rules compiled successfully 
[info] i  firestore: reading indexes from firestore.indexes.json... 
[info] i  cloud.firestore: checking firestore.rules for compilation errors... 
[debug] [2025-08-12T16:33:03.685Z] Checked if tokens are valid: true, expires at: 1755017641897
[debug] [2025-08-12T16:33:03.685Z] Checked if tokens are valid: true, expires at: 1755017641897
[debug] [2025-08-12T16:33:03.685Z] >>> [apiv2][query] POST https://firebaserules.googleapis.com/v1/projects/gastroo-4f0a3:test [none]
[debug] [2025-08-12T16:33:03.685Z] >>> [apiv2][body] POST https://firebaserules.googleapis.com/v1/projects/gastroo-4f0a3:test [omitted]
[debug] [2025-08-12T16:33:03.971Z] <<< [apiv2][status] POST https://firebaserules.googleapis.com/v1/projects/gastroo-4f0a3:test 200
[debug] [2025-08-12T16:33:03.971Z] <<< [apiv2][body] POST https://firebaserules.googleapis.com/v1/projects/gastroo-4f0a3:test {}
[info] ✔  cloud.firestore: rules file firestore.rules compiled successfully 
[debug] [2025-08-12T16:33:03.973Z] Checked if tokens are valid: true, expires at: 1755017641897
[debug] [2025-08-12T16:33:03.974Z] Checked if tokens are valid: true, expires at: 1755017641897
[debug] [2025-08-12T16:33:03.974Z] >>> [apiv2][query] GET https://serviceusage.googleapis.com/v1/projects/gastroo-4f0a3/services/cloudresourcemanager.googleapis.com [none]
[debug] [2025-08-12T16:33:03.974Z] >>> [apiv2][(partial)header] GET https://serviceusage.googleapis.com/v1/projects/gastroo-4f0a3/services/cloudresourcemanager.googleapis.com x-goog-quota-user=projects/gastroo-4f0a3
[debug] [2025-08-12T16:33:04.956Z] <<< [apiv2][status] GET https://serviceusage.googleapis.com/v1/projects/gastroo-4f0a3/services/cloudresourcemanager.googleapis.com 200
[debug] [2025-08-12T16:33:04.957Z] <<< [apiv2][body] GET https://serviceusage.googleapis.com/v1/projects/gastroo-4f0a3/services/cloudresourcemanager.googleapis.com [omitted]
[debug] [2025-08-12T16:33:04.975Z] Checked if tokens are valid: true, expires at: 1755017641897
[debug] [2025-08-12T16:33:04.975Z] Checked if tokens are valid: true, expires at: 1755017641897
[debug] [2025-08-12T16:33:04.976Z] >>> [apiv2][query] GET https://cloudresourcemanager.googleapis.com/v1/projects/gastroo-4f0a3 [none]
[debug] [2025-08-12T16:33:05.812Z] <<< [apiv2][status] GET https://cloudresourcemanager.googleapis.com/v1/projects/gastroo-4f0a3 200
[debug] [2025-08-12T16:33:05.812Z] <<< [apiv2][body] GET https://cloudresourcemanager.googleapis.com/v1/projects/gastroo-4f0a3 {"projectNumber":"880194074966","projectId":"gastroo-4f0a3","lifecycleState":"ACTIVE","name":"gastroo","labels":{"firebase":"enabled","firebase-core":"disabled"},"createTime":"2025-08-11T14:10:57.138710Z"}
[info] i  functions: preparing codebase default for deployment 
[info] i  functions: preparing codebase firebase-frameworks-gastroo-4f0a3 for deployment 
[info] i  functions: ensuring required API cloudfunctions.googleapis.com is enabled... 
[info] i  functions: ensuring required API cloudbuild.googleapis.com is enabled... 
[info] i  artifactregistry: ensuring required API artifactregistry.googleapis.com is enabled... 
[debug] [2025-08-12T16:33:05.814Z] Checked if tokens are valid: true, expires at: 1755017641897
[debug] [2025-08-12T16:33:05.815Z] Checked if tokens are valid: true, expires at: 1755017641897
[debug] [2025-08-12T16:33:05.815Z] >>> [apiv2][query] GET https://firebase.googleapis.com/v1beta1/projects/gastroo-4f0a3/adminSdkConfig [none]
[debug] [2025-08-12T16:33:06.260Z] <<< [apiv2][status] GET https://firebase.googleapis.com/v1beta1/projects/gastroo-4f0a3/adminSdkConfig 200
[debug] [2025-08-12T16:33:06.260Z] <<< [apiv2][body] GET https://firebase.googleapis.com/v1beta1/projects/gastroo-4f0a3/adminSdkConfig {"projectId":"gastroo-4f0a3","databaseURL":"https://gastroo-4f0a3-default-rtdb.europe-west1.firebasedatabase.app","storageBucket":"gastroo-4f0a3.firebasestorage.app"}
[debug] [2025-08-12T16:33:06.260Z] Checked if tokens are valid: true, expires at: 1755017641897
[debug] [2025-08-12T16:33:06.260Z] Checked if tokens are valid: true, expires at: 1755017641897
[debug] [2025-08-12T16:33:06.260Z] >>> [apiv2][query] GET https://runtimeconfig.googleapis.com/v1beta1/projects/gastroo-4f0a3/configs [none]
[debug] [2025-08-12T16:33:06.690Z] <<< [apiv2][status] GET https://runtimeconfig.googleapis.com/v1beta1/projects/gastroo-4f0a3/configs 200
[debug] [2025-08-12T16:33:06.690Z] <<< [apiv2][body] GET https://runtimeconfig.googleapis.com/v1beta1/projects/gastroo-4f0a3/configs {}
[debug] [2025-08-12T16:33:06.692Z] Validating nodejs source
[debug] [2025-08-12T16:33:07.576Z] > [functions] package.json contents: {
  "main": "lib/index.js",
  "scripts": {
    "genkit:start": "genkit start -- tsx --watch src/genkit-sample.ts",
    "lint": "eslint",
    "build": "tsc",
    "build:watch": "tsc --watch",
    "serve": "npm run build && firebase emulators:start --only functions",
    "shell": "npm run build && firebase functions:shell",
    "start": "npm run shell",
    "deploy": "firebase deploy --only functions",
    "logs": "firebase functions:log"
  },
  "name": "functions",
  "engines": {
    "node": "22"
  },
  "dependencies": {
    "@genkit-ai/firebase": "^1.16.0",
    "@genkit-ai/googleai": "^1.16.0",
    "express": "^5.1.0",
    "firebase-admin": "^12.6.0",
    "firebase-functions": "^6.0.1",
    "genkit": "^1.16.0"
  },
  "devDependencies": {
    "@typescript-eslint/eslint-plugin": "^5.12.0",
    "@typescript-eslint/parser": "^5.12.0",
    "eslint": "^8.9.0",
    "eslint-config-google": "^0.14.0",
    "eslint-plugin-import": "^2.25.4",
    "firebase-functions-test": "^3.1.0",
    "globals": "^16.3.0",
    "tsx": "^4.20.3",
    "typescript": "^5.9.2",
    "typescript-eslint": "^8.39.1"
  },
  "private": true
}
[debug] [2025-08-12T16:33:07.577Z] Building nodejs source
[info] i  functions: Loading and analyzing source code for codebase default to determine what to deploy 
[debug] [2025-08-12T16:33:07.578Z] Could not find functions.yaml. Must use http discovery
[debug] [2025-08-12T16:33:07.588Z] Found firebase-functions binary at '/Users/mmierzej/Desktop/code/gastroo-space/functions/node_modules/.bin/firebase-functions'
[info] Serving at port 8225

[debug] [2025-08-12T16:33:09.088Z] Got response from /__/functions.yaml {"endpoints":{},"specVersion":"v1alpha1","requiredAPIs":[],"extensions":{}}
[debug] [2025-08-12T16:33:13.123Z] Validating nodejs source
[debug] [2025-08-12T16:33:13.819Z] > [functions] package.json contents: {
  "name": "gastroo-space",
  "version": "0.1.0",
  "private": true,
  "dependencies": {
    "@firebasegen/default-connector": "file:dataconnect-generated/js/default-connector",
    "@mui/icons-material": "^7.3.1",
    "@mui/material": "^7.3.1",
    "@mui/styled-engine-sc": "^7.3.1",
    "firebase": "^11.10.0",
    "next": "15.4.6",
    "react": "19.1.0",
    "react-dom": "19.1.0",
    "styled-components": "^6.1.19",
    "sharp": "^0.32 || ^0.33",
    "firebase-frameworks": "^0.11.0",
    "firebase-functions": "^6.0.1",
    "firebase-admin": "^11.11.1"
  },
  "main": "server.js",
  "engines": {
    "node": "20"
  }
}
[debug] [2025-08-12T16:33:13.819Z] Building nodejs source
[info] i  functions: Loading and analyzing source code for codebase firebase-frameworks-gastroo-4f0a3 to determine what to deploy 
[debug] [2025-08-12T16:33:13.820Z] Could not find functions.yaml. Must use http discovery
[debug] [2025-08-12T16:33:13.821Z] Found firebase-functions binary at '/Users/mmierzej/Desktop/code/gastroo-space/.firebase/gastroo-4f0a3/functions/node_modules/.bin/firebase-functions'
[info] Serving at port 8698

[debug] [2025-08-12T16:33:14.896Z] Got response from /__/functions.yaml {"endpoints":{"ssrgastroo4f0a3":{"availableMemoryMb":null,"timeoutSeconds":null,"minInstances":null,"maxInstances":null,"ingressSettings":null,"concurrency":null,"serviceAccountEmail":null,"vpc":null,"platform":"gcfv2","region":["europe-west1"],"labels":{},"httpsTrigger":{},"entryPoint":"ssrgastroo4f0a3"}},"specVersion":"v1alpha1","requiredAPIs":[],"extensions":{}}
[info] i  extensions: ensuring required API firebaseextensions.googleapis.com is enabled... 
[debug] [2025-08-12T16:33:18.919Z] > command requires scopes: ["email","openid","https://www.googleapis.com/auth/cloudplatformprojects.readonly","https://www.googleapis.com/auth/firebase","https://www.googleapis.com/auth/cloud-platform"]
[debug] [2025-08-12T16:33:18.919Z] > authorizing via signed-in user (mierzej.it@gmail.com)
[debug] [2025-08-12T16:33:18.919Z] [iam] checking project gastroo-4f0a3 for permissions ["firebase.projects.get","firebaseextensions.instances.list"]
[debug] [2025-08-12T16:33:18.919Z] Checked if tokens are valid: true, expires at: 1755017641897
[debug] [2025-08-12T16:33:18.919Z] Checked if tokens are valid: true, expires at: 1755017641897
[debug] [2025-08-12T16:33:18.920Z] >>> [apiv2][query] POST https://cloudresourcemanager.googleapis.com/v1/projects/gastroo-4f0a3:testIamPermissions [none]
[debug] [2025-08-12T16:33:18.920Z] >>> [apiv2][(partial)header] POST https://cloudresourcemanager.googleapis.com/v1/projects/gastroo-4f0a3:testIamPermissions x-goog-quota-user=projects/gastroo-4f0a3
[debug] [2025-08-12T16:33:18.920Z] >>> [apiv2][body] POST https://cloudresourcemanager.googleapis.com/v1/projects/gastroo-4f0a3:testIamPermissions {"permissions":["firebase.projects.get","firebaseextensions.instances.list"]}
[debug] [2025-08-12T16:33:19.700Z] <<< [apiv2][status] POST https://cloudresourcemanager.googleapis.com/v1/projects/gastroo-4f0a3:testIamPermissions 200
[debug] [2025-08-12T16:33:19.700Z] <<< [apiv2][body] POST https://cloudresourcemanager.googleapis.com/v1/projects/gastroo-4f0a3:testIamPermissions {"permissions":["firebase.projects.get","firebaseextensions.instances.list"]}
[debug] [2025-08-12T16:33:19.701Z] Checked if tokens are valid: true, expires at: 1755017641897
[debug] [2025-08-12T16:33:19.701Z] Checked if tokens are valid: true, expires at: 1755017641897
[debug] [2025-08-12T16:33:19.701Z] >>> [apiv2][query] GET https://firebaseextensions.googleapis.com/v1beta/projects/gastroo-4f0a3/instances pageSize=100&pageToken=
[debug] [2025-08-12T16:33:21.566Z] <<< [apiv2][status] GET https://firebaseextensions.googleapis.com/v1beta/projects/gastroo-4f0a3/instances 200
[debug] [2025-08-12T16:33:21.566Z] <<< [apiv2][body] GET https://firebaseextensions.googleapis.com/v1beta/projects/gastroo-4f0a3/instances {}
[info] i  functions: Loaded environment variables from .env. 
[info] i  functions: preparing .firebase/gastroo-4f0a3/functions directory for uploading... 
[info] i  functions: packaged /Users/mmierzej/Desktop/code/gastroo-space/.firebase/gastroo-4f0a3/functions (8.87 MB) for uploading 
[debug] [2025-08-12T16:33:22.528Z] Checked if tokens are valid: true, expires at: 1755017641897
[debug] [2025-08-12T16:33:22.528Z] Checked if tokens are valid: true, expires at: 1755017641897
[debug] [2025-08-12T16:33:22.528Z] >>> [apiv2][query] GET https://cloudfunctions.googleapis.com/v1/projects/gastroo-4f0a3/locations/-/functions [none]
[debug] [2025-08-12T16:33:23.238Z] <<< [apiv2][status] GET https://cloudfunctions.googleapis.com/v1/projects/gastroo-4f0a3/locations/-/functions 200
[debug] [2025-08-12T16:33:23.239Z] <<< [apiv2][body] GET https://cloudfunctions.googleapis.com/v1/projects/gastroo-4f0a3/locations/-/functions {}
[debug] [2025-08-12T16:33:23.239Z] Checked if tokens are valid: true, expires at: 1755017641897
[debug] [2025-08-12T16:33:23.239Z] Checked if tokens are valid: true, expires at: 1755017641897
[debug] [2025-08-12T16:33:23.240Z] >>> [apiv2][query] GET https://cloudfunctions.googleapis.com/v2/projects/gastroo-4f0a3/locations/-/functions filter=environment%3D%22GEN_2%22
[debug] [2025-08-12T16:33:24.288Z] <<< [apiv2][status] GET https://cloudfunctions.googleapis.com/v2/projects/gastroo-4f0a3/locations/-/functions 200
[debug] [2025-08-12T16:33:24.288Z] <<< [apiv2][body] GET https://cloudfunctions.googleapis.com/v2/projects/gastroo-4f0a3/locations/-/functions {}
[info] i  functions: ensuring required API run.googleapis.com is enabled... 
[debug] [2025-08-12T16:33:24.291Z] Checked if tokens are valid: true, expires at: 1755017641897
[debug] [2025-08-12T16:33:24.291Z] Checked if tokens are valid: true, expires at: 1755017641897
[info] i  functions: ensuring required API eventarc.googleapis.com is enabled... 
[debug] [2025-08-12T16:33:24.292Z] Checked if tokens are valid: true, expires at: 1755017641897
[debug] [2025-08-12T16:33:24.292Z] Checked if tokens are valid: true, expires at: 1755017641897
[info] i  functions: ensuring required API pubsub.googleapis.com is enabled... 
[debug] [2025-08-12T16:33:24.292Z] Checked if tokens are valid: true, expires at: 1755017641897
[debug] [2025-08-12T16:33:24.292Z] Checked if tokens are valid: true, expires at: 1755017641897
[info] i  functions: ensuring required API storage.googleapis.com is enabled... 
[debug] [2025-08-12T16:33:24.292Z] Checked if tokens are valid: true, expires at: 1755017641897
[debug] [2025-08-12T16:33:24.292Z] Checked if tokens are valid: true, expires at: 1755017641897
[debug] [2025-08-12T16:33:24.292Z] >>> [apiv2][query] GET https://serviceusage.googleapis.com/v1/projects/880194074966/services/run.googleapis.com [none]
[debug] [2025-08-12T16:33:24.293Z] >>> [apiv2][(partial)header] GET https://serviceusage.googleapis.com/v1/projects/880194074966/services/run.googleapis.com x-goog-quota-user=projects/880194074966
[debug] [2025-08-12T16:33:24.294Z] >>> [apiv2][query] GET https://serviceusage.googleapis.com/v1/projects/880194074966/services/eventarc.googleapis.com [none]
[debug] [2025-08-12T16:33:24.295Z] >>> [apiv2][(partial)header] GET https://serviceusage.googleapis.com/v1/projects/880194074966/services/eventarc.googleapis.com x-goog-quota-user=projects/880194074966
[debug] [2025-08-12T16:33:24.296Z] >>> [apiv2][query] GET https://serviceusage.googleapis.com/v1/projects/880194074966/services/pubsub.googleapis.com [none]
[debug] [2025-08-12T16:33:24.296Z] >>> [apiv2][(partial)header] GET https://serviceusage.googleapis.com/v1/projects/880194074966/services/pubsub.googleapis.com x-goog-quota-user=projects/880194074966
[debug] [2025-08-12T16:33:24.299Z] >>> [apiv2][query] GET https://serviceusage.googleapis.com/v1/projects/880194074966/services/storage.googleapis.com [none]
[debug] [2025-08-12T16:33:24.299Z] >>> [apiv2][(partial)header] GET https://serviceusage.googleapis.com/v1/projects/880194074966/services/storage.googleapis.com x-goog-quota-user=projects/880194074966
[debug] [2025-08-12T16:33:25.244Z] <<< [apiv2][status] GET https://serviceusage.googleapis.com/v1/projects/880194074966/services/run.googleapis.com 200
[debug] [2025-08-12T16:33:25.245Z] <<< [apiv2][body] GET https://serviceusage.googleapis.com/v1/projects/880194074966/services/run.googleapis.com [omitted]
[info] ✔  functions: required API run.googleapis.com is enabled 
[debug] [2025-08-12T16:33:25.281Z] <<< [apiv2][status] GET https://serviceusage.googleapis.com/v1/projects/880194074966/services/eventarc.googleapis.com 200
[debug] [2025-08-12T16:33:25.282Z] <<< [apiv2][body] GET https://serviceusage.googleapis.com/v1/projects/880194074966/services/eventarc.googleapis.com [omitted]
[warn] ⚠  functions: missing required API eventarc.googleapis.com. Enabling now... 
[debug] [2025-08-12T16:33:25.282Z] Checked if tokens are valid: true, expires at: 1755017641897
[debug] [2025-08-12T16:33:25.282Z] Checked if tokens are valid: true, expires at: 1755017641897
[debug] [2025-08-12T16:33:25.282Z] >>> [apiv2][query] POST https://serviceusage.googleapis.com/v1/projects/880194074966/services/eventarc.googleapis.com:enable [none]
[debug] [2025-08-12T16:33:25.282Z] >>> [apiv2][(partial)header] POST https://serviceusage.googleapis.com/v1/projects/880194074966/services/eventarc.googleapis.com:enable x-goog-quota-user=projects/880194074966
[debug] [2025-08-12T16:33:25.283Z] <<< [apiv2][status] GET https://serviceusage.googleapis.com/v1/projects/880194074966/services/pubsub.googleapis.com 200
[debug] [2025-08-12T16:33:25.284Z] <<< [apiv2][body] GET https://serviceusage.googleapis.com/v1/projects/880194074966/services/pubsub.googleapis.com [omitted]
[info] ✔  functions: required API pubsub.googleapis.com is enabled 
[debug] [2025-08-12T16:33:25.301Z] <<< [apiv2][status] GET https://serviceusage.googleapis.com/v1/projects/880194074966/services/storage.googleapis.com 200
[debug] [2025-08-12T16:33:25.301Z] <<< [apiv2][body] GET https://serviceusage.googleapis.com/v1/projects/880194074966/services/storage.googleapis.com [omitted]
[info] ✔  functions: required API storage.googleapis.com is enabled 
[debug] [2025-08-12T16:33:26.618Z] <<< [apiv2][status] POST https://serviceusage.googleapis.com/v1/projects/880194074966/services/eventarc.googleapis.com:enable 200
[debug] [2025-08-12T16:33:26.618Z] <<< [apiv2][body] POST https://serviceusage.googleapis.com/v1/projects/880194074966/services/eventarc.googleapis.com:enable [omitted]
[info] i  functions: generating the service identity for pubsub.googleapis.com... 
[debug] [2025-08-12T16:33:36.635Z] Checked if tokens are valid: true, expires at: 1755017641897
[debug] [2025-08-12T16:33:36.635Z] Checked if tokens are valid: true, expires at: 1755017641897
[info] i  functions: generating the service identity for eventarc.googleapis.com... 
[debug] [2025-08-12T16:33:36.635Z] Checked if tokens are valid: true, expires at: 1755017641897
[debug] [2025-08-12T16:33:36.635Z] Checked if tokens are valid: true, expires at: 1755017641897
[debug] [2025-08-12T16:33:36.635Z] >>> [apiv2][query] POST https://serviceusage.googleapis.com/v1beta1/projects/880194074966/services/pubsub.googleapis.com:generateServiceIdentity [none]
[debug] [2025-08-12T16:33:36.635Z] >>> [apiv2][(partial)header] POST https://serviceusage.googleapis.com/v1beta1/projects/880194074966/services/pubsub.googleapis.com:generateServiceIdentity x-goog-quota-user=projects/880194074966
[debug] [2025-08-12T16:33:36.636Z] >>> [apiv2][body] POST https://serviceusage.googleapis.com/v1beta1/projects/880194074966/services/pubsub.googleapis.com:generateServiceIdentity {}
[debug] [2025-08-12T16:33:36.638Z] >>> [apiv2][query] POST https://serviceusage.googleapis.com/v1beta1/projects/880194074966/services/eventarc.googleapis.com:generateServiceIdentity [none]
[debug] [2025-08-12T16:33:36.638Z] >>> [apiv2][(partial)header] POST https://serviceusage.googleapis.com/v1beta1/projects/880194074966/services/eventarc.googleapis.com:generateServiceIdentity x-goog-quota-user=projects/880194074966
[debug] [2025-08-12T16:33:36.638Z] >>> [apiv2][body] POST https://serviceusage.googleapis.com/v1beta1/projects/880194074966/services/eventarc.googleapis.com:generateServiceIdentity {}
[debug] [2025-08-12T16:33:37.830Z] <<< [apiv2][status] POST https://serviceusage.googleapis.com/v1beta1/projects/880194074966/services/eventarc.googleapis.com:generateServiceIdentity 200
[debug] [2025-08-12T16:33:37.830Z] <<< [apiv2][body] POST https://serviceusage.googleapis.com/v1beta1/projects/880194074966/services/eventarc.googleapis.com:generateServiceIdentity {"name":"operations/finished.DONE_OPERATION","done":true,"response":{"@type":"type.googleapis.com/google.api.serviceusage.v1beta1.ServiceIdentity","email":"service-880194074966@gcp-sa-eventarc.iam.gserviceaccount.com","uniqueId":"105826903991837812162"}}
[debug] [2025-08-12T16:33:37.842Z] <<< [apiv2][status] POST https://serviceusage.googleapis.com/v1beta1/projects/880194074966/services/pubsub.googleapis.com:generateServiceIdentity 200
[debug] [2025-08-12T16:33:37.842Z] <<< [apiv2][body] POST https://serviceusage.googleapis.com/v1beta1/projects/880194074966/services/pubsub.googleapis.com:generateServiceIdentity {"name":"operations/finished.DONE_OPERATION","done":true,"response":{"@type":"type.googleapis.com/google.api.serviceusage.v1beta1.ServiceIdentity","email":"service-880194074966@gcp-sa-pubsub.iam.gserviceaccount.com","uniqueId":"106479839242447083926"}}
[debug] [2025-08-12T16:33:37.845Z] Checked if tokens are valid: true, expires at: 1755017641897
[debug] [2025-08-12T16:33:37.845Z] Checked if tokens are valid: true, expires at: 1755017641897
[debug] [2025-08-12T16:33:37.846Z] >>> [apiv2][query] GET https://cloudresourcemanager.googleapis.com/v1/projects/gastroo-4f0a3 [none]
[debug] [2025-08-12T16:33:38.659Z] <<< [apiv2][status] GET https://cloudresourcemanager.googleapis.com/v1/projects/gastroo-4f0a3 200
[debug] [2025-08-12T16:33:38.659Z] <<< [apiv2][body] GET https://cloudresourcemanager.googleapis.com/v1/projects/gastroo-4f0a3 {"projectNumber":"880194074966","projectId":"gastroo-4f0a3","lifecycleState":"ACTIVE","name":"gastroo","labels":{"firebase":"enabled","firebase-core":"disabled"},"createTime":"2025-08-11T14:10:57.138710Z"}
[debug] [2025-08-12T16:33:38.660Z] Checked if tokens are valid: true, expires at: 1755017641897
[debug] [2025-08-12T16:33:38.660Z] Checked if tokens are valid: true, expires at: 1755017641897
[debug] [2025-08-12T16:33:38.660Z] >>> [apiv2][query] GET https://compute.googleapis.com/compute/v1/projects/880194074966 [none]
[debug] [2025-08-12T16:33:39.173Z] <<< [apiv2][status] GET https://compute.googleapis.com/compute/v1/projects/880194074966 200
[debug] [2025-08-12T16:33:39.173Z] <<< [apiv2][body] GET https://compute.googleapis.com/compute/v1/projects/880194074966 {"kind":"compute#project","id":"659783717903307624","creationTimestamp":"2025-08-12T05:03:19.709-07:00","name":"gastroo-4f0a3","commonInstanceMetadata":{"kind":"compute#metadata","fingerprint":"QbzJguxAoU4="},"quotas":[{"metric":"SNAPSHOTS","limit":1000,"usage":0},{"metric":"NETWORKS","limit":5,"usage":1},{"metric":"FIREWALLS","limit":100,"usage":4},{"metric":"IMAGES","limit":100,"usage":0},{"metric":"STATIC_ADDRESSES","limit":8,"usage":0},{"metric":"ROUTES","limit":200,"usage":0},{"metric":"FORWARDING_RULES","limit":15,"usage":0},{"metric":"TARGET_POOLS","limit":50,"usage":0},{"metric":"HEALTH_CHECKS","limit":75,"usage":0},{"metric":"IN_USE_ADDRESSES","limit":8,"usage":0},{"metric":"TARGET_INSTANCES","limit":50,"usage":0},{"metric":"TARGET_HTTP_PROXIES","limit":10,"usage":0},{"metric":"URL_MAPS","limit":10,"usage":0},{"metric":"BACKEND_SERVICES","limit":50,"usage":0},{"metric":"INSTANCE_TEMPLATES","limit":100,"usage":0},{"metric":"TARGET_VPN_GATEWAYS","limit":5,"usage":0},{"metric":"VPN_TUNNELS","limit":10,"usage":0},{"metric":"BACKEND_BUCKETS","limit":3,"usage":0},{"metric":"ROUTERS","limit":10,"usage":0},{"metric":"TARGET_SSL_PROXIES","limit":10,"usage":0},{"metric":"TARGET_HTTPS_PROXIES","limit":10,"usage":0},{"metric":"SSL_CERTIFICATES","limit":10,"usage":0},{"metric":"SUBNETWORKS","limit":100,"usage":0},{"metric":"TARGET_TCP_PROXIES","limit":10,"usage":0},{"metric":"CPUS_ALL_REGIONS","limit":32,"usage":0},{"metric":"SECURITY_POLICIES","limit":10,"usage":0},{"metric":"SECURITY_POLICY_RULES","limit":100,"usage":0},{"metric":"XPN_SERVICE_PROJECTS","limit":1000,"usage":0},{"metric":"PACKET_MIRRORINGS","limit":20,"usage":0},{"metric":"NETWORK_ENDPOINT_GROUPS","limit":100,"usage":0},{"metric":"INTERCONNECTS","limit":6,"usage":0},{"metric":"SSL_POLICIES","limit":10,"usage":0},{"metric":"GLOBAL_INTERNAL_ADDRESSES","limit":5000,"usage":0},{"metric":"VPN_GATEWAYS","limit":5,"usage":0},{"metric":"MACHINE_IMAGES","limit":100,"usage":0},{"metric":"SECURITY_POLICY_CEVAL_RULES","limit":20,"usage":0},{"metric":"GPUS_ALL_REGIONS","limit":0,"usage":0},{"metric":"EXTERNAL_VPN_GATEWAYS","limit":5,"usage":0},{"metric":"PUBLIC_ADVERTISED_PREFIXES","limit":1,"usage":0},{"metric":"PUBLIC_DELEGATED_PREFIXES","limit":10,"usage":0},{"metric":"STATIC_BYOIP_ADDRESSES","limit":128,"usage":0},{"metric":"NETWORK_FIREWALL_POLICIES","limit":10,"usage":0},{"metric":"INTERNAL_TRAFFIC_DIRECTOR_FORWARDING_RULES","limit":15,"usage":0},{"metric":"GLOBAL_EXTERNAL_MANAGED_FORWARDING_RULES","limit":15,"usage":0},{"metric":"GLOBAL_INTERNAL_MANAGED_BACKEND_SERVICES","limit":50,"usage":0},{"metric":"GLOBAL_EXTERNAL_MANAGED_BACKEND_SERVICES","limit":50,"usage":0},{"metric":"GLOBAL_EXTERNAL_PROXY_LB_BACKEND_SERVICES","limit":50,"usage":0},{"metric":"GLOBAL_INTERNAL_TRAFFIC_DIRECTOR_BACKEND_SERVICES","limit":250,"usage":0}],"selfLink":"https://www.googleapis.com/compute/v1/projects/gastroo-4f0a3","defaultServiceAccount":"880194074966-compute@developer.gserviceaccount.com","xpnProjectStatus":"UNSPECIFIED_XPN_PROJECT_STATUS","defaultNetworkTier":"PREMIUM","vmDnsSetting":"ZONAL_ONLY","cloudArmorTier":"CA_STANDARD"}
[debug] [2025-08-12T16:33:39.175Z] Checked if tokens are valid: true, expires at: 1755017641897
[debug] [2025-08-12T16:33:39.175Z] Checked if tokens are valid: true, expires at: 1755017641897
[debug] [2025-08-12T16:33:39.176Z] >>> [apiv2][query] POST https://firebasehosting.googleapis.com/v1beta1/projects/-/sites/gastroo-4f0a3/versions [none]
[debug] [2025-08-12T16:33:39.176Z] >>> [apiv2][body] POST https://firebasehosting.googleapis.com/v1beta1/projects/-/sites/gastroo-4f0a3/versions {"status":"CREATED","labels":{"deployment-tool":"cli-firebase","firebase-web-framework":"next_ssr"}}
[debug] [2025-08-12T16:33:40.860Z] <<< [apiv2][status] POST https://firebasehosting.googleapis.com/v1beta1/projects/-/sites/gastroo-4f0a3/versions 200
[debug] [2025-08-12T16:33:40.861Z] <<< [apiv2][body] POST https://firebasehosting.googleapis.com/v1beta1/projects/-/sites/gastroo-4f0a3/versions {"name":"projects/880194074966/sites/gastroo-4f0a3/versions/1c38c2c0df5e926d","status":"CREATED","config":{},"labels":{"deployment-tool":"cli-firebase","firebase-web-framework":"next_ssr"}}
[debug] [2025-08-12T16:33:40.862Z] Checked if tokens are valid: true, expires at: 1755017641897
[debug] [2025-08-12T16:33:40.862Z] Checked if tokens are valid: true, expires at: 1755017641897
[debug] [2025-08-12T16:33:40.862Z] >>> [apiv2][query] GET https://firebaseremoteconfig.googleapis.com/v1/projects/880194074966/remoteConfig 
[debug] [2025-08-12T16:33:41.244Z] <<< [apiv2][status] GET https://firebaseremoteconfig.googleapis.com/v1/projects/880194074966/remoteConfig 200
[debug] [2025-08-12T16:33:41.244Z] <<< [apiv2][body] GET https://firebaseremoteconfig.googleapis.com/v1/projects/880194074966/remoteConfig {}
[info] i  extensions: ensuring required API firebaseextensions.googleapis.com is enabled... 
[debug] [2025-08-12T16:33:41.245Z] > command requires scopes: ["email","openid","https://www.googleapis.com/auth/cloudplatformprojects.readonly","https://www.googleapis.com/auth/firebase","https://www.googleapis.com/auth/cloud-platform"]
[debug] [2025-08-12T16:33:41.245Z] > authorizing via signed-in user (mierzej.it@gmail.com)
[debug] [2025-08-12T16:33:41.246Z] [iam] checking project gastroo-4f0a3 for permissions ["firebase.projects.get","firebaseextensions.instances.list"]
[debug] [2025-08-12T16:33:41.246Z] Checked if tokens are valid: true, expires at: 1755017641897
[debug] [2025-08-12T16:33:41.246Z] Checked if tokens are valid: true, expires at: 1755017641897
[debug] [2025-08-12T16:33:41.246Z] >>> [apiv2][query] POST https://cloudresourcemanager.googleapis.com/v1/projects/gastroo-4f0a3:testIamPermissions [none]
[debug] [2025-08-12T16:33:41.246Z] >>> [apiv2][(partial)header] POST https://cloudresourcemanager.googleapis.com/v1/projects/gastroo-4f0a3:testIamPermissions x-goog-quota-user=projects/gastroo-4f0a3
[debug] [2025-08-12T16:33:41.246Z] >>> [apiv2][body] POST https://cloudresourcemanager.googleapis.com/v1/projects/gastroo-4f0a3:testIamPermissions {"permissions":["firebase.projects.get","firebaseextensions.instances.list"]}
[debug] [2025-08-12T16:33:41.412Z] <<< [apiv2][status] POST https://cloudresourcemanager.googleapis.com/v1/projects/gastroo-4f0a3:testIamPermissions 200
[debug] [2025-08-12T16:33:41.412Z] <<< [apiv2][body] POST https://cloudresourcemanager.googleapis.com/v1/projects/gastroo-4f0a3:testIamPermissions {"permissions":["firebase.projects.get","firebaseextensions.instances.list"]}
[debug] [2025-08-12T16:33:41.412Z] Checked if tokens are valid: true, expires at: 1755017641897
[debug] [2025-08-12T16:33:41.413Z] Checked if tokens are valid: true, expires at: 1755017641897
[debug] [2025-08-12T16:33:41.413Z] >>> [apiv2][query] GET https://firebaseextensions.googleapis.com/v1beta/projects/gastroo-4f0a3/instances pageSize=100&pageToken=
[debug] [2025-08-12T16:33:42.298Z] <<< [apiv2][status] GET https://firebaseextensions.googleapis.com/v1beta/projects/gastroo-4f0a3/instances 200
[debug] [2025-08-12T16:33:42.298Z] <<< [apiv2][body] GET https://firebaseextensions.googleapis.com/v1beta/projects/gastroo-4f0a3/instances {}
[info] i  extensions: ensuring required API compute.googleapis.com is enabled... 
[debug] [2025-08-12T16:33:42.300Z] Checked if tokens are valid: true, expires at: 1755017641897
[debug] [2025-08-12T16:33:42.300Z] Checked if tokens are valid: true, expires at: 1755017641897
[debug] [2025-08-12T16:33:42.300Z] >>> [apiv2][query] GET https://cloudresourcemanager.googleapis.com/v1/projects/gastroo-4f0a3 [none]
[debug] [2025-08-12T16:33:42.507Z] <<< [apiv2][status] GET https://cloudresourcemanager.googleapis.com/v1/projects/gastroo-4f0a3 200
[debug] [2025-08-12T16:33:42.507Z] <<< [apiv2][body] GET https://cloudresourcemanager.googleapis.com/v1/projects/gastroo-4f0a3 {"projectNumber":"880194074966","projectId":"gastroo-4f0a3","lifecycleState":"ACTIVE","name":"gastroo","labels":{"firebase":"enabled","firebase-core":"disabled"},"createTime":"2025-08-11T14:10:57.138710Z"}
[debug] [2025-08-12T16:33:42.507Z] Checked if tokens are valid: true, expires at: 1755017641897
[debug] [2025-08-12T16:33:42.507Z] Checked if tokens are valid: true, expires at: 1755017641897
[debug] [2025-08-12T16:33:42.507Z] >>> [apiv2][query] POST https://cloudresourcemanager.googleapis.com/v1/projects/gastroo-4f0a3:getIamPolicy [none]
[debug] [2025-08-12T16:33:43.153Z] <<< [apiv2][status] POST https://cloudresourcemanager.googleapis.com/v1/projects/gastroo-4f0a3:getIamPolicy 200
[debug] [2025-08-12T16:33:43.153Z] <<< [apiv2][body] POST https://cloudresourcemanager.googleapis.com/v1/projects/gastroo-4f0a3:getIamPolicy {"version":1,"etag":"BwY8LZkvx7Q=","bindings":[{"role":"roles/cloudbuild.builds.builder","members":["serviceAccount:880194074966@cloudbuild.gserviceaccount.com"]},{"role":"roles/cloudbuild.serviceAgent","members":["serviceAccount:service-880194074966@gcp-sa-cloudbuild.iam.gserviceaccount.com"]},{"role":"roles/cloudfunctions.developer","members":["serviceAccount:github-action-1036648148@gastroo-4f0a3.iam.gserviceaccount.com"]},{"role":"roles/cloudfunctions.serviceAgent","members":["serviceAccount:service-880194074966@gcf-admin-robot.iam.gserviceaccount.com"]},{"role":"roles/compute.serviceAgent","members":["serviceAccount:service-880194074966@compute-system.iam.gserviceaccount.com"]},{"role":"roles/containerregistry.ServiceAgent","members":["serviceAccount:service-880194074966@containerregistry.iam.gserviceaccount.com"]},{"role":"roles/developerconnect.readTokenAccessor","members":["serviceAccount:firebase-app-hosting-compute@gastroo-4f0a3.iam.gserviceaccount.com"]},{"role":"roles/editor","members":["serviceAccount:880194074966-compute@developer.gserviceaccount.com","serviceAccount:880194074966@cloudservices.gserviceaccount.com","serviceAccount:gastroo-4f0a3@appspot.gserviceaccount.com"]},{"role":"roles/firebase.managementServiceAgent","members":["serviceAccount:service-880194074966@gcp-sa-firebase.iam.gserviceaccount.com"]},{"role":"roles/firebase.sdkAdminServiceAgent","members":["serviceAccount:firebase-adminsdk-fbsvc@gastroo-4f0a3.iam.gserviceaccount.com","serviceAccount:firebase-app-hosting-compute@gastroo-4f0a3.iam.gserviceaccount.com"]},{"role":"roles/firebaseapphosting.computeRunner","members":["serviceAccount:firebase-app-hosting-compute@gastroo-4f0a3.iam.gserviceaccount.com"]},{"role":"roles/firebaseapphosting.serviceAgent","members":["serviceAccount:service-880194074966@gcp-sa-firebaseapphosting.iam.gserviceaccount.com"]},{"role":"roles/firebaseauth.admin","members":["serviceAccount:github-action-1036648148@gastroo-4f0a3.iam.gserviceaccount.com"]},{"role":"roles/firebasehosting.admin","members":["serviceAccount:github-action-1036648148@gastroo-4f0a3.iam.gserviceaccount.com"]},{"role":"roles/firebasemods.serviceAgent","members":["serviceAccount:service-880194074966@gcp-sa-firebasemods.iam.gserviceaccount.com"]},{"role":"roles/firebasestorage.serviceAgent","members":["serviceAccount:service-880194074966@gcp-sa-firebasestorage.iam.gserviceaccount.com"]},{"role":"roles/iam.serviceAccountTokenCreator","members":["serviceAccount:firebase-adminsdk-fbsvc@gastroo-4f0a3.iam.gserviceaccount.com"]},{"role":"roles/owner","members":["user:mierzej.it@gmail.com"]},{"role":"roles/run.serviceAgent","members":["serviceAccount:service-880194074966@serverless-robot-prod.iam.gserviceaccount.com"]},{"role":"roles/run.viewer","members":["serviceAccount:github-action-1036648148@gastroo-4f0a3.iam.gserviceaccount.com"]},{"role":"roles/serviceusage.apiKeysViewer","members":["serviceAccount:github-action-1036648148@gastroo-4f0a3.iam.gserviceaccount.com"]},{"role":"roles/serviceusage.serviceUsageConsumer","members":["serviceAccount:github-action-1036648148@gastroo-4f0a3.iam.gserviceaccount.com"]},{"role":"roles/storage.admin","members":["serviceAccount:firebase-adminsdk-fbsvc@gastroo-4f0a3.iam.gserviceaccount.com"]},{"role":"roles/storage.objectViewer","members":["serviceAccount:firebase-app-hosting-compute@gastroo-4f0a3.iam.gserviceaccount.com"]}]}
[debug] [2025-08-12T16:33:43.153Z] Firebase Extensions Service Agent is missing a required IAM role `Firebase Extensions API Service Agent`.
[debug] [2025-08-12T16:33:43.154Z] Checked if tokens are valid: true, expires at: 1755017641897
[debug] [2025-08-12T16:33:43.154Z] Checked if tokens are valid: true, expires at: 1755017641897
[debug] [2025-08-12T16:33:43.154Z] >>> [apiv2][query] POST https://cloudresourcemanager.googleapis.com/v1/projects/gastroo-4f0a3:setIamPolicy [none]
[debug] [2025-08-12T16:33:43.154Z] >>> [apiv2][body] POST https://cloudresourcemanager.googleapis.com/v1/projects/gastroo-4f0a3:setIamPolicy {"policy":{"version":1,"etag":"BwY8LZkvx7Q=","bindings":[{"role":"roles/cloudbuild.builds.builder","members":["serviceAccount:880194074966@cloudbuild.gserviceaccount.com"]},{"role":"roles/cloudbuild.serviceAgent","members":["serviceAccount:service-880194074966@gcp-sa-cloudbuild.iam.gserviceaccount.com"]},{"role":"roles/cloudfunctions.developer","members":["serviceAccount:github-action-1036648148@gastroo-4f0a3.iam.gserviceaccount.com"]},{"role":"roles/cloudfunctions.serviceAgent","members":["serviceAccount:service-880194074966@gcf-admin-robot.iam.gserviceaccount.com"]},{"role":"roles/compute.serviceAgent","members":["serviceAccount:service-880194074966@compute-system.iam.gserviceaccount.com"]},{"role":"roles/containerregistry.ServiceAgent","members":["serviceAccount:service-880194074966@containerregistry.iam.gserviceaccount.com"]},{"role":"roles/developerconnect.readTokenAccessor","members":["serviceAccount:firebase-app-hosting-compute@gastroo-4f0a3.iam.gserviceaccount.com"]},{"role":"roles/editor","members":["serviceAccount:880194074966-compute@developer.gserviceaccount.com","serviceAccount:880194074966@cloudservices.gserviceaccount.com","serviceAccount:gastroo-4f0a3@appspot.gserviceaccount.com"]},{"role":"roles/firebase.managementServiceAgent","members":["serviceAccount:service-880194074966@gcp-sa-firebase.iam.gserviceaccount.com"]},{"role":"roles/firebase.sdkAdminServiceAgent","members":["serviceAccount:firebase-adminsdk-fbsvc@gastroo-4f0a3.iam.gserviceaccount.com","serviceAccount:firebase-app-hosting-compute@gastroo-4f0a3.iam.gserviceaccount.com"]},{"role":"roles/firebaseapphosting.computeRunner","members":["serviceAccount:firebase-app-hosting-compute@gastroo-4f0a3.iam.gserviceaccount.com"]},{"role":"roles/firebaseapphosting.serviceAgent","members":["serviceAccount:service-880194074966@gcp-sa-firebaseapphosting.iam.gserviceaccount.com"]},{"role":"roles/firebaseauth.admin","members":["serviceAccount:github-action-1036648148@gastroo-4f0a3.iam.gserviceaccount.com"]},{"role":"roles/firebasehosting.admin","members":["serviceAccount:github-action-1036648148@gastroo-4f0a3.iam.gserviceaccount.com"]},{"role":"roles/firebasemods.serviceAgent","members":["serviceAccount:service-880194074966@gcp-sa-firebasemods.iam.gserviceaccount.com"]},{"role":"roles/firebasestorage.serviceAgent","members":["serviceAccount:service-880194074966@gcp-sa-firebasestorage.iam.gserviceaccount.com"]},{"role":"roles/iam.serviceAccountTokenCreator","members":["serviceAccount:firebase-adminsdk-fbsvc@gastroo-4f0a3.iam.gserviceaccount.com"]},{"role":"roles/owner","members":["user:mierzej.it@gmail.com"]},{"role":"roles/run.serviceAgent","members":["serviceAccount:service-880194074966@serverless-robot-prod.iam.gserviceaccount.com"]},{"role":"roles/run.viewer","members":["serviceAccount:github-action-1036648148@gastroo-4f0a3.iam.gserviceaccount.com"]},{"role":"roles/serviceusage.apiKeysViewer","members":["serviceAccount:github-action-1036648148@gastroo-4f0a3.iam.gserviceaccount.com"]},{"role":"roles/serviceusage.serviceUsageConsumer","members":["serviceAccount:github-action-1036648148@gastroo-4f0a3.iam.gserviceaccount.com"]},{"role":"roles/storage.admin","members":["serviceAccount:firebase-adminsdk-fbsvc@gastroo-4f0a3.iam.gserviceaccount.com"]},{"role":"roles/storage.objectViewer","members":["serviceAccount:firebase-app-hosting-compute@gastroo-4f0a3.iam.gserviceaccount.com"]},{"role":"roles/eventarc.eventReceiver","members":["serviceAccount:880194074966-compute@developer.gserviceaccount.com"]}]},"updateMask":"bindings"}
[debug] [2025-08-12T16:33:44.122Z] <<< [apiv2][status] POST https://cloudresourcemanager.googleapis.com/v1/projects/gastroo-4f0a3:setIamPolicy 200
[debug] [2025-08-12T16:33:44.122Z] <<< [apiv2][body] POST https://cloudresourcemanager.googleapis.com/v1/projects/gastroo-4f0a3:setIamPolicy {"version":1,"etag":"BwY8LZqITd4=","bindings":[{"role":"roles/cloudbuild.builds.builder","members":["serviceAccount:880194074966@cloudbuild.gserviceaccount.com"]},{"role":"roles/cloudbuild.serviceAgent","members":["serviceAccount:service-880194074966@gcp-sa-cloudbuild.iam.gserviceaccount.com"]},{"role":"roles/cloudfunctions.developer","members":["serviceAccount:github-action-1036648148@gastroo-4f0a3.iam.gserviceaccount.com"]},{"role":"roles/cloudfunctions.serviceAgent","members":["serviceAccount:service-880194074966@gcf-admin-robot.iam.gserviceaccount.com"]},{"role":"roles/compute.serviceAgent","members":["serviceAccount:service-880194074966@compute-system.iam.gserviceaccount.com"]},{"role":"roles/containerregistry.ServiceAgent","members":["serviceAccount:service-880194074966@containerregistry.iam.gserviceaccount.com"]},{"role":"roles/developerconnect.readTokenAccessor","members":["serviceAccount:firebase-app-hosting-compute@gastroo-4f0a3.iam.gserviceaccount.com"]},{"role":"roles/editor","members":["serviceAccount:880194074966-compute@developer.gserviceaccount.com","serviceAccount:880194074966@cloudservices.gserviceaccount.com","serviceAccount:gastroo-4f0a3@appspot.gserviceaccount.com"]},{"role":"roles/eventarc.eventReceiver","members":["serviceAccount:880194074966-compute@developer.gserviceaccount.com"]},{"role":"roles/firebase.managementServiceAgent","members":["serviceAccount:service-880194074966@gcp-sa-firebase.iam.gserviceaccount.com"]},{"role":"roles/firebase.sdkAdminServiceAgent","members":["serviceAccount:firebase-adminsdk-fbsvc@gastroo-4f0a3.iam.gserviceaccount.com","serviceAccount:firebase-app-hosting-compute@gastroo-4f0a3.iam.gserviceaccount.com"]},{"role":"roles/firebaseapphosting.computeRunner","members":["serviceAccount:firebase-app-hosting-compute@gastroo-4f0a3.iam.gserviceaccount.com"]},{"role":"roles/firebaseapphosting.serviceAgent","members":["serviceAccount:service-880194074966@gcp-sa-firebaseapphosting.iam.gserviceaccount.com"]},{"role":"roles/firebaseauth.admin","members":["serviceAccount:github-action-1036648148@gastroo-4f0a3.iam.gserviceaccount.com"]},{"role":"roles/firebasehosting.admin","members":["serviceAccount:github-action-1036648148@gastroo-4f0a3.iam.gserviceaccount.com"]},{"role":"roles/firebasemods.serviceAgent","members":["serviceAccount:service-880194074966@gcp-sa-firebasemods.iam.gserviceaccount.com"]},{"role":"roles/firebasestorage.serviceAgent","members":["serviceAccount:service-880194074966@gcp-sa-firebasestorage.iam.gserviceaccount.com"]},{"role":"roles/iam.serviceAccountTokenCreator","members":["serviceAccount:firebase-adminsdk-fbsvc@gastroo-4f0a3.iam.gserviceaccount.com"]},{"role":"roles/owner","members":["user:mierzej.it@gmail.com"]},{"role":"roles/run.serviceAgent","members":["serviceAccount:service-880194074966@serverless-robot-prod.iam.gserviceaccount.com"]},{"role":"roles/run.viewer","members":["serviceAccount:github-action-1036648148@gastroo-4f0a3.iam.gserviceaccount.com"]},{"role":"roles/serviceusage.apiKeysViewer","members":["serviceAccount:github-action-1036648148@gastroo-4f0a3.iam.gserviceaccount.com"]},{"role":"roles/serviceusage.serviceUsageConsumer","members":["serviceAccount:github-action-1036648148@gastroo-4f0a3.iam.gserviceaccount.com"]},{"role":"roles/storage.admin","members":["serviceAccount:firebase-adminsdk-fbsvc@gastroo-4f0a3.iam.gserviceaccount.com"]},{"role":"roles/storage.objectViewer","members":["serviceAccount:firebase-app-hosting-compute@gastroo-4f0a3.iam.gserviceaccount.com"]}]}
[debug] [2025-08-12T16:33:44.123Z] Compute Service API Agent IAM policy updated successfully
[debug] [2025-08-12T16:33:44.123Z] > command requires scopes: ["email","openid","https://www.googleapis.com/auth/cloudplatformprojects.readonly","https://www.googleapis.com/auth/firebase","https://www.googleapis.com/auth/cloud-platform"]
[debug] [2025-08-12T16:33:44.124Z] > authorizing via signed-in user (mierzej.it@gmail.com)
[debug] [2025-08-12T16:33:44.124Z] [iam] checking project gastroo-4f0a3 for permissions ["firebase.projects.get"]
[debug] [2025-08-12T16:33:44.124Z] Checked if tokens are valid: true, expires at: 1755017641897
[debug] [2025-08-12T16:33:44.124Z] Checked if tokens are valid: true, expires at: 1755017641897
[debug] [2025-08-12T16:33:44.124Z] >>> [apiv2][query] POST https://cloudresourcemanager.googleapis.com/v1/projects/gastroo-4f0a3:testIamPermissions [none]
[debug] [2025-08-12T16:33:44.124Z] >>> [apiv2][(partial)header] POST https://cloudresourcemanager.googleapis.com/v1/projects/gastroo-4f0a3:testIamPermissions x-goog-quota-user=projects/gastroo-4f0a3
[debug] [2025-08-12T16:33:44.124Z] >>> [apiv2][body] POST https://cloudresourcemanager.googleapis.com/v1/projects/gastroo-4f0a3:testIamPermissions {"permissions":["firebase.projects.get"]}
[debug] [2025-08-12T16:33:44.294Z] <<< [apiv2][status] POST https://cloudresourcemanager.googleapis.com/v1/projects/gastroo-4f0a3:testIamPermissions 200
[debug] [2025-08-12T16:33:44.294Z] <<< [apiv2][body] POST https://cloudresourcemanager.googleapis.com/v1/projects/gastroo-4f0a3:testIamPermissions {"permissions":["firebase.projects.get"]}
[debug] [2025-08-12T16:33:44.294Z] Checking if latest AppDeveloper TOS has been accepted by gastroo-4f0a3...
[info] i  extensions: By installing an extension instance onto a Firebase project, you accept the Firebase Extensions User Terms of Service: https://firebase.google.com/terms/extensions/user 
[debug] [2025-08-12T16:33:44.295Z] Checked if tokens are valid: true, expires at: 1755017641897
[debug] [2025-08-12T16:33:44.295Z] Checked if tokens are valid: true, expires at: 1755017641897
[debug] [2025-08-12T16:33:44.295Z] >>> [apiv2][query] GET https://firebaseextensionstos-pa.googleapis.com/v1/projects/gastroo-4f0a3/appdevtos [none]
[debug] [2025-08-12T16:33:45.174Z] <<< [apiv2][status] GET https://firebaseextensionstos-pa.googleapis.com/v1/projects/gastroo-4f0a3/appdevtos 200
[debug] [2025-08-12T16:33:45.174Z] <<< [apiv2][body] GET https://firebaseextensionstos-pa.googleapis.com/v1/projects/gastroo-4f0a3/appdevtos {"name":"projects/gastroo-4f0a3/appdevtos","latestTosVersion":"v1"}
[debug] [2025-08-12T16:34:02.515Z] Checked if tokens are valid: true, expires at: 1755017641897
[debug] [2025-08-12T16:34:02.515Z] Checked if tokens are valid: true, expires at: 1755017641897
[debug] [2025-08-12T16:34:02.515Z] >>> [apiv2][query] POST https://iam.googleapis.com/v1/projects/gastroo-4f0a3/serviceAccounts/firebase-app-hosting-compute@gastroo-4f0a3.iam.gserviceaccount.com:testIamPermissions [none]
[debug] [2025-08-12T16:34:02.515Z] >>> [apiv2][(partial)header] POST https://iam.googleapis.com/v1/projects/gastroo-4f0a3/serviceAccounts/firebase-app-hosting-compute@gastroo-4f0a3.iam.gserviceaccount.com:testIamPermissions x-goog-quota-user=projects/gastroo-4f0a3
[debug] [2025-08-12T16:34:02.515Z] >>> [apiv2][body] POST https://iam.googleapis.com/v1/projects/gastroo-4f0a3/serviceAccounts/firebase-app-hosting-compute@gastroo-4f0a3.iam.gserviceaccount.com:testIamPermissions {"permissions":["iam.serviceAccounts.actAs"]}
[debug] [2025-08-12T16:34:03.302Z] <<< [apiv2][status] POST https://iam.googleapis.com/v1/projects/gastroo-4f0a3/serviceAccounts/firebase-app-hosting-compute@gastroo-4f0a3.iam.gserviceaccount.com:testIamPermissions 200
[debug] [2025-08-12T16:34:03.303Z] <<< [apiv2][body] POST https://iam.googleapis.com/v1/projects/gastroo-4f0a3/serviceAccounts/firebase-app-hosting-compute@gastroo-4f0a3.iam.gserviceaccount.com:testIamPermissions {"permissions":["iam.serviceAccounts.actAs"]}
[debug] [2025-08-12T16:34:03.303Z] Checked if tokens are valid: true, expires at: 1755017641897
[debug] [2025-08-12T16:34:03.303Z] Checked if tokens are valid: true, expires at: 1755017641897
[debug] [2025-08-12T16:34:03.303Z] >>> [apiv2][query] POST https://iam.googleapis.com/v1/projects/gastroo-4f0a3/serviceAccounts [none]
[debug] [2025-08-12T16:34:03.304Z] >>> [apiv2][body] POST https://iam.googleapis.com/v1/projects/gastroo-4f0a3/serviceAccounts {"accountId":"firebase-app-hosting-compute","serviceAccount":{"displayName":"Firebase App Hosting compute service account","description":"Default service account used to run builds and deploys for Firebase App Hosting"}}
[debug] [2025-08-12T16:34:03.765Z] <<< [apiv2][status] POST https://iam.googleapis.com/v1/projects/gastroo-4f0a3/serviceAccounts 409
[debug] [2025-08-12T16:34:03.765Z] <<< [apiv2][body] POST https://iam.googleapis.com/v1/projects/gastroo-4f0a3/serviceAccounts [omitted]
[debug] [2025-08-12T16:34:03.766Z] Checked if tokens are valid: true, expires at: 1755017641897
[debug] [2025-08-12T16:34:03.766Z] Checked if tokens are valid: true, expires at: 1755017641897
[debug] [2025-08-12T16:34:03.766Z] >>> [apiv2][query] POST https://cloudresourcemanager.googleapis.com/v1/projects/gastroo-4f0a3:getIamPolicy [none]
[debug] [2025-08-12T16:34:04.852Z] <<< [apiv2][status] POST https://cloudresourcemanager.googleapis.com/v1/projects/gastroo-4f0a3:getIamPolicy 200
[debug] [2025-08-12T16:34:04.852Z] <<< [apiv2][body] POST https://cloudresourcemanager.googleapis.com/v1/projects/gastroo-4f0a3:getIamPolicy {"version":1,"etag":"BwY8LZqITd4=","bindings":[{"role":"roles/cloudbuild.builds.builder","members":["serviceAccount:880194074966@cloudbuild.gserviceaccount.com"]},{"role":"roles/cloudbuild.serviceAgent","members":["serviceAccount:service-880194074966@gcp-sa-cloudbuild.iam.gserviceaccount.com"]},{"role":"roles/cloudfunctions.developer","members":["serviceAccount:github-action-1036648148@gastroo-4f0a3.iam.gserviceaccount.com"]},{"role":"roles/cloudfunctions.serviceAgent","members":["serviceAccount:service-880194074966@gcf-admin-robot.iam.gserviceaccount.com"]},{"role":"roles/compute.serviceAgent","members":["serviceAccount:service-880194074966@compute-system.iam.gserviceaccount.com"]},{"role":"roles/containerregistry.ServiceAgent","members":["serviceAccount:service-880194074966@containerregistry.iam.gserviceaccount.com"]},{"role":"roles/developerconnect.readTokenAccessor","members":["serviceAccount:firebase-app-hosting-compute@gastroo-4f0a3.iam.gserviceaccount.com"]},{"role":"roles/editor","members":["serviceAccount:880194074966-compute@developer.gserviceaccount.com","serviceAccount:880194074966@cloudservices.gserviceaccount.com","serviceAccount:gastroo-4f0a3@appspot.gserviceaccount.com"]},{"role":"roles/eventarc.eventReceiver","members":["serviceAccount:880194074966-compute@developer.gserviceaccount.com"]},{"role":"roles/firebase.managementServiceAgent","members":["serviceAccount:service-880194074966@gcp-sa-firebase.iam.gserviceaccount.com"]},{"role":"roles/firebase.sdkAdminServiceAgent","members":["serviceAccount:firebase-adminsdk-fbsvc@gastroo-4f0a3.iam.gserviceaccount.com","serviceAccount:firebase-app-hosting-compute@gastroo-4f0a3.iam.gserviceaccount.com"]},{"role":"roles/firebaseapphosting.computeRunner","members":["serviceAccount:firebase-app-hosting-compute@gastroo-4f0a3.iam.gserviceaccount.com"]},{"role":"roles/firebaseapphosting.serviceAgent","members":["serviceAccount:service-880194074966@gcp-sa-firebaseapphosting.iam.gserviceaccount.com"]},{"role":"roles/firebaseauth.admin","members":["serviceAccount:github-action-1036648148@gastroo-4f0a3.iam.gserviceaccount.com"]},{"role":"roles/firebasehosting.admin","members":["serviceAccount:github-action-1036648148@gastroo-4f0a3.iam.gserviceaccount.com"]},{"role":"roles/firebasemods.serviceAgent","members":["serviceAccount:service-880194074966@gcp-sa-firebasemods.iam.gserviceaccount.com"]},{"role":"roles/firebasestorage.serviceAgent","members":["serviceAccount:service-880194074966@gcp-sa-firebasestorage.iam.gserviceaccount.com"]},{"role":"roles/iam.serviceAccountTokenCreator","members":["serviceAccount:firebase-adminsdk-fbsvc@gastroo-4f0a3.iam.gserviceaccount.com"]},{"role":"roles/owner","members":["user:mierzej.it@gmail.com"]},{"role":"roles/run.serviceAgent","members":["serviceAccount:service-880194074966@serverless-robot-prod.iam.gserviceaccount.com"]},{"role":"roles/run.viewer","members":["serviceAccount:github-action-1036648148@gastroo-4f0a3.iam.gserviceaccount.com"]},{"role":"roles/serviceusage.apiKeysViewer","members":["serviceAccount:github-action-1036648148@gastroo-4f0a3.iam.gserviceaccount.com"]},{"role":"roles/serviceusage.serviceUsageConsumer","members":["serviceAccount:github-action-1036648148@gastroo-4f0a3.iam.gserviceaccount.com"]},{"role":"roles/storage.admin","members":["serviceAccount:firebase-adminsdk-fbsvc@gastroo-4f0a3.iam.gserviceaccount.com"]},{"role":"roles/storage.objectViewer","members":["serviceAccount:firebase-app-hosting-compute@gastroo-4f0a3.iam.gserviceaccount.com"]}]}
[debug] [2025-08-12T16:34:04.852Z] Checked if tokens are valid: true, expires at: 1755017641897
[debug] [2025-08-12T16:34:04.853Z] Checked if tokens are valid: true, expires at: 1755017641897
[debug] [2025-08-12T16:34:04.853Z] >>> [apiv2][query] POST https://cloudresourcemanager.googleapis.com/v1/projects/gastroo-4f0a3:setIamPolicy [none]
[debug] [2025-08-12T16:34:04.853Z] >>> [apiv2][body] POST https://cloudresourcemanager.googleapis.com/v1/projects/gastroo-4f0a3:setIamPolicy {"policy":{"version":1,"etag":"BwY8LZqITd4=","bindings":[{"role":"roles/cloudbuild.builds.builder","members":["serviceAccount:880194074966@cloudbuild.gserviceaccount.com"]},{"role":"roles/cloudbuild.serviceAgent","members":["serviceAccount:service-880194074966@gcp-sa-cloudbuild.iam.gserviceaccount.com"]},{"role":"roles/cloudfunctions.developer","members":["serviceAccount:github-action-1036648148@gastroo-4f0a3.iam.gserviceaccount.com"]},{"role":"roles/cloudfunctions.serviceAgent","members":["serviceAccount:service-880194074966@gcf-admin-robot.iam.gserviceaccount.com"]},{"role":"roles/compute.serviceAgent","members":["serviceAccount:service-880194074966@compute-system.iam.gserviceaccount.com"]},{"role":"roles/containerregistry.ServiceAgent","members":["serviceAccount:service-880194074966@containerregistry.iam.gserviceaccount.com"]},{"role":"roles/developerconnect.readTokenAccessor","members":["serviceAccount:firebase-app-hosting-compute@gastroo-4f0a3.iam.gserviceaccount.com"]},{"role":"roles/editor","members":["serviceAccount:880194074966-compute@developer.gserviceaccount.com","serviceAccount:880194074966@cloudservices.gserviceaccount.com","serviceAccount:gastroo-4f0a3@appspot.gserviceaccount.com"]},{"role":"roles/eventarc.eventReceiver","members":["serviceAccount:880194074966-compute@developer.gserviceaccount.com"]},{"role":"roles/firebase.managementServiceAgent","members":["serviceAccount:service-880194074966@gcp-sa-firebase.iam.gserviceaccount.com"]},{"role":"roles/firebase.sdkAdminServiceAgent","members":["serviceAccount:firebase-adminsdk-fbsvc@gastroo-4f0a3.iam.gserviceaccount.com","serviceAccount:firebase-app-hosting-compute@gastroo-4f0a3.iam.gserviceaccount.com"]},{"role":"roles/firebaseapphosting.computeRunner","members":["serviceAccount:firebase-app-hosting-compute@gastroo-4f0a3.iam.gserviceaccount.com"]},{"role":"roles/firebaseapphosting.serviceAgent","members":["serviceAccount:service-880194074966@gcp-sa-firebaseapphosting.iam.gserviceaccount.com"]},{"role":"roles/firebaseauth.admin","members":["serviceAccount:github-action-1036648148@gastroo-4f0a3.iam.gserviceaccount.com"]},{"role":"roles/firebasehosting.admin","members":["serviceAccount:github-action-1036648148@gastroo-4f0a3.iam.gserviceaccount.com"]},{"role":"roles/firebasemods.serviceAgent","members":["serviceAccount:service-880194074966@gcp-sa-firebasemods.iam.gserviceaccount.com"]},{"role":"roles/firebasestorage.serviceAgent","members":["serviceAccount:service-880194074966@gcp-sa-firebasestorage.iam.gserviceaccount.com"]},{"role":"roles/iam.serviceAccountTokenCreator","members":["serviceAccount:firebase-adminsdk-fbsvc@gastroo-4f0a3.iam.gserviceaccount.com"]},{"role":"roles/owner","members":["user:mierzej.it@gmail.com"]},{"role":"roles/run.serviceAgent","members":["serviceAccount:service-880194074966@serverless-robot-prod.iam.gserviceaccount.com"]},{"role":"roles/run.viewer","members":["serviceAccount:github-action-1036648148@gastroo-4f0a3.iam.gserviceaccount.com"]},{"role":"roles/serviceusage.apiKeysViewer","members":["serviceAccount:github-action-1036648148@gastroo-4f0a3.iam.gserviceaccount.com"]},{"role":"roles/serviceusage.serviceUsageConsumer","members":["serviceAccount:github-action-1036648148@gastroo-4f0a3.iam.gserviceaccount.com"]},{"role":"roles/storage.admin","members":["serviceAccount:firebase-adminsdk-fbsvc@gastroo-4f0a3.iam.gserviceaccount.com"]},{"role":"roles/storage.objectViewer","members":["serviceAccount:firebase-app-hosting-compute@gastroo-4f0a3.iam.gserviceaccount.com"]}]},"updateMask":"bindings"}
[debug] [2025-08-12T16:34:05.905Z] <<< [apiv2][status] POST https://cloudresourcemanager.googleapis.com/v1/projects/gastroo-4f0a3:setIamPolicy 200
[debug] [2025-08-12T16:34:05.905Z] <<< [apiv2][body] POST https://cloudresourcemanager.googleapis.com/v1/projects/gastroo-4f0a3:setIamPolicy {"version":1,"etag":"BwY8LZvUxWY=","bindings":[{"role":"roles/cloudbuild.builds.builder","members":["serviceAccount:880194074966@cloudbuild.gserviceaccount.com"]},{"role":"roles/cloudbuild.serviceAgent","members":["serviceAccount:service-880194074966@gcp-sa-cloudbuild.iam.gserviceaccount.com"]},{"role":"roles/cloudfunctions.developer","members":["serviceAccount:github-action-1036648148@gastroo-4f0a3.iam.gserviceaccount.com"]},{"role":"roles/cloudfunctions.serviceAgent","members":["serviceAccount:service-880194074966@gcf-admin-robot.iam.gserviceaccount.com"]},{"role":"roles/compute.serviceAgent","members":["serviceAccount:service-880194074966@compute-system.iam.gserviceaccount.com"]},{"role":"roles/containerregistry.ServiceAgent","members":["serviceAccount:service-880194074966@containerregistry.iam.gserviceaccount.com"]},{"role":"roles/developerconnect.readTokenAccessor","members":["serviceAccount:firebase-app-hosting-compute@gastroo-4f0a3.iam.gserviceaccount.com"]},{"role":"roles/editor","members":["serviceAccount:880194074966-compute@developer.gserviceaccount.com","serviceAccount:880194074966@cloudservices.gserviceaccount.com","serviceAccount:gastroo-4f0a3@appspot.gserviceaccount.com"]},{"role":"roles/eventarc.eventReceiver","members":["serviceAccount:880194074966-compute@developer.gserviceaccount.com"]},{"role":"roles/firebase.managementServiceAgent","members":["serviceAccount:service-880194074966@gcp-sa-firebase.iam.gserviceaccount.com"]},{"role":"roles/firebase.sdkAdminServiceAgent","members":["serviceAccount:firebase-adminsdk-fbsvc@gastroo-4f0a3.iam.gserviceaccount.com","serviceAccount:firebase-app-hosting-compute@gastroo-4f0a3.iam.gserviceaccount.com"]},{"role":"roles/firebaseapphosting.computeRunner","members":["serviceAccount:firebase-app-hosting-compute@gastroo-4f0a3.iam.gserviceaccount.com"]},{"role":"roles/firebaseapphosting.serviceAgent","members":["serviceAccount:service-880194074966@gcp-sa-firebaseapphosting.iam.gserviceaccount.com"]},{"role":"roles/firebaseauth.admin","members":["serviceAccount:github-action-1036648148@gastroo-4f0a3.iam.gserviceaccount.com"]},{"role":"roles/firebasehosting.admin","members":["serviceAccount:github-action-1036648148@gastroo-4f0a3.iam.gserviceaccount.com"]},{"role":"roles/firebasemods.serviceAgent","members":["serviceAccount:service-880194074966@gcp-sa-firebasemods.iam.gserviceaccount.com"]},{"role":"roles/firebasestorage.serviceAgent","members":["serviceAccount:service-880194074966@gcp-sa-firebasestorage.iam.gserviceaccount.com"]},{"role":"roles/iam.serviceAccountTokenCreator","members":["serviceAccount:firebase-adminsdk-fbsvc@gastroo-4f0a3.iam.gserviceaccount.com"]},{"role":"roles/owner","members":["user:mierzej.it@gmail.com"]},{"role":"roles/run.serviceAgent","members":["serviceAccount:service-880194074966@serverless-robot-prod.iam.gserviceaccount.com"]},{"role":"roles/run.viewer","members":["serviceAccount:github-action-1036648148@gastroo-4f0a3.iam.gserviceaccount.com"]},{"role":"roles/serviceusage.apiKeysViewer","members":["serviceAccount:github-action-1036648148@gastroo-4f0a3.iam.gserviceaccount.com"]},{"role":"roles/serviceusage.serviceUsageConsumer","members":["serviceAccount:github-action-1036648148@gastroo-4f0a3.iam.gserviceaccount.com"]},{"role":"roles/storage.admin","members":["serviceAccount:firebase-adminsdk-fbsvc@gastroo-4f0a3.iam.gserviceaccount.com"]},{"role":"roles/storage.objectViewer","members":["serviceAccount:firebase-app-hosting-compute@gastroo-4f0a3.iam.gserviceaccount.com"]}]}
[debug] [2025-08-12T16:34:05.906Z] Checked if tokens are valid: true, expires at: 1755017641897
[debug] [2025-08-12T16:34:05.906Z] Checked if tokens are valid: true, expires at: 1755017641897
[debug] [2025-08-12T16:34:05.906Z] >>> [apiv2][query] GET https://firebaseapphosting.googleapis.com/v1beta/projects/gastroo-4f0a3/locations/-/backends 
[debug] [2025-08-12T16:34:06.985Z] <<< [apiv2][status] GET https://firebaseapphosting.googleapis.com/v1beta/projects/gastroo-4f0a3/locations/-/backends 200
[debug] [2025-08-12T16:34:06.985Z] <<< [apiv2][body] GET https://firebaseapphosting.googleapis.com/v1beta/projects/gastroo-4f0a3/locations/-/backends {"backends":[{"name":"projects/gastroo-4f0a3/locations/europe-west4/backends/gastroo-be","createTime":"2025-08-12T12:07:09.181238111Z","updateTime":"2025-08-12T12:07:09.579649Z","labels":{"deployment-tool":"cli-firebase"},"uri":"gastroo-be--gastroo-4f0a3.europe-west4.hosted.app","uid":"5a2c0252-9f6c-4512-91d4-23b10045686f","etag":"pmBHQSMlNYHW5jLtzWO5Afh8a1V63NEfZk7UVXfN5k0","reconciling":false,"servingLocality":"GLOBAL_ACCESS","serviceAccount":"firebase-app-hosting-compute@gastroo-4f0a3.iam.gserviceaccount.com","appId":"1:880194074966:web:7d6d5ae41032689ca2fef7"}]}
[info] i  apphosting: Found backend(s) gastroo-be 
[debug] [2025-08-12T16:34:06.987Z] Checked if tokens are valid: true, expires at: 1755017641897
[debug] [2025-08-12T16:34:06.987Z] Checked if tokens are valid: true, expires at: 1755017641897
[debug] [2025-08-12T16:34:06.987Z] >>> [apiv2][query] GET https://firebaserules.googleapis.com/v1/projects/gastroo-4f0a3/releases pageSize=10&pageToken=
[debug] [2025-08-12T16:34:07.766Z] <<< [apiv2][status] GET https://firebaserules.googleapis.com/v1/projects/gastroo-4f0a3/releases 200
[debug] [2025-08-12T16:34:07.766Z] <<< [apiv2][body] GET https://firebaserules.googleapis.com/v1/projects/gastroo-4f0a3/releases {"releases":[{"name":"projects/gastroo-4f0a3/releases/firebase.storage/gastroo-4f0a3.firebasestorage.app","rulesetName":"projects/gastroo-4f0a3/rulesets/de3a41fc-a8af-4eab-8518-fafda563fbc1","createTime":"2025-08-12T16:31:54.677900Z","updateTime":"2025-08-12T16:31:54.677900Z"}]}
[debug] [2025-08-12T16:34:07.767Z] Checked if tokens are valid: true, expires at: 1755017641897
[debug] [2025-08-12T16:34:07.767Z] Checked if tokens are valid: true, expires at: 1755017641897
[debug] [2025-08-12T16:34:07.767Z] >>> [apiv2][query] GET https://firebaserules.googleapis.com/v1/projects/gastroo-4f0a3/rulesets/de3a41fc-a8af-4eab-8518-fafda563fbc1 [none]
[debug] [2025-08-12T16:34:08.456Z] <<< [apiv2][status] GET https://firebaserules.googleapis.com/v1/projects/gastroo-4f0a3/rulesets/de3a41fc-a8af-4eab-8518-fafda563fbc1 200
[debug] [2025-08-12T16:34:08.456Z] <<< [apiv2][body] GET https://firebaserules.googleapis.com/v1/projects/gastroo-4f0a3/rulesets/de3a41fc-a8af-4eab-8518-fafda563fbc1 [omitted]
[debug] [2025-08-12T16:34:08.458Z] Checked if tokens are valid: true, expires at: 1755017641897
[debug] [2025-08-12T16:34:08.458Z] Checked if tokens are valid: true, expires at: 1755017641897
[debug] [2025-08-12T16:34:08.458Z] >>> [apiv2][query] POST https://cloudresourcemanager.googleapis.com/v1/projects/880194074966:getIamPolicy [none]
[debug] [2025-08-12T16:34:08.768Z] <<< [apiv2][status] POST https://cloudresourcemanager.googleapis.com/v1/projects/880194074966:getIamPolicy 200
[debug] [2025-08-12T16:34:08.768Z] <<< [apiv2][body] POST https://cloudresourcemanager.googleapis.com/v1/projects/880194074966:getIamPolicy {"version":1,"etag":"BwY8LZvUxWY=","bindings":[{"role":"roles/cloudbuild.builds.builder","members":["serviceAccount:880194074966@cloudbuild.gserviceaccount.com"]},{"role":"roles/cloudbuild.serviceAgent","members":["serviceAccount:service-880194074966@gcp-sa-cloudbuild.iam.gserviceaccount.com"]},{"role":"roles/cloudfunctions.developer","members":["serviceAccount:github-action-1036648148@gastroo-4f0a3.iam.gserviceaccount.com"]},{"role":"roles/cloudfunctions.serviceAgent","members":["serviceAccount:service-880194074966@gcf-admin-robot.iam.gserviceaccount.com"]},{"role":"roles/compute.serviceAgent","members":["serviceAccount:service-880194074966@compute-system.iam.gserviceaccount.com"]},{"role":"roles/containerregistry.ServiceAgent","members":["serviceAccount:service-880194074966@containerregistry.iam.gserviceaccount.com"]},{"role":"roles/developerconnect.readTokenAccessor","members":["serviceAccount:firebase-app-hosting-compute@gastroo-4f0a3.iam.gserviceaccount.com"]},{"role":"roles/editor","members":["serviceAccount:880194074966-compute@developer.gserviceaccount.com","serviceAccount:880194074966@cloudservices.gserviceaccount.com","serviceAccount:gastroo-4f0a3@appspot.gserviceaccount.com"]},{"role":"roles/eventarc.eventReceiver","members":["serviceAccount:880194074966-compute@developer.gserviceaccount.com"]},{"role":"roles/firebase.managementServiceAgent","members":["serviceAccount:service-880194074966@gcp-sa-firebase.iam.gserviceaccount.com"]},{"role":"roles/firebase.sdkAdminServiceAgent","members":["serviceAccount:firebase-adminsdk-fbsvc@gastroo-4f0a3.iam.gserviceaccount.com","serviceAccount:firebase-app-hosting-compute@gastroo-4f0a3.iam.gserviceaccount.com"]},{"role":"roles/firebaseapphosting.computeRunner","members":["serviceAccount:firebase-app-hosting-compute@gastroo-4f0a3.iam.gserviceaccount.com"]},{"role":"roles/firebaseapphosting.serviceAgent","members":["serviceAccount:service-880194074966@gcp-sa-firebaseapphosting.iam.gserviceaccount.com"]},{"role":"roles/firebaseauth.admin","members":["serviceAccount:github-action-1036648148@gastroo-4f0a3.iam.gserviceaccount.com"]},{"role":"roles/firebasehosting.admin","members":["serviceAccount:github-action-1036648148@gastroo-4f0a3.iam.gserviceaccount.com"]},{"role":"roles/firebasemods.serviceAgent","members":["serviceAccount:service-880194074966@gcp-sa-firebasemods.iam.gserviceaccount.com"]},{"role":"roles/firebasestorage.serviceAgent","members":["serviceAccount:service-880194074966@gcp-sa-firebasestorage.iam.gserviceaccount.com"]},{"role":"roles/iam.serviceAccountTokenCreator","members":["serviceAccount:firebase-adminsdk-fbsvc@gastroo-4f0a3.iam.gserviceaccount.com"]},{"role":"roles/owner","members":["user:mierzej.it@gmail.com"]},{"role":"roles/run.serviceAgent","members":["serviceAccount:service-880194074966@serverless-robot-prod.iam.gserviceaccount.com"]},{"role":"roles/run.viewer","members":["serviceAccount:github-action-1036648148@gastroo-4f0a3.iam.gserviceaccount.com"]},{"role":"roles/serviceusage.apiKeysViewer","members":["serviceAccount:github-action-1036648148@gastroo-4f0a3.iam.gserviceaccount.com"]},{"role":"roles/serviceusage.serviceUsageConsumer","members":["serviceAccount:github-action-1036648148@gastroo-4f0a3.iam.gserviceaccount.com"]},{"role":"roles/storage.admin","members":["serviceAccount:firebase-adminsdk-fbsvc@gastroo-4f0a3.iam.gserviceaccount.com"]},{"role":"roles/storage.objectViewer","members":["serviceAccount:firebase-app-hosting-compute@gastroo-4f0a3.iam.gserviceaccount.com"]}]}
[debug] [2025-08-12T16:34:12.942Z] Checked if tokens are valid: true, expires at: 1755017641897
[debug] [2025-08-12T16:34:12.942Z] Checked if tokens are valid: true, expires at: 1755017641897
[debug] [2025-08-12T16:34:12.942Z] >>> [apiv2][query] POST https://cloudresourcemanager.googleapis.com/v1/projects/880194074966:getIamPolicy [none]
[debug] [2025-08-12T16:34:13.460Z] <<< [apiv2][status] POST https://cloudresourcemanager.googleapis.com/v1/projects/880194074966:getIamPolicy 200
[debug] [2025-08-12T16:34:13.460Z] <<< [apiv2][body] POST https://cloudresourcemanager.googleapis.com/v1/projects/880194074966:getIamPolicy {"version":1,"etag":"BwY8LZvUxWY=","bindings":[{"role":"roles/cloudbuild.builds.builder","members":["serviceAccount:880194074966@cloudbuild.gserviceaccount.com"]},{"role":"roles/cloudbuild.serviceAgent","members":["serviceAccount:service-880194074966@gcp-sa-cloudbuild.iam.gserviceaccount.com"]},{"role":"roles/cloudfunctions.developer","members":["serviceAccount:github-action-1036648148@gastroo-4f0a3.iam.gserviceaccount.com"]},{"role":"roles/cloudfunctions.serviceAgent","members":["serviceAccount:service-880194074966@gcf-admin-robot.iam.gserviceaccount.com"]},{"role":"roles/compute.serviceAgent","members":["serviceAccount:service-880194074966@compute-system.iam.gserviceaccount.com"]},{"role":"roles/containerregistry.ServiceAgent","members":["serviceAccount:service-880194074966@containerregistry.iam.gserviceaccount.com"]},{"role":"roles/developerconnect.readTokenAccessor","members":["serviceAccount:firebase-app-hosting-compute@gastroo-4f0a3.iam.gserviceaccount.com"]},{"role":"roles/editor","members":["serviceAccount:880194074966-compute@developer.gserviceaccount.com","serviceAccount:880194074966@cloudservices.gserviceaccount.com","serviceAccount:gastroo-4f0a3@appspot.gserviceaccount.com"]},{"role":"roles/eventarc.eventReceiver","members":["serviceAccount:880194074966-compute@developer.gserviceaccount.com"]},{"role":"roles/firebase.managementServiceAgent","members":["serviceAccount:service-880194074966@gcp-sa-firebase.iam.gserviceaccount.com"]},{"role":"roles/firebase.sdkAdminServiceAgent","members":["serviceAccount:firebase-adminsdk-fbsvc@gastroo-4f0a3.iam.gserviceaccount.com","serviceAccount:firebase-app-hosting-compute@gastroo-4f0a3.iam.gserviceaccount.com"]},{"role":"roles/firebaseapphosting.computeRunner","members":["serviceAccount:firebase-app-hosting-compute@gastroo-4f0a3.iam.gserviceaccount.com"]},{"role":"roles/firebaseapphosting.serviceAgent","members":["serviceAccount:service-880194074966@gcp-sa-firebaseapphosting.iam.gserviceaccount.com"]},{"role":"roles/firebaseauth.admin","members":["serviceAccount:github-action-1036648148@gastroo-4f0a3.iam.gserviceaccount.com"]},{"role":"roles/firebasehosting.admin","members":["serviceAccount:github-action-1036648148@gastroo-4f0a3.iam.gserviceaccount.com"]},{"role":"roles/firebasemods.serviceAgent","members":["serviceAccount:service-880194074966@gcp-sa-firebasemods.iam.gserviceaccount.com"]},{"role":"roles/firebasestorage.serviceAgent","members":["serviceAccount:service-880194074966@gcp-sa-firebasestorage.iam.gserviceaccount.com"]},{"role":"roles/iam.serviceAccountTokenCreator","members":["serviceAccount:firebase-adminsdk-fbsvc@gastroo-4f0a3.iam.gserviceaccount.com"]},{"role":"roles/owner","members":["user:mierzej.it@gmail.com"]},{"role":"roles/run.serviceAgent","members":["serviceAccount:service-880194074966@serverless-robot-prod.iam.gserviceaccount.com"]},{"role":"roles/run.viewer","members":["serviceAccount:github-action-1036648148@gastroo-4f0a3.iam.gserviceaccount.com"]},{"role":"roles/serviceusage.apiKeysViewer","members":["serviceAccount:github-action-1036648148@gastroo-4f0a3.iam.gserviceaccount.com"]},{"role":"roles/serviceusage.serviceUsageConsumer","members":["serviceAccount:github-action-1036648148@gastroo-4f0a3.iam.gserviceaccount.com"]},{"role":"roles/storage.admin","members":["serviceAccount:firebase-adminsdk-fbsvc@gastroo-4f0a3.iam.gserviceaccount.com"]},{"role":"roles/storage.objectViewer","members":["serviceAccount:firebase-app-hosting-compute@gastroo-4f0a3.iam.gserviceaccount.com"]}]}
[debug] [2025-08-12T16:34:13.460Z] Checked if tokens are valid: true, expires at: 1755017641897
[debug] [2025-08-12T16:34:13.460Z] Checked if tokens are valid: true, expires at: 1755017641897
[debug] [2025-08-12T16:34:13.460Z] >>> [apiv2][query] POST https://cloudresourcemanager.googleapis.com/v1/projects/880194074966:setIamPolicy [none]
[debug] [2025-08-12T16:34:13.461Z] >>> [apiv2][body] POST https://cloudresourcemanager.googleapis.com/v1/projects/880194074966:setIamPolicy {"policy":{"version":1,"etag":"BwY8LZvUxWY=","bindings":[{"role":"roles/cloudbuild.builds.builder","members":["serviceAccount:880194074966@cloudbuild.gserviceaccount.com"]},{"role":"roles/cloudbuild.serviceAgent","members":["serviceAccount:service-880194074966@gcp-sa-cloudbuild.iam.gserviceaccount.com"]},{"role":"roles/cloudfunctions.developer","members":["serviceAccount:github-action-1036648148@gastroo-4f0a3.iam.gserviceaccount.com"]},{"role":"roles/cloudfunctions.serviceAgent","members":["serviceAccount:service-880194074966@gcf-admin-robot.iam.gserviceaccount.com"]},{"role":"roles/compute.serviceAgent","members":["serviceAccount:service-880194074966@compute-system.iam.gserviceaccount.com"]},{"role":"roles/containerregistry.ServiceAgent","members":["serviceAccount:service-880194074966@containerregistry.iam.gserviceaccount.com"]},{"role":"roles/developerconnect.readTokenAccessor","members":["serviceAccount:firebase-app-hosting-compute@gastroo-4f0a3.iam.gserviceaccount.com"]},{"role":"roles/editor","members":["serviceAccount:880194074966-compute@developer.gserviceaccount.com","serviceAccount:880194074966@cloudservices.gserviceaccount.com","serviceAccount:gastroo-4f0a3@appspot.gserviceaccount.com"]},{"role":"roles/eventarc.eventReceiver","members":["serviceAccount:880194074966-compute@developer.gserviceaccount.com"]},{"role":"roles/firebase.managementServiceAgent","members":["serviceAccount:service-880194074966@gcp-sa-firebase.iam.gserviceaccount.com"]},{"role":"roles/firebase.sdkAdminServiceAgent","members":["serviceAccount:firebase-adminsdk-fbsvc@gastroo-4f0a3.iam.gserviceaccount.com","serviceAccount:firebase-app-hosting-compute@gastroo-4f0a3.iam.gserviceaccount.com"]},{"role":"roles/firebaseapphosting.computeRunner","members":["serviceAccount:firebase-app-hosting-compute@gastroo-4f0a3.iam.gserviceaccount.com"]},{"role":"roles/firebaseapphosting.serviceAgent","members":["serviceAccount:service-880194074966@gcp-sa-firebaseapphosting.iam.gserviceaccount.com"]},{"role":"roles/firebaseauth.admin","members":["serviceAccount:github-action-1036648148@gastroo-4f0a3.iam.gserviceaccount.com"]},{"role":"roles/firebasehosting.admin","members":["serviceAccount:github-action-1036648148@gastroo-4f0a3.iam.gserviceaccount.com"]},{"role":"roles/firebasemods.serviceAgent","members":["serviceAccount:service-880194074966@gcp-sa-firebasemods.iam.gserviceaccount.com"]},{"role":"roles/firebasestorage.serviceAgent","members":["serviceAccount:service-880194074966@gcp-sa-firebasestorage.iam.gserviceaccount.com"]},{"role":"roles/iam.serviceAccountTokenCreator","members":["serviceAccount:firebase-adminsdk-fbsvc@gastroo-4f0a3.iam.gserviceaccount.com"]},{"role":"roles/owner","members":["user:mierzej.it@gmail.com"]},{"role":"roles/run.serviceAgent","members":["serviceAccount:service-880194074966@serverless-robot-prod.iam.gserviceaccount.com"]},{"role":"roles/run.viewer","members":["serviceAccount:github-action-1036648148@gastroo-4f0a3.iam.gserviceaccount.com"]},{"role":"roles/serviceusage.apiKeysViewer","members":["serviceAccount:github-action-1036648148@gastroo-4f0a3.iam.gserviceaccount.com"]},{"role":"roles/serviceusage.serviceUsageConsumer","members":["serviceAccount:github-action-1036648148@gastroo-4f0a3.iam.gserviceaccount.com"]},{"role":"roles/storage.admin","members":["serviceAccount:firebase-adminsdk-fbsvc@gastroo-4f0a3.iam.gserviceaccount.com"]},{"role":"roles/storage.objectViewer","members":["serviceAccount:firebase-app-hosting-compute@gastroo-4f0a3.iam.gserviceaccount.com"]},{"role":"roles/firebaserules.firestoreServiceAgent","members":["serviceAccount:service-880194074966@gcp-sa-firebasestorage.iam.gserviceaccount.com"]}]},"updateMask":"bindings"}
[debug] [2025-08-12T16:34:14.454Z] <<< [apiv2][status] POST https://cloudresourcemanager.googleapis.com/v1/projects/880194074966:setIamPolicy 200
[debug] [2025-08-12T16:34:14.454Z] <<< [apiv2][body] POST https://cloudresourcemanager.googleapis.com/v1/projects/880194074966:setIamPolicy {"version":1,"etag":"BwY8LZxWaBE=","bindings":[{"role":"roles/cloudbuild.builds.builder","members":["serviceAccount:880194074966@cloudbuild.gserviceaccount.com"]},{"role":"roles/cloudbuild.serviceAgent","members":["serviceAccount:service-880194074966@gcp-sa-cloudbuild.iam.gserviceaccount.com"]},{"role":"roles/cloudfunctions.developer","members":["serviceAccount:github-action-1036648148@gastroo-4f0a3.iam.gserviceaccount.com"]},{"role":"roles/cloudfunctions.serviceAgent","members":["serviceAccount:service-880194074966@gcf-admin-robot.iam.gserviceaccount.com"]},{"role":"roles/compute.serviceAgent","members":["serviceAccount:service-880194074966@compute-system.iam.gserviceaccount.com"]},{"role":"roles/containerregistry.ServiceAgent","members":["serviceAccount:service-880194074966@containerregistry.iam.gserviceaccount.com"]},{"role":"roles/developerconnect.readTokenAccessor","members":["serviceAccount:firebase-app-hosting-compute@gastroo-4f0a3.iam.gserviceaccount.com"]},{"role":"roles/editor","members":["serviceAccount:880194074966-compute@developer.gserviceaccount.com","serviceAccount:880194074966@cloudservices.gserviceaccount.com","serviceAccount:gastroo-4f0a3@appspot.gserviceaccount.com"]},{"role":"roles/eventarc.eventReceiver","members":["serviceAccount:880194074966-compute@developer.gserviceaccount.com"]},{"role":"roles/firebase.managementServiceAgent","members":["serviceAccount:service-880194074966@gcp-sa-firebase.iam.gserviceaccount.com"]},{"role":"roles/firebase.sdkAdminServiceAgent","members":["serviceAccount:firebase-adminsdk-fbsvc@gastroo-4f0a3.iam.gserviceaccount.com","serviceAccount:firebase-app-hosting-compute@gastroo-4f0a3.iam.gserviceaccount.com"]},{"role":"roles/firebaseapphosting.computeRunner","members":["serviceAccount:firebase-app-hosting-compute@gastroo-4f0a3.iam.gserviceaccount.com"]},{"role":"roles/firebaseapphosting.serviceAgent","members":["serviceAccount:service-880194074966@gcp-sa-firebaseapphosting.iam.gserviceaccount.com"]},{"role":"roles/firebaseauth.admin","members":["serviceAccount:github-action-1036648148@gastroo-4f0a3.iam.gserviceaccount.com"]},{"role":"roles/firebasehosting.admin","members":["serviceAccount:github-action-1036648148@gastroo-4f0a3.iam.gserviceaccount.com"]},{"role":"roles/firebasemods.serviceAgent","members":["serviceAccount:service-880194074966@gcp-sa-firebasemods.iam.gserviceaccount.com"]},{"role":"roles/firebaserules.firestoreServiceAgent","members":["serviceAccount:service-880194074966@gcp-sa-firebasestorage.iam.gserviceaccount.com"]},{"role":"roles/firebasestorage.serviceAgent","members":["serviceAccount:service-880194074966@gcp-sa-firebasestorage.iam.gserviceaccount.com"]},{"role":"roles/iam.serviceAccountTokenCreator","members":["serviceAccount:firebase-adminsdk-fbsvc@gastroo-4f0a3.iam.gserviceaccount.com"]},{"role":"roles/owner","members":["user:mierzej.it@gmail.com"]},{"role":"roles/run.serviceAgent","members":["serviceAccount:service-880194074966@serverless-robot-prod.iam.gserviceaccount.com"]},{"role":"roles/run.viewer","members":["serviceAccount:github-action-1036648148@gastroo-4f0a3.iam.gserviceaccount.com"]},{"role":"roles/serviceusage.apiKeysViewer","members":["serviceAccount:github-action-1036648148@gastroo-4f0a3.iam.gserviceaccount.com"]},{"role":"roles/serviceusage.serviceUsageConsumer","members":["serviceAccount:github-action-1036648148@gastroo-4f0a3.iam.gserviceaccount.com"]},{"role":"roles/storage.admin","members":["serviceAccount:firebase-adminsdk-fbsvc@gastroo-4f0a3.iam.gserviceaccount.com"]},{"role":"roles/storage.objectViewer","members":["serviceAccount:firebase-app-hosting-compute@gastroo-4f0a3.iam.gserviceaccount.com"]}]}
[info] i  storage: updated service account for cross-service rules... 
[info] i  storage: uploading rules storage.rules... 
[debug] [2025-08-12T16:34:14.455Z] Checked if tokens are valid: true, expires at: 1755017641897
[debug] [2025-08-12T16:34:14.455Z] Checked if tokens are valid: true, expires at: 1755017641897
[debug] [2025-08-12T16:34:14.455Z] >>> [apiv2][query] POST https://firebaserules.googleapis.com/v1/projects/gastroo-4f0a3/rulesets [none]
[debug] [2025-08-12T16:34:14.455Z] >>> [apiv2][body] POST https://firebaserules.googleapis.com/v1/projects/gastroo-4f0a3/rulesets [omitted]
[debug] [2025-08-12T16:34:15.068Z] <<< [apiv2][status] POST https://firebaserules.googleapis.com/v1/projects/gastroo-4f0a3/rulesets 200
[debug] [2025-08-12T16:34:15.068Z] <<< [apiv2][body] POST https://firebaserules.googleapis.com/v1/projects/gastroo-4f0a3/rulesets {"name":"projects/gastroo-4f0a3/rulesets/0e95ac81-33c5-42d4-8ffb-f6a88b22d4bc","source":{"files":[{"content":"rules_version = '2';\n\n// Craft rules based on data in your Firestore database\n// allow write: if firestore.get(\n//    /databases/(default)/documents/users/$(request.auth.uid)).data.isAdmin;\nservice firebase.storage {\n  match /b/{bucket}/o {\n    match /{allPaths=**} {\n      allow read, write: if false;\n    }\n  }\n}\n","name":"storage.rules"}]},"createTime":"2025-08-12T16:34:14.817855Z","metadata":{"services":["firebase.storage"]}}
[debug] [2025-08-12T16:34:15.069Z] [rules] created ruleset projects/gastroo-4f0a3/rulesets/0e95ac81-33c5-42d4-8ffb-f6a88b22d4bc
[debug] [2025-08-12T16:34:15.069Z] Checked if tokens are valid: true, expires at: 1755017641897
[debug] [2025-08-12T16:34:15.069Z] Checked if tokens are valid: true, expires at: 1755017641897
[debug] [2025-08-12T16:34:15.069Z] >>> [apiv2][query] GET https://firestore.googleapis.com/v1/projects/gastroo-4f0a3/databases/(default) [none]
[debug] [2025-08-12T16:34:15.300Z] <<< [apiv2][status] GET https://firestore.googleapis.com/v1/projects/gastroo-4f0a3/databases/(default) 404
[debug] [2025-08-12T16:34:15.300Z] <<< [apiv2][body] GET https://firestore.googleapis.com/v1/projects/gastroo-4f0a3/databases/(default) {"error":{"code":404,"message":"Project 'gastroo-4f0a3' or database '(default)' does not exist.","status":"NOT_FOUND"}}
[info] i  firetore: Creating the new Firestore database (default)... 
[debug] [2025-08-12T16:34:15.300Z] Checked if tokens are valid: true, expires at: 1755017641897
[debug] [2025-08-12T16:34:15.301Z] Checked if tokens are valid: true, expires at: 1755017641897
[debug] [2025-08-12T16:34:15.301Z] >>> [apiv2][query] POST https://firestore.googleapis.com/v1/projects/gastroo-4f0a3/databases databaseId=%28default%29
[debug] [2025-08-12T16:34:15.301Z] >>> [apiv2][body] POST https://firestore.googleapis.com/v1/projects/gastroo-4f0a3/databases {"locationId":"eur3","type":"FIRESTORE_NATIVE","deleteProtectionState":"DELETE_PROTECTION_DISABLED","pointInTimeRecoveryEnablement":"POINT_IN_TIME_RECOVERY_DISABLED"}
[debug] [2025-08-12T16:34:21.567Z] <<< [apiv2][status] POST https://firestore.googleapis.com/v1/projects/gastroo-4f0a3/databases 200
[debug] [2025-08-12T16:34:21.568Z] <<< [apiv2][body] POST https://firestore.googleapis.com/v1/projects/gastroo-4f0a3/databases {"name":"projects/gastroo-4f0a3/databases/(default)/operations/FofuU7DnFbekRk854_1XLRAqM3J1ZQQiBRACi_rasBAGxO3ajQgMCiga","metadata":{"@type":"type.googleapis.com/google.firestore.admin.v1.CreateDatabaseMetadata"},"response":{"@type":"type.googleapis.com/google.firestore.admin.v1.Database","name":"projects/gastroo-4f0a3/databases/(default)","uid":"2d57fde3-394f-46a4-b715-e7b053ee8716","createTime":"2025-08-12T16:34:21.561950Z","updateTime":"2025-08-12T16:34:21.561950Z","locationId":"eur3","type":"FIRESTORE_NATIVE","concurrencyMode":"PESSIMISTIC","versionRetentionPeriod":"3600s","earliestVersionTime":"2025-08-12T16:34:21.561950Z","appEngineIntegrationMode":"DISABLED","keyPrefix":"e","pointInTimeRecoveryEnablement":"POINT_IN_TIME_RECOVERY_DISABLED","deleteProtectionState":"DELETE_PROTECTION_DISABLED","databaseEdition":"STANDARD","freeTier":true,"etag":"IN+HkubZhY8DMN7gkObZhY8D"}}
[debug] [2025-08-12T16:34:21.568Z] Checked if tokens are valid: true, expires at: 1755017641897
[debug] [2025-08-12T16:34:21.568Z] Checked if tokens are valid: true, expires at: 1755017641897
[debug] [2025-08-12T16:34:21.568Z] >>> [apiv2][query] GET https://firebaserules.googleapis.com/v1/projects/gastroo-4f0a3/releases pageSize=10&pageToken=
[debug] [2025-08-12T16:34:21.844Z] <<< [apiv2][status] GET https://firebaserules.googleapis.com/v1/projects/gastroo-4f0a3/releases 200
[debug] [2025-08-12T16:34:21.844Z] <<< [apiv2][body] GET https://firebaserules.googleapis.com/v1/projects/gastroo-4f0a3/releases {"releases":[{"name":"projects/gastroo-4f0a3/releases/firebase.storage/gastroo-4f0a3.firebasestorage.app","rulesetName":"projects/gastroo-4f0a3/rulesets/de3a41fc-a8af-4eab-8518-fafda563fbc1","createTime":"2025-08-12T16:31:54.677900Z","updateTime":"2025-08-12T16:31:54.677900Z"}]}
[info] i  firestore: uploading rules firestore.rules... 
[debug] [2025-08-12T16:34:21.844Z] Checked if tokens are valid: true, expires at: 1755017641897
[debug] [2025-08-12T16:34:21.845Z] Checked if tokens are valid: true, expires at: 1755017641897
[debug] [2025-08-12T16:34:21.845Z] >>> [apiv2][query] POST https://firebaserules.googleapis.com/v1/projects/gastroo-4f0a3/rulesets [none]
[debug] [2025-08-12T16:34:21.845Z] >>> [apiv2][body] POST https://firebaserules.googleapis.com/v1/projects/gastroo-4f0a3/rulesets [omitted]
[debug] [2025-08-12T16:34:22.619Z] <<< [apiv2][status] POST https://firebaserules.googleapis.com/v1/projects/gastroo-4f0a3/rulesets 200
[debug] [2025-08-12T16:34:22.619Z] <<< [apiv2][body] POST https://firebaserules.googleapis.com/v1/projects/gastroo-4f0a3/rulesets {"name":"projects/gastroo-4f0a3/rulesets/20184543-786d-4fa7-acde-875f261323ea","source":{"files":[{"content":"rules_version='2'\n\nservice cloud.firestore {\n  match /databases/{database}/documents {\n    match /{document=**} {\n      // This rule allows anyone with your database reference to view, edit,\n      // and delete all data in your database. It is useful for getting\n      // started, but it is configured to expire after 30 days because it\n      // leaves your app open to attackers. At that time, all client\n      // requests to your database will be denied.\n      //\n      // Make sure to write security rules for your app before that time, or\n      // else all client requests to your database will be denied until you\n      // update your rules.\n      allow read, write: if request.time < timestamp.date(2025, 9, 11);\n    }\n  }\n}\n","name":"firestore.rules"}]},"createTime":"2025-08-12T16:34:22.580431Z","metadata":{"services":["cloud.firestore"]}}
[debug] [2025-08-12T16:34:22.619Z] [rules] created ruleset projects/gastroo-4f0a3/rulesets/20184543-786d-4fa7-acde-875f261323ea
[info] i  firestore: deploying indexes... 
[debug] [2025-08-12T16:34:22.620Z] Checked if tokens are valid: true, expires at: 1755017641897
[debug] [2025-08-12T16:34:22.620Z] Checked if tokens are valid: true, expires at: 1755017641897
[debug] [2025-08-12T16:34:22.621Z] >>> [apiv2][query] GET https://firestore.googleapis.com/v1/projects/gastroo-4f0a3/databases/(default)/collectionGroups/-/indexes [none]
[debug] [2025-08-12T16:34:22.811Z] <<< [apiv2][status] GET https://firestore.googleapis.com/v1/projects/gastroo-4f0a3/databases/(default)/collectionGroups/-/indexes 200
[debug] [2025-08-12T16:34:22.811Z] <<< [apiv2][body] GET https://firestore.googleapis.com/v1/projects/gastroo-4f0a3/databases/(default)/collectionGroups/-/indexes {}
[debug] [2025-08-12T16:34:22.812Z] Checked if tokens are valid: true, expires at: 1755017641897
[debug] [2025-08-12T16:34:22.812Z] Checked if tokens are valid: true, expires at: 1755017641897
[debug] [2025-08-12T16:34:22.812Z] >>> [apiv2][query] GET https://firestore.googleapis.com/v1/projects/gastroo-4f0a3/databases/(default)/collectionGroups/-/fields?filter=indexConfig.usesAncestorConfig=false OR ttlConfig:* [none]
[debug] [2025-08-12T16:34:23.362Z] <<< [apiv2][status] GET https://firestore.googleapis.com/v1/projects/gastroo-4f0a3/databases/(default)/collectionGroups/-/fields?filter=indexConfig.usesAncestorConfig=false OR ttlConfig:* 200
[debug] [2025-08-12T16:34:23.362Z] <<< [apiv2][body] GET https://firestore.googleapis.com/v1/projects/gastroo-4f0a3/databases/(default)/collectionGroups/-/fields?filter=indexConfig.usesAncestorConfig=false OR ttlConfig:* {"fields":[{"name":"projects/gastroo-4f0a3/databases/(default)/collectionGroups/__default__/fields/*","indexConfig":{"indexes":[{"queryScope":"COLLECTION","fields":[{"fieldPath":"*","order":"ASCENDING"}],"state":"READY"},{"queryScope":"COLLECTION","fields":[{"fieldPath":"*","order":"DESCENDING"}],"state":"READY"},{"queryScope":"COLLECTION","fields":[{"fieldPath":"*","arrayConfig":"CONTAINS"}],"state":"READY"}]}}]}
[info] ✔  firestore: deployed indexes in firestore.indexes.json successfully for (default) database 
[debug] [2025-08-12T16:34:23.363Z] Checked if tokens are valid: true, expires at: 1755017641897
[debug] [2025-08-12T16:34:23.364Z] Checked if tokens are valid: true, expires at: 1755017641897
[debug] [2025-08-12T16:34:23.364Z] >>> [apiv2][query] GET https://cloudbilling.googleapis.com/v1/projects/gastroo-4f0a3/billingInfo [none]
[debug] [2025-08-12T16:34:24.400Z] <<< [apiv2][status] GET https://cloudbilling.googleapis.com/v1/projects/gastroo-4f0a3/billingInfo 200
[debug] [2025-08-12T16:34:24.400Z] <<< [apiv2][body] GET https://cloudbilling.googleapis.com/v1/projects/gastroo-4f0a3/billingInfo {"name":"projects/gastroo-4f0a3/billingInfo","projectId":"gastroo-4f0a3","billingAccountName":"billingAccounts/0194A0-3DEFE3-78E0C2","billingEnabled":true}
[debug] [2025-08-12T16:34:24.401Z] [functions] found 1 new HTTP functions, testing setIamPolicy permission...
[debug] [2025-08-12T16:34:24.402Z] Checked if tokens are valid: true, expires at: 1755017641897
[debug] [2025-08-12T16:34:24.402Z] Checked if tokens are valid: true, expires at: 1755017641897
[debug] [2025-08-12T16:34:24.402Z] >>> [apiv2][query] POST https://cloudresourcemanager.googleapis.com/v1/projects/gastroo-4f0a3:testIamPermissions [none]
[debug] [2025-08-12T16:34:24.402Z] >>> [apiv2][(partial)header] POST https://cloudresourcemanager.googleapis.com/v1/projects/gastroo-4f0a3:testIamPermissions x-goog-quota-user=projects/gastroo-4f0a3
[debug] [2025-08-12T16:34:24.402Z] >>> [apiv2][body] POST https://cloudresourcemanager.googleapis.com/v1/projects/gastroo-4f0a3:testIamPermissions {"permissions":["cloudfunctions.functions.setIamPolicy"]}
[debug] [2025-08-12T16:34:25.206Z] <<< [apiv2][status] POST https://cloudresourcemanager.googleapis.com/v1/projects/gastroo-4f0a3:testIamPermissions 200
[debug] [2025-08-12T16:34:25.206Z] <<< [apiv2][body] POST https://cloudresourcemanager.googleapis.com/v1/projects/gastroo-4f0a3:testIamPermissions {"permissions":["cloudfunctions.functions.setIamPolicy"]}
[debug] [2025-08-12T16:34:25.206Z] [functions] found setIamPolicy permission, proceeding with deploy
[debug] [2025-08-12T16:34:25.207Z] Checked if tokens are valid: true, expires at: 1755017641897
[debug] [2025-08-12T16:34:25.207Z] Checked if tokens are valid: true, expires at: 1755017641897
[debug] [2025-08-12T16:34:25.207Z] >>> [apiv2][query] POST https://cloudfunctions.googleapis.com/v2/projects/gastroo-4f0a3/locations/europe-west1/functions:generateUploadUrl [none]
[debug] [2025-08-12T16:34:27.211Z] <<< [apiv2][status] POST https://cloudfunctions.googleapis.com/v2/projects/gastroo-4f0a3/locations/europe-west1/functions:generateUploadUrl 200
[debug] [2025-08-12T16:34:27.211Z] <<< [apiv2][body] POST https://cloudfunctions.googleapis.com/v2/projects/gastroo-4f0a3/locations/europe-west1/functions:generateUploadUrl {"uploadUrl":"https://storage.googleapis.com/gcf-v2-uploads-880194074966.europe-west1.cloudfunctions.appspot.com/056130dc-b85f-4a84-aa26-056ca7f55ed2.zip?GoogleAccessId=service-880194074966@gcf-admin-robot.iam.gserviceaccount.com&Expires=1755018267&Signature=N2xEu5Y2cGN6jTUVUXjzjK2cYG5GLjMhu%2FNRyQHB0UjPvFbSXCNHa2IGVE1iiTJuQfwW9p6b9Zv1zgPhGFMERskHHoir2BHc%2F1lhYJq5URut3X4c1yLNHdIrcuB91t9CnUGQKo%2FHjN0vPuj535OTmMeiXtY5LVJk%2BX6149pTaOdXNUerxb%2B7HEzZV%2FO9OZduA1PCL1EguwqRar9Do0oZ1SnAj5sUgtWfLNN%2FU4yP9nP2TjQmEYCeuKGyKzk%2F43XhL3KLgQK6pISxWqyzBkpgDnrCvmFRgHNJngu3MN5Yvasg3DG3Y8l0x5VJkyYLVWGoB6z%2Fmpsm0hXWbmP8KM0s8g%3D%3D","storageSource":{"bucket":"gcf-v2-uploads-880194074966.europe-west1.cloudfunctions.appspot.com","object":"056130dc-b85f-4a84-aa26-056ca7f55ed2.zip"}}
[debug] [2025-08-12T16:34:27.213Z] >>> [apiv2][query] PUT https://storage.googleapis.com/gcf-v2-uploads-880194074966.europe-west1.cloudfunctions.appspot.com/056130dc-b85f-4a84-aa26-056ca7f55ed2.zip GoogleAccessId=service-880194074966%40gcf-admin-robot.iam.gserviceaccount.com&Expires=1755018267&Signature=N2xEu5Y2cGN6jTUVUXjzjK2cYG5GLjMhu%2FNRyQHB0UjPvFbSXCNHa2IGVE1iiTJuQfwW9p6b9Zv1zgPhGFMERskHHoir2BHc%2F1lhYJq5URut3X4c1yLNHdIrcuB91t9CnUGQKo%2FHjN0vPuj535OTmMeiXtY5LVJk%2BX6149pTaOdXNUerxb%2B7HEzZV%2FO9OZduA1PCL1EguwqRar9Do0oZ1SnAj5sUgtWfLNN%2FU4yP9nP2TjQmEYCeuKGyKzk%2F43XhL3KLgQK6pISxWqyzBkpgDnrCvmFRgHNJngu3MN5Yvasg3DG3Y8l0x5VJkyYLVWGoB6z%2Fmpsm0hXWbmP8KM0s8g%3D%3D
[debug] [2025-08-12T16:34:27.213Z] >>> [apiv2][body] PUT https://storage.googleapis.com/gcf-v2-uploads-880194074966.europe-west1.cloudfunctions.appspot.com/056130dc-b85f-4a84-aa26-056ca7f55ed2.zip [stream]
[debug] [2025-08-12T16:34:28.041Z] <<< [apiv2][status] PUT https://storage.googleapis.com/gcf-v2-uploads-880194074966.europe-west1.cloudfunctions.appspot.com/056130dc-b85f-4a84-aa26-056ca7f55ed2.zip 200
[debug] [2025-08-12T16:34:28.042Z] <<< [apiv2][body] PUT https://storage.googleapis.com/gcf-v2-uploads-880194074966.europe-west1.cloudfunctions.appspot.com/056130dc-b85f-4a84-aa26-056ca7f55ed2.zip [omitted]
[info] ✔  functions: .firebase/gastroo-4f0a3/functions folder uploaded successfully 
[info] i  hosting[gastroo-4f0a3]: beginning deploy... 
[info] i  hosting[gastroo-4f0a3]: found 31 files in .firebase/gastroo-4f0a3/hosting 
[debug] [2025-08-12T16:34:28.061Z] [hosting] uploading with 200 concurrency
[debug] [2025-08-12T16:34:28.062Z] [hosting] hash cache [LmZpcmViYXNlL2dhc3Ryb28tNGYwYTMvaG9zdGluZw] not populated
[debug] [2025-08-12T16:34:28.101Z] Checked if tokens are valid: true, expires at: 1755017641897
[debug] [2025-08-12T16:34:28.102Z] Checked if tokens are valid: true, expires at: 1755017641897
[debug] [2025-08-12T16:34:28.103Z] [hosting] hash cache [LmZpcmViYXNlL2dhc3Ryb28tNGYwYTMvaG9zdGluZw] stored for 31 files
[debug] [2025-08-12T16:34:28.103Z] [hosting][hash queue][FINAL] {"max":33,"min":23,"avg":25.387096774193548,"active":0,"complete":31,"success":31,"errored":0,"retried":0,"total":31,"elapsed":39}
[debug] [2025-08-12T16:34:28.103Z] >>> [apiv2][query] POST https://firebasehosting.googleapis.com/v1beta1/projects/880194074966/sites/gastroo-4f0a3/versions/1c38c2c0df5e926d:populateFiles [none]
[debug] [2025-08-12T16:34:28.103Z] >>> [apiv2][body] POST https://firebasehosting.googleapis.com/v1beta1/projects/880194074966/sites/gastroo-4f0a3/versions/1c38c2c0df5e926d:populateFiles {"files":{"/window.svg":"bf07bc7ddc1ae03e7936a9347de10e85cf9a0e51f99bd8293b2a8eeca6463b49","/vercel.svg":"ffb3d6634c37da9451d60557ed0e6e513e2889672e0bf202d2558062062a048a","/next.svg":"7b16665552cb47db34db342505d6d340caaf5813ca2cba1df3536ed67ea33f64","/globe.svg":"914fe1f576f68698d9e329ea8ec6c542d8d5f150af08f1a360d188fed7597c23","/file.svg":"cb6477bad43c44ba222b8cddfa7e4fe646b19ec7449646e8c2a426354faa630e","/index.html":"d394b766535d8f67f1a9203403da55833d81ebb53ac3cfc83a659b9762cc131c","/404.html":"41730a5d3df258fd80b2c6f5545a1dcdca71c6248b2e84241f8f754aae948ff1","/_next/static/media/9610d9e46709d722-s.woff2":"7cdf2599fa32a0a3edc7d4126b5c8f5233d62799ddb46552ca6890389ba7d9c1","/_next/static/media/ba015fad6dcf6784-s.woff2":"2b719e95831c9d92a31ebbe512bbd87cc76501765edb9b6ca4734cc5a2becb94","/_next/static/media/747892c23ea88013-s.woff2":"396955195c54144bce504511dd89d0c74a3f6b453d73823073be1a2cbe00e6de","/_next/static/media/8d697b304b401681-s.woff2":"cccaf7bf72117d313a9afc3a475289a19b9fcd0f735c9b2e4ded6cba08a517a0","/_next/static/css/05d86ef414358385.css":"f4583878b4a6a215685ad67b20a76db896170e5aca4be79e6437ad2fbcf14739","/_next/static/css/76338d74addccb7a.css":"4290c3e433bd8c97d8a3b90c1395f6c0999b0e0f40ca834bd28b91903f6d0785","/_next/static/chunks/main-app-36faee0dd07f4591.js":"87485776cf7fae1cb165d678b93c087b7942ec9da52471bc3b3699401e9c2511","/_next/static/chunks/webpack-6b774ee0835f8421.js":"7d335ebc9ce47c0dce3310af96937e81bbaf17026e76aa4ada92d6f7528eeddd","/favicon.ico":"8b9c4dce3353938d2027ab21f0489807587db05d65ef390a6947d32312e501a0","/_next/static/chunks/63-e830d34011207317.js":"a20e10d3747f7a0802cfccde51e63d009d1387031085d5807ff72f9f1c76a095","/_next/static/chunks/app/page-0035ef62798f8dd0.js":"ab8d85fc80202dbd7c749d2bc25f56929aa2d90bce60db36cff1c990df031f87","/_next/static/chunks/pages/_error-03529f2c21436739.js":"ba6abb4eebeecfcddc73efae356820158b6f2a1c5d7f07c1059739f9c53c0c07","/_next/static/chunks/pages/_app-0a0020ddd67f79cf.js":"f21d30b6e46d7c7b1115918b2634c1210a8404ca753d2c6ce8f31d81808f885b","/_next/static/DgFKell1QxK2_-gRpvyM9/_ssgManifest.js":"02dbc1aeab6ef0a6ff2ff9a1643158cf9bb38929945eaa343a3627dee9ba6778","/_next/static/chunks/app/layout-6340f1e2bc9cc866.js":"3bb43e57f6335c32aba0559f46161b96691abb34a16398612b833c2b4d36f833","/_next/static/DgFKell1QxK2_-gRpvyM9/_buildManifest.js":"ece46537dd0cb1645103517470fefd1dd2c83cff9ceaaec73a537ed100864c7d","/_next/static/chunks/app/_not-found/page-f44efebba2225353.js":"73bb38b0556175a3aa4a8663b3e1824e052446ff4b688dc46336b1d145a5596c","/_next/static/media/93f479601ee12b01-s.p.woff2":"a259f1cc268ca344efc6262b4995c1c232308fca60ea61efec48fcb2d49b4f03","/_next/static/media/569ce4b8f30dc480-s.p.woff2":"bc42f82a40910fe1ca4f24b681416db7137eedc966a76f190ab676ffdce95a72","/_next/static/chunks/polyfills-42372ed130431b0a.js":"67dee1c02c6a6700d63b5c1898cf2df618101a68a395db469192763d24925a23","/_next/static/chunks/main-ba974c396c7b6a55.js":"7038eee1a6d6b08cf30e6f3c6297fecb002089706917505da981af7631051c72","/_next/static/chunks/964-7a34cadcb7695cec.js":"e7e5c306c59c93ab2a8e6e11b65c5e0956dfbcec85baefd6d8bd2fccd5079cfd","/_next/static/chunks/4bd1b696-cf72ae8a39fa05aa.js":"5c6a30cdf996b38353d577ce5db93a8195d88ff2b3ccd08dcfe057bc440f8590","/_next/static/chunks/framework-7c95b8e5103c9e90.js":"4b2e46bd7b5710e8c0ee5a970ff7442b17335c36fbc206f6ad56cc82df4b7f8d"}}
[debug] [2025-08-12T16:34:29.125Z] <<< [apiv2][status] POST https://firebasehosting.googleapis.com/v1beta1/projects/880194074966/sites/gastroo-4f0a3/versions/1c38c2c0df5e926d:populateFiles 200
[debug] [2025-08-12T16:34:29.125Z] <<< [apiv2][body] POST https://firebasehosting.googleapis.com/v1beta1/projects/880194074966/sites/gastroo-4f0a3/versions/1c38c2c0df5e926d:populateFiles {"uploadRequiredHashes":["7038eee1a6d6b08cf30e6f3c6297fecb002089706917505da981af7631051c72","41730a5d3df258fd80b2c6f5545a1dcdca71c6248b2e84241f8f754aae948ff1","a259f1cc268ca344efc6262b4995c1c232308fca60ea61efec48fcb2d49b4f03","f21d30b6e46d7c7b1115918b2634c1210a8404ca753d2c6ce8f31d81808f885b","4b2e46bd7b5710e8c0ee5a970ff7442b17335c36fbc206f6ad56cc82df4b7f8d","73bb38b0556175a3aa4a8663b3e1824e052446ff4b688dc46336b1d145a5596c","ece46537dd0cb1645103517470fefd1dd2c83cff9ceaaec73a537ed100864c7d","87485776cf7fae1cb165d678b93c087b7942ec9da52471bc3b3699401e9c2511","7b16665552cb47db34db342505d6d340caaf5813ca2cba1df3536ed67ea33f64","2b719e95831c9d92a31ebbe512bbd87cc76501765edb9b6ca4734cc5a2becb94","7cdf2599fa32a0a3edc7d4126b5c8f5233d62799ddb46552ca6890389ba7d9c1","ba6abb4eebeecfcddc73efae356820158b6f2a1c5d7f07c1059739f9c53c0c07","a20e10d3747f7a0802cfccde51e63d009d1387031085d5807ff72f9f1c76a095","bc42f82a40910fe1ca4f24b681416db7137eedc966a76f190ab676ffdce95a72","cb6477bad43c44ba222b8cddfa7e4fe646b19ec7449646e8c2a426354faa630e","396955195c54144bce504511dd89d0c74a3f6b453d73823073be1a2cbe00e6de","3bb43e57f6335c32aba0559f46161b96691abb34a16398612b833c2b4d36f833","f4583878b4a6a215685ad67b20a76db896170e5aca4be79e6437ad2fbcf14739","8b9c4dce3353938d2027ab21f0489807587db05d65ef390a6947d32312e501a0","5c6a30cdf996b38353d577ce5db93a8195d88ff2b3ccd08dcfe057bc440f8590","d394b766535d8f67f1a9203403da55833d81ebb53ac3cfc83a659b9762cc131c","cccaf7bf72117d313a9afc3a475289a19b9fcd0f735c9b2e4ded6cba08a517a0","7d335ebc9ce47c0dce3310af96937e81bbaf17026e76aa4ada92d6f7528eeddd","e7e5c306c59c93ab2a8e6e11b65c5e0956dfbcec85baefd6d8bd2fccd5079cfd","67dee1c02c6a6700d63b5c1898cf2df618101a68a395db469192763d24925a23","ffb3d6634c37da9451d60557ed0e6e513e2889672e0bf202d2558062062a048a","bf07bc7ddc1ae03e7936a9347de10e85cf9a0e51f99bd8293b2a8eeca6463b49","4290c3e433bd8c97d8a3b90c1395f6c0999b0e0f40ca834bd28b91903f6d0785","ab8d85fc80202dbd7c749d2bc25f56929aa2d90bce60db36cff1c990df031f87","02dbc1aeab6ef0a6ff2ff9a1643158cf9bb38929945eaa343a3627dee9ba6778","914fe1f576f68698d9e329ea8ec6c542d8d5f150af08f1a360d188fed7597c23"],"uploadUrl":"https://upload-firebasehosting.googleapis.com/upload/sites/gastroo-4f0a3/versions/1c38c2c0df5e926d/files"}
[debug] [2025-08-12T16:34:29.126Z] Checked if tokens are valid: true, expires at: 1755017641897
[debug] [2025-08-12T16:34:29.126Z] Checked if tokens are valid: true, expires at: 1755017641897
[debug] [2025-08-12T16:34:29.126Z] Checked if tokens are valid: true, expires at: 1755017641897
[debug] [2025-08-12T16:34:29.126Z] Checked if tokens are valid: true, expires at: 1755017641897
[debug] [2025-08-12T16:34:29.127Z] Checked if tokens are valid: true, expires at: 1755017641897
[debug] [2025-08-12T16:34:29.127Z] Checked if tokens are valid: true, expires at: 1755017641897
[debug] [2025-08-12T16:34:29.127Z] Checked if tokens are valid: true, expires at: 1755017641897
[debug] [2025-08-12T16:34:29.127Z] Checked if tokens are valid: true, expires at: 1755017641897
[debug] [2025-08-12T16:34:29.127Z] Checked if tokens are valid: true, expires at: 1755017641897
[debug] [2025-08-12T16:34:29.127Z] Checked if tokens are valid: true, expires at: 1755017641897
[debug] [2025-08-12T16:34:29.127Z] Checked if tokens are valid: true, expires at: 1755017641897
[debug] [2025-08-12T16:34:29.127Z] Checked if tokens are valid: true, expires at: 1755017641897
[debug] [2025-08-12T16:34:29.127Z] Checked if tokens are valid: true, expires at: 1755017641897
[debug] [2025-08-12T16:34:29.127Z] Checked if tokens are valid: true, expires at: 1755017641897
[debug] [2025-08-12T16:34:29.127Z] Checked if tokens are valid: true, expires at: 1755017641897
[debug] [2025-08-12T16:34:29.128Z] Checked if tokens are valid: true, expires at: 1755017641897
[debug] [2025-08-12T16:34:29.128Z] Checked if tokens are valid: true, expires at: 1755017641897
[debug] [2025-08-12T16:34:29.128Z] Checked if tokens are valid: true, expires at: 1755017641897
[debug] [2025-08-12T16:34:29.128Z] Checked if tokens are valid: true, expires at: 1755017641897
[debug] [2025-08-12T16:34:29.128Z] Checked if tokens are valid: true, expires at: 1755017641897
[debug] [2025-08-12T16:34:29.129Z] Checked if tokens are valid: true, expires at: 1755017641897
[debug] [2025-08-12T16:34:29.129Z] Checked if tokens are valid: true, expires at: 1755017641897
[debug] [2025-08-12T16:34:29.129Z] Checked if tokens are valid: true, expires at: 1755017641897
[debug] [2025-08-12T16:34:29.129Z] Checked if tokens are valid: true, expires at: 1755017641897
[debug] [2025-08-12T16:34:29.129Z] Checked if tokens are valid: true, expires at: 1755017641897
[debug] [2025-08-12T16:34:29.129Z] Checked if tokens are valid: true, expires at: 1755017641897
[debug] [2025-08-12T16:34:29.129Z] Checked if tokens are valid: true, expires at: 1755017641897
[debug] [2025-08-12T16:34:29.130Z] Checked if tokens are valid: true, expires at: 1755017641897
[debug] [2025-08-12T16:34:29.130Z] Checked if tokens are valid: true, expires at: 1755017641897
[debug] [2025-08-12T16:34:29.130Z] Checked if tokens are valid: true, expires at: 1755017641897
[debug] [2025-08-12T16:34:29.130Z] Checked if tokens are valid: true, expires at: 1755017641897
[debug] [2025-08-12T16:34:29.131Z] Checked if tokens are valid: true, expires at: 1755017641897
[debug] [2025-08-12T16:34:29.131Z] Checked if tokens are valid: true, expires at: 1755017641897
[debug] [2025-08-12T16:34:29.131Z] Checked if tokens are valid: true, expires at: 1755017641897
[debug] [2025-08-12T16:34:29.132Z] Checked if tokens are valid: true, expires at: 1755017641897
[debug] [2025-08-12T16:34:29.132Z] Checked if tokens are valid: true, expires at: 1755017641897
[debug] [2025-08-12T16:34:29.132Z] Checked if tokens are valid: true, expires at: 1755017641897
[debug] [2025-08-12T16:34:29.132Z] Checked if tokens are valid: true, expires at: 1755017641897
[debug] [2025-08-12T16:34:29.133Z] Checked if tokens are valid: true, expires at: 1755017641897
[debug] [2025-08-12T16:34:29.133Z] Checked if tokens are valid: true, expires at: 1755017641897
[debug] [2025-08-12T16:34:29.133Z] Checked if tokens are valid: true, expires at: 1755017641897
[debug] [2025-08-12T16:34:29.133Z] Checked if tokens are valid: true, expires at: 1755017641897
[debug] [2025-08-12T16:34:29.133Z] Checked if tokens are valid: true, expires at: 1755017641897
[debug] [2025-08-12T16:34:29.133Z] Checked if tokens are valid: true, expires at: 1755017641897
[debug] [2025-08-12T16:34:29.134Z] Checked if tokens are valid: true, expires at: 1755017641897
[debug] [2025-08-12T16:34:29.134Z] Checked if tokens are valid: true, expires at: 1755017641897
[debug] [2025-08-12T16:34:29.134Z] Checked if tokens are valid: true, expires at: 1755017641897
[debug] [2025-08-12T16:34:29.134Z] Checked if tokens are valid: true, expires at: 1755017641897
[debug] [2025-08-12T16:34:29.134Z] Checked if tokens are valid: true, expires at: 1755017641897
[debug] [2025-08-12T16:34:29.134Z] Checked if tokens are valid: true, expires at: 1755017641897
[debug] [2025-08-12T16:34:29.135Z] Checked if tokens are valid: true, expires at: 1755017641897
[debug] [2025-08-12T16:34:29.135Z] Checked if tokens are valid: true, expires at: 1755017641897
[debug] [2025-08-12T16:34:29.135Z] Checked if tokens are valid: true, expires at: 1755017641897
[debug] [2025-08-12T16:34:29.135Z] Checked if tokens are valid: true, expires at: 1755017641897
[debug] [2025-08-12T16:34:29.136Z] Checked if tokens are valid: true, expires at: 1755017641897
[debug] [2025-08-12T16:34:29.136Z] Checked if tokens are valid: true, expires at: 1755017641897
[debug] [2025-08-12T16:34:29.136Z] Checked if tokens are valid: true, expires at: 1755017641897
[debug] [2025-08-12T16:34:29.140Z] Checked if tokens are valid: true, expires at: 1755017641897
[debug] [2025-08-12T16:34:29.142Z] Checked if tokens are valid: true, expires at: 1755017641897
[debug] [2025-08-12T16:34:29.142Z] Checked if tokens are valid: true, expires at: 1755017641897
[debug] [2025-08-12T16:34:29.142Z] Checked if tokens are valid: true, expires at: 1755017641897
[debug] [2025-08-12T16:34:29.143Z] Checked if tokens are valid: true, expires at: 1755017641897
[debug] [2025-08-12T16:34:29.149Z] >>> [apiv2][query] POST https://upload-firebasehosting.googleapis.com/upload/sites/gastroo-4f0a3/versions/1c38c2c0df5e926d/files/7038eee1a6d6b08cf30e6f3c6297fecb002089706917505da981af7631051c72 [none]
[debug] [2025-08-12T16:34:29.149Z] >>> [apiv2][body] POST https://upload-firebasehosting.googleapis.com/upload/sites/gastroo-4f0a3/versions/1c38c2c0df5e926d/files/7038eee1a6d6b08cf30e6f3c6297fecb002089706917505da981af7631051c72 [stream]
[debug] [2025-08-12T16:34:29.152Z] >>> [apiv2][query] POST https://upload-firebasehosting.googleapis.com/upload/sites/gastroo-4f0a3/versions/1c38c2c0df5e926d/files/41730a5d3df258fd80b2c6f5545a1dcdca71c6248b2e84241f8f754aae948ff1 [none]
[debug] [2025-08-12T16:34:29.152Z] >>> [apiv2][body] POST https://upload-firebasehosting.googleapis.com/upload/sites/gastroo-4f0a3/versions/1c38c2c0df5e926d/files/41730a5d3df258fd80b2c6f5545a1dcdca71c6248b2e84241f8f754aae948ff1 [stream]
[debug] [2025-08-12T16:34:29.154Z] >>> [apiv2][query] POST https://upload-firebasehosting.googleapis.com/upload/sites/gastroo-4f0a3/versions/1c38c2c0df5e926d/files/a259f1cc268ca344efc6262b4995c1c232308fca60ea61efec48fcb2d49b4f03 [none]
[debug] [2025-08-12T16:34:29.154Z] >>> [apiv2][body] POST https://upload-firebasehosting.googleapis.com/upload/sites/gastroo-4f0a3/versions/1c38c2c0df5e926d/files/a259f1cc268ca344efc6262b4995c1c232308fca60ea61efec48fcb2d49b4f03 [stream]
[debug] [2025-08-12T16:34:29.155Z] >>> [apiv2][query] POST https://upload-firebasehosting.googleapis.com/upload/sites/gastroo-4f0a3/versions/1c38c2c0df5e926d/files/f21d30b6e46d7c7b1115918b2634c1210a8404ca753d2c6ce8f31d81808f885b [none]
[debug] [2025-08-12T16:34:29.156Z] >>> [apiv2][body] POST https://upload-firebasehosting.googleapis.com/upload/sites/gastroo-4f0a3/versions/1c38c2c0df5e926d/files/f21d30b6e46d7c7b1115918b2634c1210a8404ca753d2c6ce8f31d81808f885b [stream]
[debug] [2025-08-12T16:34:29.157Z] >>> [apiv2][query] POST https://upload-firebasehosting.googleapis.com/upload/sites/gastroo-4f0a3/versions/1c38c2c0df5e926d/files/4b2e46bd7b5710e8c0ee5a970ff7442b17335c36fbc206f6ad56cc82df4b7f8d [none]
[debug] [2025-08-12T16:34:29.157Z] >>> [apiv2][body] POST https://upload-firebasehosting.googleapis.com/upload/sites/gastroo-4f0a3/versions/1c38c2c0df5e926d/files/4b2e46bd7b5710e8c0ee5a970ff7442b17335c36fbc206f6ad56cc82df4b7f8d [stream]
[debug] [2025-08-12T16:34:29.158Z] >>> [apiv2][query] POST https://upload-firebasehosting.googleapis.com/upload/sites/gastroo-4f0a3/versions/1c38c2c0df5e926d/files/73bb38b0556175a3aa4a8663b3e1824e052446ff4b688dc46336b1d145a5596c [none]
[debug] [2025-08-12T16:34:29.158Z] >>> [apiv2][body] POST https://upload-firebasehosting.googleapis.com/upload/sites/gastroo-4f0a3/versions/1c38c2c0df5e926d/files/73bb38b0556175a3aa4a8663b3e1824e052446ff4b688dc46336b1d145a5596c [stream]
[debug] [2025-08-12T16:34:29.160Z] >>> [apiv2][query] POST https://upload-firebasehosting.googleapis.com/upload/sites/gastroo-4f0a3/versions/1c38c2c0df5e926d/files/ece46537dd0cb1645103517470fefd1dd2c83cff9ceaaec73a537ed100864c7d [none]
[debug] [2025-08-12T16:34:29.160Z] >>> [apiv2][body] POST https://upload-firebasehosting.googleapis.com/upload/sites/gastroo-4f0a3/versions/1c38c2c0df5e926d/files/ece46537dd0cb1645103517470fefd1dd2c83cff9ceaaec73a537ed100864c7d [stream]
[debug] [2025-08-12T16:34:29.161Z] >>> [apiv2][query] POST https://upload-firebasehosting.googleapis.com/upload/sites/gastroo-4f0a3/versions/1c38c2c0df5e926d/files/87485776cf7fae1cb165d678b93c087b7942ec9da52471bc3b3699401e9c2511 [none]
[debug] [2025-08-12T16:34:29.161Z] >>> [apiv2][body] POST https://upload-firebasehosting.googleapis.com/upload/sites/gastroo-4f0a3/versions/1c38c2c0df5e926d/files/87485776cf7fae1cb165d678b93c087b7942ec9da52471bc3b3699401e9c2511 [stream]
[debug] [2025-08-12T16:34:29.176Z] >>> [apiv2][query] POST https://upload-firebasehosting.googleapis.com/upload/sites/gastroo-4f0a3/versions/1c38c2c0df5e926d/files/7b16665552cb47db34db342505d6d340caaf5813ca2cba1df3536ed67ea33f64 [none]
[debug] [2025-08-12T16:34:29.176Z] >>> [apiv2][body] POST https://upload-firebasehosting.googleapis.com/upload/sites/gastroo-4f0a3/versions/1c38c2c0df5e926d/files/7b16665552cb47db34db342505d6d340caaf5813ca2cba1df3536ed67ea33f64 [stream]
[debug] [2025-08-12T16:34:29.178Z] >>> [apiv2][query] POST https://upload-firebasehosting.googleapis.com/upload/sites/gastroo-4f0a3/versions/1c38c2c0df5e926d/files/2b719e95831c9d92a31ebbe512bbd87cc76501765edb9b6ca4734cc5a2becb94 [none]
[debug] [2025-08-12T16:34:29.178Z] >>> [apiv2][body] POST https://upload-firebasehosting.googleapis.com/upload/sites/gastroo-4f0a3/versions/1c38c2c0df5e926d/files/2b719e95831c9d92a31ebbe512bbd87cc76501765edb9b6ca4734cc5a2becb94 [stream]
[debug] [2025-08-12T16:34:29.184Z] >>> [apiv2][query] POST https://upload-firebasehosting.googleapis.com/upload/sites/gastroo-4f0a3/versions/1c38c2c0df5e926d/files/7cdf2599fa32a0a3edc7d4126b5c8f5233d62799ddb46552ca6890389ba7d9c1 [none]
[debug] [2025-08-12T16:34:29.184Z] >>> [apiv2][body] POST https://upload-firebasehosting.googleapis.com/upload/sites/gastroo-4f0a3/versions/1c38c2c0df5e926d/files/7cdf2599fa32a0a3edc7d4126b5c8f5233d62799ddb46552ca6890389ba7d9c1 [stream]
[debug] [2025-08-12T16:34:29.185Z] >>> [apiv2][query] POST https://upload-firebasehosting.googleapis.com/upload/sites/gastroo-4f0a3/versions/1c38c2c0df5e926d/files/ba6abb4eebeecfcddc73efae356820158b6f2a1c5d7f07c1059739f9c53c0c07 [none]
[debug] [2025-08-12T16:34:29.185Z] >>> [apiv2][body] POST https://upload-firebasehosting.googleapis.com/upload/sites/gastroo-4f0a3/versions/1c38c2c0df5e926d/files/ba6abb4eebeecfcddc73efae356820158b6f2a1c5d7f07c1059739f9c53c0c07 [stream]
[debug] [2025-08-12T16:34:29.191Z] >>> [apiv2][query] POST https://upload-firebasehosting.googleapis.com/upload/sites/gastroo-4f0a3/versions/1c38c2c0df5e926d/files/a20e10d3747f7a0802cfccde51e63d009d1387031085d5807ff72f9f1c76a095 [none]
[debug] [2025-08-12T16:34:29.192Z] >>> [apiv2][body] POST https://upload-firebasehosting.googleapis.com/upload/sites/gastroo-4f0a3/versions/1c38c2c0df5e926d/files/a20e10d3747f7a0802cfccde51e63d009d1387031085d5807ff72f9f1c76a095 [stream]
[debug] [2025-08-12T16:34:29.193Z] >>> [apiv2][query] POST https://upload-firebasehosting.googleapis.com/upload/sites/gastroo-4f0a3/versions/1c38c2c0df5e926d/files/bc42f82a40910fe1ca4f24b681416db7137eedc966a76f190ab676ffdce95a72 [none]
[debug] [2025-08-12T16:34:29.193Z] >>> [apiv2][body] POST https://upload-firebasehosting.googleapis.com/upload/sites/gastroo-4f0a3/versions/1c38c2c0df5e926d/files/bc42f82a40910fe1ca4f24b681416db7137eedc966a76f190ab676ffdce95a72 [stream]
[debug] [2025-08-12T16:34:29.194Z] >>> [apiv2][query] POST https://upload-firebasehosting.googleapis.com/upload/sites/gastroo-4f0a3/versions/1c38c2c0df5e926d/files/cb6477bad43c44ba222b8cddfa7e4fe646b19ec7449646e8c2a426354faa630e [none]
[debug] [2025-08-12T16:34:29.194Z] >>> [apiv2][body] POST https://upload-firebasehosting.googleapis.com/upload/sites/gastroo-4f0a3/versions/1c38c2c0df5e926d/files/cb6477bad43c44ba222b8cddfa7e4fe646b19ec7449646e8c2a426354faa630e [stream]
[debug] [2025-08-12T16:34:29.195Z] >>> [apiv2][query] POST https://upload-firebasehosting.googleapis.com/upload/sites/gastroo-4f0a3/versions/1c38c2c0df5e926d/files/396955195c54144bce504511dd89d0c74a3f6b453d73823073be1a2cbe00e6de [none]
[debug] [2025-08-12T16:34:29.195Z] >>> [apiv2][body] POST https://upload-firebasehosting.googleapis.com/upload/sites/gastroo-4f0a3/versions/1c38c2c0df5e926d/files/396955195c54144bce504511dd89d0c74a3f6b453d73823073be1a2cbe00e6de [stream]
[debug] [2025-08-12T16:34:29.196Z] >>> [apiv2][query] POST https://upload-firebasehosting.googleapis.com/upload/sites/gastroo-4f0a3/versions/1c38c2c0df5e926d/files/3bb43e57f6335c32aba0559f46161b96691abb34a16398612b833c2b4d36f833 [none]
[debug] [2025-08-12T16:34:29.196Z] >>> [apiv2][body] POST https://upload-firebasehosting.googleapis.com/upload/sites/gastroo-4f0a3/versions/1c38c2c0df5e926d/files/3bb43e57f6335c32aba0559f46161b96691abb34a16398612b833c2b4d36f833 [stream]
[debug] [2025-08-12T16:34:29.197Z] >>> [apiv2][query] POST https://upload-firebasehosting.googleapis.com/upload/sites/gastroo-4f0a3/versions/1c38c2c0df5e926d/files/f4583878b4a6a215685ad67b20a76db896170e5aca4be79e6437ad2fbcf14739 [none]
[debug] [2025-08-12T16:34:29.197Z] >>> [apiv2][body] POST https://upload-firebasehosting.googleapis.com/upload/sites/gastroo-4f0a3/versions/1c38c2c0df5e926d/files/f4583878b4a6a215685ad67b20a76db896170e5aca4be79e6437ad2fbcf14739 [stream]
[debug] [2025-08-12T16:34:29.198Z] >>> [apiv2][query] POST https://upload-firebasehosting.googleapis.com/upload/sites/gastroo-4f0a3/versions/1c38c2c0df5e926d/files/8b9c4dce3353938d2027ab21f0489807587db05d65ef390a6947d32312e501a0 [none]
[debug] [2025-08-12T16:34:29.198Z] >>> [apiv2][body] POST https://upload-firebasehosting.googleapis.com/upload/sites/gastroo-4f0a3/versions/1c38c2c0df5e926d/files/8b9c4dce3353938d2027ab21f0489807587db05d65ef390a6947d32312e501a0 [stream]
[debug] [2025-08-12T16:34:29.199Z] >>> [apiv2][query] POST https://upload-firebasehosting.googleapis.com/upload/sites/gastroo-4f0a3/versions/1c38c2c0df5e926d/files/5c6a30cdf996b38353d577ce5db93a8195d88ff2b3ccd08dcfe057bc440f8590 [none]
[debug] [2025-08-12T16:34:29.200Z] >>> [apiv2][body] POST https://upload-firebasehosting.googleapis.com/upload/sites/gastroo-4f0a3/versions/1c38c2c0df5e926d/files/5c6a30cdf996b38353d577ce5db93a8195d88ff2b3ccd08dcfe057bc440f8590 [stream]
[debug] [2025-08-12T16:34:29.201Z] >>> [apiv2][query] POST https://upload-firebasehosting.googleapis.com/upload/sites/gastroo-4f0a3/versions/1c38c2c0df5e926d/files/d394b766535d8f67f1a9203403da55833d81ebb53ac3cfc83a659b9762cc131c [none]
[debug] [2025-08-12T16:34:29.201Z] >>> [apiv2][body] POST https://upload-firebasehosting.googleapis.com/upload/sites/gastroo-4f0a3/versions/1c38c2c0df5e926d/files/d394b766535d8f67f1a9203403da55833d81ebb53ac3cfc83a659b9762cc131c [stream]
[debug] [2025-08-12T16:34:29.202Z] >>> [apiv2][query] POST https://upload-firebasehosting.googleapis.com/upload/sites/gastroo-4f0a3/versions/1c38c2c0df5e926d/files/cccaf7bf72117d313a9afc3a475289a19b9fcd0f735c9b2e4ded6cba08a517a0 [none]
[debug] [2025-08-12T16:34:29.203Z] >>> [apiv2][body] POST https://upload-firebasehosting.googleapis.com/upload/sites/gastroo-4f0a3/versions/1c38c2c0df5e926d/files/cccaf7bf72117d313a9afc3a475289a19b9fcd0f735c9b2e4ded6cba08a517a0 [stream]
[debug] [2025-08-12T16:34:29.203Z] >>> [apiv2][query] POST https://upload-firebasehosting.googleapis.com/upload/sites/gastroo-4f0a3/versions/1c38c2c0df5e926d/files/7d335ebc9ce47c0dce3310af96937e81bbaf17026e76aa4ada92d6f7528eeddd [none]
[debug] [2025-08-12T16:34:29.203Z] >>> [apiv2][body] POST https://upload-firebasehosting.googleapis.com/upload/sites/gastroo-4f0a3/versions/1c38c2c0df5e926d/files/7d335ebc9ce47c0dce3310af96937e81bbaf17026e76aa4ada92d6f7528eeddd [stream]
[debug] [2025-08-12T16:34:29.206Z] >>> [apiv2][query] POST https://upload-firebasehosting.googleapis.com/upload/sites/gastroo-4f0a3/versions/1c38c2c0df5e926d/files/e7e5c306c59c93ab2a8e6e11b65c5e0956dfbcec85baefd6d8bd2fccd5079cfd [none]
[debug] [2025-08-12T16:34:29.206Z] >>> [apiv2][body] POST https://upload-firebasehosting.googleapis.com/upload/sites/gastroo-4f0a3/versions/1c38c2c0df5e926d/files/e7e5c306c59c93ab2a8e6e11b65c5e0956dfbcec85baefd6d8bd2fccd5079cfd [stream]
[debug] [2025-08-12T16:34:29.207Z] >>> [apiv2][query] POST https://upload-firebasehosting.googleapis.com/upload/sites/gastroo-4f0a3/versions/1c38c2c0df5e926d/files/67dee1c02c6a6700d63b5c1898cf2df618101a68a395db469192763d24925a23 [none]
[debug] [2025-08-12T16:34:29.207Z] >>> [apiv2][body] POST https://upload-firebasehosting.googleapis.com/upload/sites/gastroo-4f0a3/versions/1c38c2c0df5e926d/files/67dee1c02c6a6700d63b5c1898cf2df618101a68a395db469192763d24925a23 [stream]
[debug] [2025-08-12T16:34:29.208Z] >>> [apiv2][query] POST https://upload-firebasehosting.googleapis.com/upload/sites/gastroo-4f0a3/versions/1c38c2c0df5e926d/files/ffb3d6634c37da9451d60557ed0e6e513e2889672e0bf202d2558062062a048a [none]
[debug] [2025-08-12T16:34:29.208Z] >>> [apiv2][body] POST https://upload-firebasehosting.googleapis.com/upload/sites/gastroo-4f0a3/versions/1c38c2c0df5e926d/files/ffb3d6634c37da9451d60557ed0e6e513e2889672e0bf202d2558062062a048a [stream]
[debug] [2025-08-12T16:34:29.210Z] >>> [apiv2][query] POST https://upload-firebasehosting.googleapis.com/upload/sites/gastroo-4f0a3/versions/1c38c2c0df5e926d/files/bf07bc7ddc1ae03e7936a9347de10e85cf9a0e51f99bd8293b2a8eeca6463b49 [none]
[debug] [2025-08-12T16:34:29.210Z] >>> [apiv2][body] POST https://upload-firebasehosting.googleapis.com/upload/sites/gastroo-4f0a3/versions/1c38c2c0df5e926d/files/bf07bc7ddc1ae03e7936a9347de10e85cf9a0e51f99bd8293b2a8eeca6463b49 [stream]
[debug] [2025-08-12T16:34:29.211Z] >>> [apiv2][query] POST https://upload-firebasehosting.googleapis.com/upload/sites/gastroo-4f0a3/versions/1c38c2c0df5e926d/files/4290c3e433bd8c97d8a3b90c1395f6c0999b0e0f40ca834bd28b91903f6d0785 [none]
[debug] [2025-08-12T16:34:29.211Z] >>> [apiv2][body] POST https://upload-firebasehosting.googleapis.com/upload/sites/gastroo-4f0a3/versions/1c38c2c0df5e926d/files/4290c3e433bd8c97d8a3b90c1395f6c0999b0e0f40ca834bd28b91903f6d0785 [stream]
[debug] [2025-08-12T16:34:29.213Z] >>> [apiv2][query] POST https://upload-firebasehosting.googleapis.com/upload/sites/gastroo-4f0a3/versions/1c38c2c0df5e926d/files/ab8d85fc80202dbd7c749d2bc25f56929aa2d90bce60db36cff1c990df031f87 [none]
[debug] [2025-08-12T16:34:29.213Z] >>> [apiv2][body] POST https://upload-firebasehosting.googleapis.com/upload/sites/gastroo-4f0a3/versions/1c38c2c0df5e926d/files/ab8d85fc80202dbd7c749d2bc25f56929aa2d90bce60db36cff1c990df031f87 [stream]
[debug] [2025-08-12T16:34:29.215Z] >>> [apiv2][query] POST https://upload-firebasehosting.googleapis.com/upload/sites/gastroo-4f0a3/versions/1c38c2c0df5e926d/files/02dbc1aeab6ef0a6ff2ff9a1643158cf9bb38929945eaa343a3627dee9ba6778 [none]
[debug] [2025-08-12T16:34:29.215Z] >>> [apiv2][body] POST https://upload-firebasehosting.googleapis.com/upload/sites/gastroo-4f0a3/versions/1c38c2c0df5e926d/files/02dbc1aeab6ef0a6ff2ff9a1643158cf9bb38929945eaa343a3627dee9ba6778 [stream]
[debug] [2025-08-12T16:34:29.217Z] >>> [apiv2][query] POST https://upload-firebasehosting.googleapis.com/upload/sites/gastroo-4f0a3/versions/1c38c2c0df5e926d/files/914fe1f576f68698d9e329ea8ec6c542d8d5f150af08f1a360d188fed7597c23 [none]
[debug] [2025-08-12T16:34:29.217Z] >>> [apiv2][body] POST https://upload-firebasehosting.googleapis.com/upload/sites/gastroo-4f0a3/versions/1c38c2c0df5e926d/files/914fe1f576f68698d9e329ea8ec6c542d8d5f150af08f1a360d188fed7597c23 [stream]
[debug] [2025-08-12T16:34:29.218Z] [hosting][populate queue][FINAL] {"max":1042,"min":1042,"avg":1042,"active":0,"complete":1,"success":1,"errored":0,"retried":0,"total":1,"elapsed":1117}
[debug] [2025-08-12T16:34:29.218Z] [hosting] uploads queued: 31
[debug] [2025-08-12T16:34:30.186Z] <<< [apiv2][status] POST https://upload-firebasehosting.googleapis.com/upload/sites/gastroo-4f0a3/versions/1c38c2c0df5e926d/files/ece46537dd0cb1645103517470fefd1dd2c83cff9ceaaec73a537ed100864c7d 200
[debug] [2025-08-12T16:34:30.186Z] <<< [apiv2][body] POST https://upload-firebasehosting.googleapis.com/upload/sites/gastroo-4f0a3/versions/1c38c2c0df5e926d/files/ece46537dd0cb1645103517470fefd1dd2c83cff9ceaaec73a537ed100864c7d [stream]
[debug] [2025-08-12T16:34:30.201Z] <<< [apiv2][status] POST https://upload-firebasehosting.googleapis.com/upload/sites/gastroo-4f0a3/versions/1c38c2c0df5e926d/files/8b9c4dce3353938d2027ab21f0489807587db05d65ef390a6947d32312e501a0 200
[debug] [2025-08-12T16:34:30.202Z] <<< [apiv2][body] POST https://upload-firebasehosting.googleapis.com/upload/sites/gastroo-4f0a3/versions/1c38c2c0df5e926d/files/8b9c4dce3353938d2027ab21f0489807587db05d65ef390a6947d32312e501a0 [stream]
[debug] [2025-08-12T16:34:30.204Z] <<< [apiv2][status] POST https://upload-firebasehosting.googleapis.com/upload/sites/gastroo-4f0a3/versions/1c38c2c0df5e926d/files/a259f1cc268ca344efc6262b4995c1c232308fca60ea61efec48fcb2d49b4f03 200
[debug] [2025-08-12T16:34:30.204Z] <<< [apiv2][body] POST https://upload-firebasehosting.googleapis.com/upload/sites/gastroo-4f0a3/versions/1c38c2c0df5e926d/files/a259f1cc268ca344efc6262b4995c1c232308fca60ea61efec48fcb2d49b4f03 [stream]
[debug] [2025-08-12T16:34:30.205Z] <<< [apiv2][status] POST https://upload-firebasehosting.googleapis.com/upload/sites/gastroo-4f0a3/versions/1c38c2c0df5e926d/files/a20e10d3747f7a0802cfccde51e63d009d1387031085d5807ff72f9f1c76a095 200
[debug] [2025-08-12T16:34:30.205Z] <<< [apiv2][body] POST https://upload-firebasehosting.googleapis.com/upload/sites/gastroo-4f0a3/versions/1c38c2c0df5e926d/files/a20e10d3747f7a0802cfccde51e63d009d1387031085d5807ff72f9f1c76a095 [stream]
[debug] [2025-08-12T16:34:30.239Z] <<< [apiv2][status] POST https://upload-firebasehosting.googleapis.com/upload/sites/gastroo-4f0a3/versions/1c38c2c0df5e926d/files/7038eee1a6d6b08cf30e6f3c6297fecb002089706917505da981af7631051c72 200
[debug] [2025-08-12T16:34:30.240Z] <<< [apiv2][body] POST https://upload-firebasehosting.googleapis.com/upload/sites/gastroo-4f0a3/versions/1c38c2c0df5e926d/files/7038eee1a6d6b08cf30e6f3c6297fecb002089706917505da981af7631051c72 [stream]
[debug] [2025-08-12T16:34:30.242Z] <<< [apiv2][status] POST https://upload-firebasehosting.googleapis.com/upload/sites/gastroo-4f0a3/versions/1c38c2c0df5e926d/files/4b2e46bd7b5710e8c0ee5a970ff7442b17335c36fbc206f6ad56cc82df4b7f8d 200
[debug] [2025-08-12T16:34:30.242Z] <<< [apiv2][body] POST https://upload-firebasehosting.googleapis.com/upload/sites/gastroo-4f0a3/versions/1c38c2c0df5e926d/files/4b2e46bd7b5710e8c0ee5a970ff7442b17335c36fbc206f6ad56cc82df4b7f8d [stream]
[debug] [2025-08-12T16:34:30.259Z] <<< [apiv2][status] POST https://upload-firebasehosting.googleapis.com/upload/sites/gastroo-4f0a3/versions/1c38c2c0df5e926d/files/7b16665552cb47db34db342505d6d340caaf5813ca2cba1df3536ed67ea33f64 200
[debug] [2025-08-12T16:34:30.260Z] <<< [apiv2][body] POST https://upload-firebasehosting.googleapis.com/upload/sites/gastroo-4f0a3/versions/1c38c2c0df5e926d/files/7b16665552cb47db34db342505d6d340caaf5813ca2cba1df3536ed67ea33f64 [stream]
[debug] [2025-08-12T16:34:30.261Z] <<< [apiv2][status] POST https://upload-firebasehosting.googleapis.com/upload/sites/gastroo-4f0a3/versions/1c38c2c0df5e926d/files/ba6abb4eebeecfcddc73efae356820158b6f2a1c5d7f07c1059739f9c53c0c07 200
[debug] [2025-08-12T16:34:30.262Z] <<< [apiv2][body] POST https://upload-firebasehosting.googleapis.com/upload/sites/gastroo-4f0a3/versions/1c38c2c0df5e926d/files/ba6abb4eebeecfcddc73efae356820158b6f2a1c5d7f07c1059739f9c53c0c07 [stream]
[debug] [2025-08-12T16:34:30.268Z] <<< [apiv2][status] POST https://upload-firebasehosting.googleapis.com/upload/sites/gastroo-4f0a3/versions/1c38c2c0df5e926d/files/ffb3d6634c37da9451d60557ed0e6e513e2889672e0bf202d2558062062a048a 200
[debug] [2025-08-12T16:34:30.269Z] <<< [apiv2][body] POST https://upload-firebasehosting.googleapis.com/upload/sites/gastroo-4f0a3/versions/1c38c2c0df5e926d/files/ffb3d6634c37da9451d60557ed0e6e513e2889672e0bf202d2558062062a048a [stream]
[debug] [2025-08-12T16:34:30.270Z] <<< [apiv2][status] POST https://upload-firebasehosting.googleapis.com/upload/sites/gastroo-4f0a3/versions/1c38c2c0df5e926d/files/2b719e95831c9d92a31ebbe512bbd87cc76501765edb9b6ca4734cc5a2becb94 200
[debug] [2025-08-12T16:34:30.270Z] <<< [apiv2][body] POST https://upload-firebasehosting.googleapis.com/upload/sites/gastroo-4f0a3/versions/1c38c2c0df5e926d/files/2b719e95831c9d92a31ebbe512bbd87cc76501765edb9b6ca4734cc5a2becb94 [stream]
[debug] [2025-08-12T16:34:30.271Z] <<< [apiv2][status] POST https://upload-firebasehosting.googleapis.com/upload/sites/gastroo-4f0a3/versions/1c38c2c0df5e926d/files/5c6a30cdf996b38353d577ce5db93a8195d88ff2b3ccd08dcfe057bc440f8590 200
[debug] [2025-08-12T16:34:30.271Z] <<< [apiv2][body] POST https://upload-firebasehosting.googleapis.com/upload/sites/gastroo-4f0a3/versions/1c38c2c0df5e926d/files/5c6a30cdf996b38353d577ce5db93a8195d88ff2b3ccd08dcfe057bc440f8590 [stream]
[debug] [2025-08-12T16:34:30.277Z] <<< [apiv2][status] POST https://upload-firebasehosting.googleapis.com/upload/sites/gastroo-4f0a3/versions/1c38c2c0df5e926d/files/914fe1f576f68698d9e329ea8ec6c542d8d5f150af08f1a360d188fed7597c23 200
[debug] [2025-08-12T16:34:30.278Z] <<< [apiv2][body] POST https://upload-firebasehosting.googleapis.com/upload/sites/gastroo-4f0a3/versions/1c38c2c0df5e926d/files/914fe1f576f68698d9e329ea8ec6c542d8d5f150af08f1a360d188fed7597c23 [stream]
[debug] [2025-08-12T16:34:30.279Z] <<< [apiv2][status] POST https://upload-firebasehosting.googleapis.com/upload/sites/gastroo-4f0a3/versions/1c38c2c0df5e926d/files/7d335ebc9ce47c0dce3310af96937e81bbaf17026e76aa4ada92d6f7528eeddd 200
[debug] [2025-08-12T16:34:30.279Z] <<< [apiv2][body] POST https://upload-firebasehosting.googleapis.com/upload/sites/gastroo-4f0a3/versions/1c38c2c0df5e926d/files/7d335ebc9ce47c0dce3310af96937e81bbaf17026e76aa4ada92d6f7528eeddd [stream]
[debug] [2025-08-12T16:34:30.280Z] <<< [apiv2][status] POST https://upload-firebasehosting.googleapis.com/upload/sites/gastroo-4f0a3/versions/1c38c2c0df5e926d/files/bf07bc7ddc1ae03e7936a9347de10e85cf9a0e51f99bd8293b2a8eeca6463b49 200
[debug] [2025-08-12T16:34:30.280Z] <<< [apiv2][body] POST https://upload-firebasehosting.googleapis.com/upload/sites/gastroo-4f0a3/versions/1c38c2c0df5e926d/files/bf07bc7ddc1ae03e7936a9347de10e85cf9a0e51f99bd8293b2a8eeca6463b49 [stream]
[debug] [2025-08-12T16:34:30.332Z] <<< [apiv2][status] POST https://upload-firebasehosting.googleapis.com/upload/sites/gastroo-4f0a3/versions/1c38c2c0df5e926d/files/396955195c54144bce504511dd89d0c74a3f6b453d73823073be1a2cbe00e6de 200
[debug] [2025-08-12T16:34:30.332Z] <<< [apiv2][body] POST https://upload-firebasehosting.googleapis.com/upload/sites/gastroo-4f0a3/versions/1c38c2c0df5e926d/files/396955195c54144bce504511dd89d0c74a3f6b453d73823073be1a2cbe00e6de [stream]
[debug] [2025-08-12T16:34:30.339Z] <<< [apiv2][status] POST https://upload-firebasehosting.googleapis.com/upload/sites/gastroo-4f0a3/versions/1c38c2c0df5e926d/files/d394b766535d8f67f1a9203403da55833d81ebb53ac3cfc83a659b9762cc131c 200
[debug] [2025-08-12T16:34:30.339Z] <<< [apiv2][body] POST https://upload-firebasehosting.googleapis.com/upload/sites/gastroo-4f0a3/versions/1c38c2c0df5e926d/files/d394b766535d8f67f1a9203403da55833d81ebb53ac3cfc83a659b9762cc131c [stream]
[debug] [2025-08-12T16:34:30.358Z] <<< [apiv2][status] POST https://upload-firebasehosting.googleapis.com/upload/sites/gastroo-4f0a3/versions/1c38c2c0df5e926d/files/87485776cf7fae1cb165d678b93c087b7942ec9da52471bc3b3699401e9c2511 200
[debug] [2025-08-12T16:34:30.358Z] <<< [apiv2][body] POST https://upload-firebasehosting.googleapis.com/upload/sites/gastroo-4f0a3/versions/1c38c2c0df5e926d/files/87485776cf7fae1cb165d678b93c087b7942ec9da52471bc3b3699401e9c2511 [stream]
[debug] [2025-08-12T16:34:30.360Z] <<< [apiv2][status] POST https://upload-firebasehosting.googleapis.com/upload/sites/gastroo-4f0a3/versions/1c38c2c0df5e926d/files/cb6477bad43c44ba222b8cddfa7e4fe646b19ec7449646e8c2a426354faa630e 200
[debug] [2025-08-12T16:34:30.360Z] <<< [apiv2][body] POST https://upload-firebasehosting.googleapis.com/upload/sites/gastroo-4f0a3/versions/1c38c2c0df5e926d/files/cb6477bad43c44ba222b8cddfa7e4fe646b19ec7449646e8c2a426354faa630e [stream]
[debug] [2025-08-12T16:34:30.368Z] <<< [apiv2][status] POST https://upload-firebasehosting.googleapis.com/upload/sites/gastroo-4f0a3/versions/1c38c2c0df5e926d/files/41730a5d3df258fd80b2c6f5545a1dcdca71c6248b2e84241f8f754aae948ff1 200
[debug] [2025-08-12T16:34:30.369Z] <<< [apiv2][body] POST https://upload-firebasehosting.googleapis.com/upload/sites/gastroo-4f0a3/versions/1c38c2c0df5e926d/files/41730a5d3df258fd80b2c6f5545a1dcdca71c6248b2e84241f8f754aae948ff1 [stream]
[debug] [2025-08-12T16:34:30.417Z] <<< [apiv2][status] POST https://upload-firebasehosting.googleapis.com/upload/sites/gastroo-4f0a3/versions/1c38c2c0df5e926d/files/73bb38b0556175a3aa4a8663b3e1824e052446ff4b688dc46336b1d145a5596c 200
[debug] [2025-08-12T16:34:30.418Z] <<< [apiv2][body] POST https://upload-firebasehosting.googleapis.com/upload/sites/gastroo-4f0a3/versions/1c38c2c0df5e926d/files/73bb38b0556175a3aa4a8663b3e1824e052446ff4b688dc46336b1d145a5596c [stream]
[debug] [2025-08-12T16:34:30.485Z] <<< [apiv2][status] POST https://upload-firebasehosting.googleapis.com/upload/sites/gastroo-4f0a3/versions/1c38c2c0df5e926d/files/f21d30b6e46d7c7b1115918b2634c1210a8404ca753d2c6ce8f31d81808f885b 200
[debug] [2025-08-12T16:34:30.485Z] <<< [apiv2][body] POST https://upload-firebasehosting.googleapis.com/upload/sites/gastroo-4f0a3/versions/1c38c2c0df5e926d/files/f21d30b6e46d7c7b1115918b2634c1210a8404ca753d2c6ce8f31d81808f885b [stream]
[debug] [2025-08-12T16:34:30.492Z] <<< [apiv2][status] POST https://upload-firebasehosting.googleapis.com/upload/sites/gastroo-4f0a3/versions/1c38c2c0df5e926d/files/67dee1c02c6a6700d63b5c1898cf2df618101a68a395db469192763d24925a23 200
[debug] [2025-08-12T16:34:30.492Z] <<< [apiv2][body] POST https://upload-firebasehosting.googleapis.com/upload/sites/gastroo-4f0a3/versions/1c38c2c0df5e926d/files/67dee1c02c6a6700d63b5c1898cf2df618101a68a395db469192763d24925a23 [stream]
[debug] [2025-08-12T16:34:30.498Z] <<< [apiv2][status] POST https://upload-firebasehosting.googleapis.com/upload/sites/gastroo-4f0a3/versions/1c38c2c0df5e926d/files/e7e5c306c59c93ab2a8e6e11b65c5e0956dfbcec85baefd6d8bd2fccd5079cfd 200
[debug] [2025-08-12T16:34:30.498Z] <<< [apiv2][body] POST https://upload-firebasehosting.googleapis.com/upload/sites/gastroo-4f0a3/versions/1c38c2c0df5e926d/files/e7e5c306c59c93ab2a8e6e11b65c5e0956dfbcec85baefd6d8bd2fccd5079cfd [stream]
[debug] [2025-08-12T16:34:30.499Z] <<< [apiv2][status] POST https://upload-firebasehosting.googleapis.com/upload/sites/gastroo-4f0a3/versions/1c38c2c0df5e926d/files/02dbc1aeab6ef0a6ff2ff9a1643158cf9bb38929945eaa343a3627dee9ba6778 200
[debug] [2025-08-12T16:34:30.499Z] <<< [apiv2][body] POST https://upload-firebasehosting.googleapis.com/upload/sites/gastroo-4f0a3/versions/1c38c2c0df5e926d/files/02dbc1aeab6ef0a6ff2ff9a1643158cf9bb38929945eaa343a3627dee9ba6778 [stream]
[debug] [2025-08-12T16:34:30.505Z] <<< [apiv2][status] POST https://upload-firebasehosting.googleapis.com/upload/sites/gastroo-4f0a3/versions/1c38c2c0df5e926d/files/bc42f82a40910fe1ca4f24b681416db7137eedc966a76f190ab676ffdce95a72 200
[debug] [2025-08-12T16:34:30.505Z] <<< [apiv2][body] POST https://upload-firebasehosting.googleapis.com/upload/sites/gastroo-4f0a3/versions/1c38c2c0df5e926d/files/bc42f82a40910fe1ca4f24b681416db7137eedc966a76f190ab676ffdce95a72 [stream]
[debug] [2025-08-12T16:34:30.526Z] <<< [apiv2][status] POST https://upload-firebasehosting.googleapis.com/upload/sites/gastroo-4f0a3/versions/1c38c2c0df5e926d/files/7cdf2599fa32a0a3edc7d4126b5c8f5233d62799ddb46552ca6890389ba7d9c1 200
[debug] [2025-08-12T16:34:30.526Z] <<< [apiv2][body] POST https://upload-firebasehosting.googleapis.com/upload/sites/gastroo-4f0a3/versions/1c38c2c0df5e926d/files/7cdf2599fa32a0a3edc7d4126b5c8f5233d62799ddb46552ca6890389ba7d9c1 [stream]
[debug] [2025-08-12T16:34:30.559Z] <<< [apiv2][status] POST https://upload-firebasehosting.googleapis.com/upload/sites/gastroo-4f0a3/versions/1c38c2c0df5e926d/files/f4583878b4a6a215685ad67b20a76db896170e5aca4be79e6437ad2fbcf14739 200
[debug] [2025-08-12T16:34:30.559Z] <<< [apiv2][body] POST https://upload-firebasehosting.googleapis.com/upload/sites/gastroo-4f0a3/versions/1c38c2c0df5e926d/files/f4583878b4a6a215685ad67b20a76db896170e5aca4be79e6437ad2fbcf14739 [stream]
[debug] [2025-08-12T16:34:30.588Z] <<< [apiv2][status] POST https://upload-firebasehosting.googleapis.com/upload/sites/gastroo-4f0a3/versions/1c38c2c0df5e926d/files/3bb43e57f6335c32aba0559f46161b96691abb34a16398612b833c2b4d36f833 200
[debug] [2025-08-12T16:34:30.588Z] <<< [apiv2][body] POST https://upload-firebasehosting.googleapis.com/upload/sites/gastroo-4f0a3/versions/1c38c2c0df5e926d/files/3bb43e57f6335c32aba0559f46161b96691abb34a16398612b833c2b4d36f833 [stream]
[debug] [2025-08-12T16:34:30.596Z] <<< [apiv2][status] POST https://upload-firebasehosting.googleapis.com/upload/sites/gastroo-4f0a3/versions/1c38c2c0df5e926d/files/4290c3e433bd8c97d8a3b90c1395f6c0999b0e0f40ca834bd28b91903f6d0785 200
[debug] [2025-08-12T16:34:30.596Z] <<< [apiv2][body] POST https://upload-firebasehosting.googleapis.com/upload/sites/gastroo-4f0a3/versions/1c38c2c0df5e926d/files/4290c3e433bd8c97d8a3b90c1395f6c0999b0e0f40ca834bd28b91903f6d0785 [stream]
[debug] [2025-08-12T16:34:30.634Z] <<< [apiv2][status] POST https://upload-firebasehosting.googleapis.com/upload/sites/gastroo-4f0a3/versions/1c38c2c0df5e926d/files/cccaf7bf72117d313a9afc3a475289a19b9fcd0f735c9b2e4ded6cba08a517a0 200
[debug] [2025-08-12T16:34:30.634Z] <<< [apiv2][body] POST https://upload-firebasehosting.googleapis.com/upload/sites/gastroo-4f0a3/versions/1c38c2c0df5e926d/files/cccaf7bf72117d313a9afc3a475289a19b9fcd0f735c9b2e4ded6cba08a517a0 [stream]
[debug] [2025-08-12T16:34:30.800Z] <<< [apiv2][status] POST https://upload-firebasehosting.googleapis.com/upload/sites/gastroo-4f0a3/versions/1c38c2c0df5e926d/files/ab8d85fc80202dbd7c749d2bc25f56929aa2d90bce60db36cff1c990df031f87 200
[debug] [2025-08-12T16:34:30.800Z] <<< [apiv2][body] POST https://upload-firebasehosting.googleapis.com/upload/sites/gastroo-4f0a3/versions/1c38c2c0df5e926d/files/ab8d85fc80202dbd7c749d2bc25f56929aa2d90bce60db36cff1c990df031f87 [stream]
[debug] [2025-08-12T16:34:30.800Z] [hosting][upload queue][FINAL] {"max":1664,"min":1059,"avg":1249.8064516129032,"active":0,"complete":31,"success":31,"errored":0,"retried":0,"total":31,"elapsed":1675}
[info] ✔  hosting[gastroo-4f0a3]: file upload complete 
[debug] [2025-08-12T16:34:30.801Z] [hosting] deploy completed after 2757ms
[debug] [2025-08-12T16:34:30.802Z] Checked if tokens are valid: true, expires at: 1755017641897
[debug] [2025-08-12T16:34:30.802Z] Checked if tokens are valid: true, expires at: 1755017641897
[debug] [2025-08-12T16:34:30.802Z] >>> [apiv2][query] GET https://cloudbilling.googleapis.com/v1/projects/gastroo-4f0a3/billingInfo [none]
[debug] [2025-08-12T16:34:31.539Z] <<< [apiv2][status] GET https://cloudbilling.googleapis.com/v1/projects/gastroo-4f0a3/billingInfo 200
[debug] [2025-08-12T16:34:31.539Z] <<< [apiv2][body] GET https://cloudbilling.googleapis.com/v1/projects/gastroo-4f0a3/billingInfo {"name":"projects/gastroo-4f0a3/billingInfo","projectId":"gastroo-4f0a3","billingAccountName":"billingAccounts/0194A0-3DEFE3-78E0C2","billingEnabled":true}
[debug] [2025-08-12T16:34:31.540Z] Checked if tokens are valid: true, expires at: 1755017641897
[debug] [2025-08-12T16:34:31.540Z] Checked if tokens are valid: true, expires at: 1755017641897
[debug] [2025-08-12T16:34:31.540Z] >>> [apiv2][query] GET https://storage.googleapis.com/storage/v1/b/firebaseapphosting-sources-880194074966-europe-west4 [none]
[debug] [2025-08-12T16:34:32.047Z] <<< [apiv2][status] GET https://storage.googleapis.com/storage/v1/b/firebaseapphosting-sources-880194074966-europe-west4 404
[debug] [2025-08-12T16:34:32.047Z] <<< [apiv2][body] GET https://storage.googleapis.com/storage/v1/b/firebaseapphosting-sources-880194074966-europe-west4 {"error":{"code":404,"message":"The specified bucket does not exist.","errors":[{"message":"The specified bucket does not exist.","domain":"global","reason":"notFound"}]}}
[debug] Request to https://storage.googleapis.com/storage/v1/b/firebaseapphosting-sources-880194074966-europe-west4 had HTTP Error: 404, The specified bucket does not exist.
[info] i  apphosting: Creating Cloud Storage bucket in europe-west4 to store App Hosting source code uploads at firebaseapphosting-sources-880194074966-europe-west4... 
[debug] [2025-08-12T16:34:32.048Z] Checked if tokens are valid: true, expires at: 1755017641897
[debug] [2025-08-12T16:34:32.048Z] Checked if tokens are valid: true, expires at: 1755017641897
[debug] [2025-08-12T16:34:32.048Z] >>> [apiv2][query] POST https://storage.googleapis.com/storage/v1/b project=gastroo-4f0a3
[debug] [2025-08-12T16:34:32.048Z] >>> [apiv2][body] POST https://storage.googleapis.com/storage/v1/b {"name":"firebaseapphosting-sources-880194074966-europe-west4","location":"europe-west4","lifecycle":{"rule":[{"action":{"type":"Delete"},"condition":{"age":30}}]}}
[debug] [2025-08-12T16:34:33.502Z] <<< [apiv2][status] POST https://storage.googleapis.com/storage/v1/b 200
[debug] [2025-08-12T16:34:33.502Z] <<< [apiv2][body] POST https://storage.googleapis.com/storage/v1/b {"kind":"storage#bucket","selfLink":"https://www.googleapis.com/storage/v1/b/firebaseapphosting-sources-880194074966-europe-west4","id":"firebaseapphosting-sources-880194074966-europe-west4","name":"firebaseapphosting-sources-880194074966-europe-west4","projectNumber":"880194074966","generation":"1755016473014203421","metageneration":"1","location":"EUROPE-WEST4","storageClass":"STANDARD","etag":"CAE=","timeCreated":"2025-08-12T16:34:33.446Z","updated":"2025-08-12T16:34:33.446Z","lifecycle":{"rule":[{"action":{"type":"Delete"},"condition":{"age":30}}]},"softDeletePolicy":{"retentionDurationSeconds":"604800","effectiveTime":"2025-08-12T16:34:33.446Z"},"iamConfiguration":{"bucketPolicyOnly":{"enabled":false},"uniformBucketLevelAccess":{"enabled":false},"publicAccessPrevention":"inherited"},"locationType":"region","satisfiesPZI":true}
[info] i  apphosting: Uploading source code at /Users/mmierzej/Desktop/code/gastroo-space for backend gastroo-be... 
[debug] [2025-08-12T16:34:33.620Z] Checked if tokens are valid: true, expires at: 1755017641897
[debug] [2025-08-12T16:34:33.620Z] Checked if tokens are valid: true, expires at: 1755017641897
[debug] [2025-08-12T16:34:33.620Z] >>> [apiv2][query] PUT https://storage.googleapis.com/firebaseapphosting-sources-880194074966-europe-west4/gastroo-be--96438-fA53ZyE0Ug3Z-.zip [none]
[debug] [2025-08-12T16:34:33.620Z] >>> [apiv2][body] PUT https://storage.googleapis.com/firebaseapphosting-sources-880194074966-europe-west4/gastroo-be--96438-fA53ZyE0Ug3Z-.zip [stream]
[debug] [2025-08-12T16:34:33.882Z] <<< [apiv2][status] PUT https://storage.googleapis.com/firebaseapphosting-sources-880194074966-europe-west4/gastroo-be--96438-fA53ZyE0Ug3Z-.zip 200
[debug] [2025-08-12T16:34:33.882Z] <<< [apiv2][body] PUT https://storage.googleapis.com/firebaseapphosting-sources-880194074966-europe-west4/gastroo-be--96438-fA53ZyE0Ug3Z-.zip undefined
[info] i  apphosting: Source code uploaded at gs://firebaseapphosting-sources-880194074966-europe-west4/gastroo-be--96438-fA53ZyE0Ug3Z-.zip 
[info] i  database: releasing rules... 
[debug] [2025-08-12T16:34:33.883Z] Checked if tokens are valid: true, expires at: 1755017641897
[debug] [2025-08-12T16:34:33.883Z] Checked if tokens are valid: true, expires at: 1755017641897
[debug] [2025-08-12T16:34:33.883Z] >>> [apiv2][query] GET https://firebasedatabase.googleapis.com/v1beta/projects/gastroo-4f0a3/locations/-/instances/gastroo-4f0a3-default-rtdb [none]
[debug] [2025-08-12T16:34:34.798Z] <<< [apiv2][status] GET https://firebasedatabase.googleapis.com/v1beta/projects/gastroo-4f0a3/locations/-/instances/gastroo-4f0a3-default-rtdb 200
[debug] [2025-08-12T16:34:34.798Z] <<< [apiv2][body] GET https://firebasedatabase.googleapis.com/v1beta/projects/gastroo-4f0a3/locations/-/instances/gastroo-4f0a3-default-rtdb {"name":"projects/880194074966/locations/europe-west1/instances/gastroo-4f0a3-default-rtdb","project":"projects/880194074966","databaseUrl":"https://gastroo-4f0a3-default-rtdb.europe-west1.firebasedatabase.app","type":"DEFAULT_DATABASE","state":"ACTIVE"}
[debug] [2025-08-12T16:34:34.799Z] Checked if tokens are valid: true, expires at: 1755017641897
[debug] [2025-08-12T16:34:34.800Z] Checked if tokens are valid: true, expires at: 1755017641897
[debug] [2025-08-12T16:34:34.800Z] >>> [apiv2][query] PUT https://gastroo-4f0a3-default-rtdb.europe-west1.firebasedatabase.app/.settings/rules.json 
[debug] [2025-08-12T16:34:34.800Z] >>> [apiv2][body] PUT https://gastroo-4f0a3-default-rtdb.europe-west1.firebasedatabase.app/.settings/rules.json "{\n  /* Visit https://firebase.google.com/docs/database/security to learn more about security rules. */\n  \"rules\": {\n    \".read\": false,\n    \".write\": false\n  }\n}"
[debug] [2025-08-12T16:34:35.097Z] <<< [apiv2][status] PUT https://gastroo-4f0a3-default-rtdb.europe-west1.firebasedatabase.app/.settings/rules.json 200
[debug] [2025-08-12T16:34:35.097Z] <<< [apiv2][body] PUT https://gastroo-4f0a3-default-rtdb.europe-west1.firebasedatabase.app/.settings/rules.json {"status":"ok"}
[info] ✔  database: rules for database gastroo-4f0a3-default-rtdb released successfully 
[debug] [2025-08-12T16:34:35.098Z] [rules] releasing firebase.storage/gastroo-4f0a3.firebasestorage.app with ruleset projects/gastroo-4f0a3/rulesets/0e95ac81-33c5-42d4-8ffb-f6a88b22d4bc
[debug] [2025-08-12T16:34:35.098Z] Checked if tokens are valid: true, expires at: 1755017641897
[debug] [2025-08-12T16:34:35.098Z] Checked if tokens are valid: true, expires at: 1755017641897
[debug] [2025-08-12T16:34:35.098Z] >>> [apiv2][query] PATCH https://firebaserules.googleapis.com/v1/projects/gastroo-4f0a3/releases/firebase.storage/gastroo-4f0a3.firebasestorage.app [none]
[debug] [2025-08-12T16:34:35.098Z] >>> [apiv2][body] PATCH https://firebaserules.googleapis.com/v1/projects/gastroo-4f0a3/releases/firebase.storage/gastroo-4f0a3.firebasestorage.app {"release":{"name":"projects/gastroo-4f0a3/releases/firebase.storage/gastroo-4f0a3.firebasestorage.app","rulesetName":"projects/gastroo-4f0a3/rulesets/0e95ac81-33c5-42d4-8ffb-f6a88b22d4bc"}}
[debug] [2025-08-12T16:34:36.019Z] <<< [apiv2][status] PATCH https://firebaserules.googleapis.com/v1/projects/gastroo-4f0a3/releases/firebase.storage/gastroo-4f0a3.firebasestorage.app 200
[debug] [2025-08-12T16:34:36.020Z] <<< [apiv2][body] PATCH https://firebaserules.googleapis.com/v1/projects/gastroo-4f0a3/releases/firebase.storage/gastroo-4f0a3.firebasestorage.app {"name":"projects/gastroo-4f0a3/releases/firebase.storage/gastroo-4f0a3.firebasestorage.app","rulesetName":"projects/gastroo-4f0a3/rulesets/0e95ac81-33c5-42d4-8ffb-f6a88b22d4bc","createTime":"2025-08-12T16:31:54.677900Z","updateTime":"2025-08-12T16:34:35.977566Z"}
[debug] [2025-08-12T16:34:36.020Z] [rules] updated release projects/gastroo-4f0a3/releases/firebase.storage/gastroo-4f0a3.firebasestorage.app
[info] ✔  storage: released rules storage.rules to firebase.storage 
[debug] [2025-08-12T16:34:36.020Z] [rules] releasing cloud.firestore/(default) with ruleset projects/gastroo-4f0a3/rulesets/20184543-786d-4fa7-acde-875f261323ea
[debug] [2025-08-12T16:34:36.020Z] Checked if tokens are valid: true, expires at: 1755017641897
[debug] [2025-08-12T16:34:36.020Z] Checked if tokens are valid: true, expires at: 1755017641897
[debug] [2025-08-12T16:34:36.020Z] >>> [apiv2][query] PATCH https://firebaserules.googleapis.com/v1/projects/gastroo-4f0a3/releases/cloud.firestore/(default) [none]
[debug] [2025-08-12T16:34:36.021Z] >>> [apiv2][body] PATCH https://firebaserules.googleapis.com/v1/projects/gastroo-4f0a3/releases/cloud.firestore/(default) {"release":{"name":"projects/gastroo-4f0a3/releases/cloud.firestore/(default)","rulesetName":"projects/gastroo-4f0a3/rulesets/20184543-786d-4fa7-acde-875f261323ea"}}
[debug] [2025-08-12T16:34:36.699Z] <<< [apiv2][status] PATCH https://firebaserules.googleapis.com/v1/projects/gastroo-4f0a3/releases/cloud.firestore/(default) 404
[debug] [2025-08-12T16:34:36.699Z] <<< [apiv2][body] PATCH https://firebaserules.googleapis.com/v1/projects/gastroo-4f0a3/releases/cloud.firestore/(default) {"error":{"code":404,"message":"Requested entity was not found.","status":"NOT_FOUND"}}
[debug] [2025-08-12T16:34:36.699Z] [rules] ruleset update failed, attempting to create instead
[debug] [2025-08-12T16:34:36.699Z] Checked if tokens are valid: true, expires at: 1755017641897
[debug] [2025-08-12T16:34:36.699Z] Checked if tokens are valid: true, expires at: 1755017641897
[debug] [2025-08-12T16:34:36.700Z] >>> [apiv2][query] POST https://firebaserules.googleapis.com/v1/projects/gastroo-4f0a3/releases [none]
[debug] [2025-08-12T16:34:36.700Z] >>> [apiv2][body] POST https://firebaserules.googleapis.com/v1/projects/gastroo-4f0a3/releases {"name":"projects/gastroo-4f0a3/releases/cloud.firestore/(default)","rulesetName":"projects/gastroo-4f0a3/rulesets/20184543-786d-4fa7-acde-875f261323ea"}
[debug] [2025-08-12T16:34:37.589Z] <<< [apiv2][status] POST https://firebaserules.googleapis.com/v1/projects/gastroo-4f0a3/releases 200
[debug] [2025-08-12T16:34:37.589Z] <<< [apiv2][body] POST https://firebaserules.googleapis.com/v1/projects/gastroo-4f0a3/releases {"name":"projects/gastroo-4f0a3/releases/cloud.firestore","rulesetName":"projects/gastroo-4f0a3/rulesets/20184543-786d-4fa7-acde-875f261323ea","createTime":"2025-08-12T16:34:37.549795Z","updateTime":"2025-08-12T16:34:37.549795Z"}
[debug] [2025-08-12T16:34:37.589Z] [rules] created release projects/gastroo-4f0a3/releases/cloud.firestore
[info] ✔  firestore: released rules firestore.rules to cloud.firestore 
[info] i  functions: creating Node.js 20 (2nd Gen) function firebase-frameworks-gastroo-4f0a3:ssrgastroo4f0a3(europe-west1)... 
[debug] [2025-08-12T16:34:37.599Z] Checked if tokens are valid: true, expires at: 1755017641897
[debug] [2025-08-12T16:34:37.599Z] Checked if tokens are valid: true, expires at: 1755017641897
[debug] [2025-08-12T16:34:37.600Z] >>> [apiv2][query] POST https://cloudfunctions.googleapis.com/v2/projects/gastroo-4f0a3/locations/europe-west1/functions functionId=ssrgastroo4f0a3
[debug] [2025-08-12T16:34:37.600Z] >>> [apiv2][body] POST https://cloudfunctions.googleapis.com/v2/projects/gastroo-4f0a3/locations/europe-west1/functions {"name":"projects/gastroo-4f0a3/locations/europe-west1/functions/ssrgastroo4f0a3","buildConfig":{"runtime":"nodejs20","entryPoint":"ssrgastroo4f0a3","source":{"storageSource":{"bucket":"gcf-v2-uploads-880194074966.europe-west1.cloudfunctions.appspot.com","object":"056130dc-b85f-4a84-aa26-056ca7f55ed2.zip"}},"environmentVariables":{"GOOGLE_NODE_RUN_SCRIPTS":""}},"serviceConfig":{"environmentVariables":{"VERCEL_URL":"gastroo-4f0a3.web.app","__FIREBASE_FRAMEWORKS_ENTRY__":"next.js","__FIREBASE_DEFAULTS__":"{\"config\":{\"projectId\":\"gastroo-4f0a3\",\"appId\":\"1:880194074966:web:eb44133ad67d27f5a2fef7\",\"databaseURL\":\"https://gastroo-4f0a3-default-rtdb.europe-west1.firebasedatabase.app\",\"storageBucket\":\"gastroo-4f0a3.firebasestorage.app\",\"apiKey\":\"AIzaSyD35VjXyAgjalKrECvM-JCGyqVu4CBF-dg\",\"authDomain\":\"gastroo-4f0a3.firebaseapp.com\",\"messagingSenderId\":\"880194074966\",\"measurementId\":\"G-TTYZLTJG4W\"},\"_authTokenSyncURL\":\"/__session\"}","FIREBASE_CONFIG":"{\"projectId\":\"gastroo-4f0a3\",\"databaseURL\":\"https://gastroo-4f0a3-default-rtdb.europe-west1.firebasedatabase.app\",\"storageBucket\":\"gastroo-4f0a3.firebasestorage.app\"}","GCLOUD_PROJECT":"gastroo-4f0a3","EVENTARC_CLOUD_EVENT_SOURCE":"projects/gastroo-4f0a3/locations/europe-west1/services/ssrgastroo4f0a3","FUNCTION_TARGET":"ssrgastroo4f0a3","LOG_EXECUTION_ID":"true"},"ingressSettings":null,"timeoutSeconds":null,"serviceAccountEmail":null,"availableMemory":"256Mi","minInstanceCount":null,"maxInstanceCount":null,"maxInstanceRequestConcurrency":80,"availableCpu":"1","vpcConnector":null,"vpcConnectorEgressSettings":null},"labels":{"deployment-tool":"cli-firebase","firebase-functions-codebase":"firebase-frameworks-gastroo-4f0a3","firebase-functions-hash":"74fe466b7a873cf7e38ab2d93a05613f20279f0b"}}
[debug] [2025-08-12T16:34:40.018Z] <<< [apiv2][status] POST https://cloudfunctions.googleapis.com/v2/projects/gastroo-4f0a3/locations/europe-west1/functions 200
[debug] [2025-08-12T16:34:40.018Z] <<< [apiv2][body] POST https://cloudfunctions.googleapis.com/v2/projects/gastroo-4f0a3/locations/europe-west1/functions {"name":"projects/gastroo-4f0a3/locations/europe-west1/operations/operation-1755016477833-63c2d9dbc785c-d2b3a89e-6eeefb34","metadata":{"@type":"type.googleapis.com/google.cloud.functions.v2.OperationMetadata","createTime":"2025-08-12T16:34:40.035067661Z","target":"projects/gastroo-4f0a3/locations/europe-west1/functions/ssrgastroo4f0a3","verb":"create","cancelRequested":false,"apiVersion":"v2"},"done":false}
[debug] [2025-08-12T16:34:40.019Z] Checked if tokens are valid: true, expires at: 1755017641897
[debug] [2025-08-12T16:34:40.019Z] Checked if tokens are valid: true, expires at: 1755017641897
[debug] [2025-08-12T16:34:40.019Z] >>> [apiv2][query] GET https://cloudfunctions.googleapis.com/v2/projects/gastroo-4f0a3/locations/europe-west1/operations/operation-1755016477833-63c2d9dbc785c-d2b3a89e-6eeefb34 [none]
[debug] [2025-08-12T16:34:40.159Z] <<< [apiv2][status] GET https://cloudfunctions.googleapis.com/v2/projects/gastroo-4f0a3/locations/europe-west1/operations/operation-1755016477833-63c2d9dbc785c-d2b3a89e-6eeefb34 200
[debug] [2025-08-12T16:34:40.159Z] <<< [apiv2][body] GET https://cloudfunctions.googleapis.com/v2/projects/gastroo-4f0a3/locations/europe-west1/operations/operation-1755016477833-63c2d9dbc785c-d2b3a89e-6eeefb34 {"name":"projects/gastroo-4f0a3/locations/europe-west1/operations/operation-1755016477833-63c2d9dbc785c-d2b3a89e-6eeefb34","metadata":{"@type":"type.googleapis.com/google.cloud.functions.v2.OperationMetadata","createTime":"2025-08-12T16:34:40.035067661Z","target":"projects/gastroo-4f0a3/locations/europe-west1/functions/ssrgastroo4f0a3","verb":"create","cancelRequested":false,"apiVersion":"v2"},"done":false}
[debug] [2025-08-12T16:34:40.661Z] [create-firebase-frameworks-gastroo-4f0a3-europe-west1-ssrgastroo4f0a3] Retrying task index 0
[debug] [2025-08-12T16:34:40.662Z] Checked if tokens are valid: true, expires at: 1755017641897
[debug] [2025-08-12T16:34:40.662Z] Checked if tokens are valid: true, expires at: 1755017641897
[debug] [2025-08-12T16:34:40.662Z] >>> [apiv2][query] GET https://cloudfunctions.googleapis.com/v2/projects/gastroo-4f0a3/locations/europe-west1/operations/operation-1755016477833-63c2d9dbc785c-d2b3a89e-6eeefb34 [none]
[debug] [2025-08-12T16:34:40.794Z] <<< [apiv2][status] GET https://cloudfunctions.googleapis.com/v2/projects/gastroo-4f0a3/locations/europe-west1/operations/operation-1755016477833-63c2d9dbc785c-d2b3a89e-6eeefb34 200
[debug] [2025-08-12T16:34:40.794Z] <<< [apiv2][body] GET https://cloudfunctions.googleapis.com/v2/projects/gastroo-4f0a3/locations/europe-west1/operations/operation-1755016477833-63c2d9dbc785c-d2b3a89e-6eeefb34 {"name":"projects/gastroo-4f0a3/locations/europe-west1/operations/operation-1755016477833-63c2d9dbc785c-d2b3a89e-6eeefb34","metadata":{"@type":"type.googleapis.com/google.cloud.functions.v2.OperationMetadata","createTime":"2025-08-12T16:34:40.035067661Z","target":"projects/gastroo-4f0a3/locations/europe-west1/functions/ssrgastroo4f0a3","verb":"create","cancelRequested":false,"apiVersion":"v2","requestResource":{"@type":"type.googleapis.com/google.cloud.functions.v2.Function","name":"projects/gastroo-4f0a3/locations/europe-west1/functions/ssrgastroo4f0a3","buildConfig":{"runtime":"nodejs20","entryPoint":"ssrgastroo4f0a3","source":{"storageSource":{"bucket":"gcf-v2-sources-880194074966-europe-west1","object":"ssrgastroo4f0a3/function-source.zip","generation":"1755016479483943"}},"environmentVariables":{"GOOGLE_NODE_RUN_SCRIPTS":""},"serviceAccount":"projects/gastroo-4f0a3/serviceAccounts/880194074966-compute@developer.gserviceaccount.com","automaticUpdatePolicy":{}},"serviceConfig":{"service":"projects/gastroo-4f0a3/locations/europe-west1/services/ssrgastroo4f0a3","timeoutSeconds":60,"environmentVariables":{"VERCEL_URL":"gastroo-4f0a3.web.app","__FIREBASE_FRAMEWORKS_ENTRY__":"next.js","__FIREBASE_DEFAULTS__":"{\"config\":{\"projectId\":\"gastroo-4f0a3\",\"appId\":\"1:880194074966:web:eb44133ad67d27f5a2fef7\",\"databaseURL\":\"https://gastroo-4f0a3-default-rtdb.europe-west1.firebasedatabase.app\",\"storageBucket\":\"gastroo-4f0a3.firebasestorage.app\",\"apiKey\":\"AIzaSyD35VjXyAgjalKrECvM-JCGyqVu4CBF-dg\",\"authDomain\":\"gastroo-4f0a3.firebaseapp.com\",\"messagingSenderId\":\"880194074966\",\"measurementId\":\"G-TTYZLTJG4W\"},\"_authTokenSyncURL\":\"/__session\"}","FIREBASE_CONFIG":"{\"projectId\":\"gastroo-4f0a3\",\"databaseURL\":\"https://gastroo-4f0a3-default-rtdb.europe-west1.firebasedatabase.app\",\"storageBucket\":\"gastroo-4f0a3.firebasestorage.app\"}","GCLOUD_PROJECT":"gastroo-4f0a3","EVENTARC_CLOUD_EVENT_SOURCE":"projects/gastroo-4f0a3/locations/europe-west1/services/ssrgastroo4f0a3","FUNCTION_TARGET":"ssrgastroo4f0a3","LOG_EXECUTION_ID":"true"},"ingressSettings":"ALLOW_ALL","serviceAccountEmail":"880194074966-compute@developer.gserviceaccount.com","availableMemory":"256Mi","maxInstanceRequestConcurrency":80,"availableCpu":"1"},"labels":{"deployment-tool":"cli-firebase","firebase-functions-codebase":"firebase-frameworks-gastroo-4f0a3","firebase-functions-hash":"74fe466b7a873cf7e38ab2d93a05613f20279f0b"},"environment":"GEN_2"},"stages":[{"name":"BUILD","state":"NOT_STARTED"},{"name":"SERVICE","state":"NOT_STARTED"}],"operationType":"CREATE_FUNCTION"},"done":false}
[debug] [2025-08-12T16:34:41.796Z] [create-firebase-frameworks-gastroo-4f0a3-europe-west1-ssrgastroo4f0a3] Retrying task index 0
[debug] [2025-08-12T16:34:41.796Z] Checked if tokens are valid: true, expires at: 1755017641897
[debug] [2025-08-12T16:34:41.796Z] Checked if tokens are valid: true, expires at: 1755017641897
[debug] [2025-08-12T16:34:41.796Z] >>> [apiv2][query] GET https://cloudfunctions.googleapis.com/v2/projects/gastroo-4f0a3/locations/europe-west1/operations/operation-1755016477833-63c2d9dbc785c-d2b3a89e-6eeefb34 [none]
[debug] [2025-08-12T16:34:41.899Z] <<< [apiv2][status] GET https://cloudfunctions.googleapis.com/v2/projects/gastroo-4f0a3/locations/europe-west1/operations/operation-1755016477833-63c2d9dbc785c-d2b3a89e-6eeefb34 200
[debug] [2025-08-12T16:34:41.900Z] <<< [apiv2][body] GET https://cloudfunctions.googleapis.com/v2/projects/gastroo-4f0a3/locations/europe-west1/operations/operation-1755016477833-63c2d9dbc785c-d2b3a89e-6eeefb34 {"name":"projects/gastroo-4f0a3/locations/europe-west1/operations/operation-1755016477833-63c2d9dbc785c-d2b3a89e-6eeefb34","metadata":{"@type":"type.googleapis.com/google.cloud.functions.v2.OperationMetadata","createTime":"2025-08-12T16:34:40.035067661Z","target":"projects/gastroo-4f0a3/locations/europe-west1/functions/ssrgastroo4f0a3","verb":"create","cancelRequested":false,"apiVersion":"v2","requestResource":{"@type":"type.googleapis.com/google.cloud.functions.v2.Function","name":"projects/gastroo-4f0a3/locations/europe-west1/functions/ssrgastroo4f0a3","buildConfig":{"runtime":"nodejs20","entryPoint":"ssrgastroo4f0a3","source":{"storageSource":{"bucket":"gcf-v2-sources-880194074966-europe-west1","object":"ssrgastroo4f0a3/function-source.zip","generation":"1755016479483943"}},"environmentVariables":{"GOOGLE_NODE_RUN_SCRIPTS":""},"serviceAccount":"projects/gastroo-4f0a3/serviceAccounts/880194074966-compute@developer.gserviceaccount.com","automaticUpdatePolicy":{}},"serviceConfig":{"service":"projects/gastroo-4f0a3/locations/europe-west1/services/ssrgastroo4f0a3","timeoutSeconds":60,"environmentVariables":{"VERCEL_URL":"gastroo-4f0a3.web.app","__FIREBASE_FRAMEWORKS_ENTRY__":"next.js","__FIREBASE_DEFAULTS__":"{\"config\":{\"projectId\":\"gastroo-4f0a3\",\"appId\":\"1:880194074966:web:eb44133ad67d27f5a2fef7\",\"databaseURL\":\"https://gastroo-4f0a3-default-rtdb.europe-west1.firebasedatabase.app\",\"storageBucket\":\"gastroo-4f0a3.firebasestorage.app\",\"apiKey\":\"AIzaSyD35VjXyAgjalKrECvM-JCGyqVu4CBF-dg\",\"authDomain\":\"gastroo-4f0a3.firebaseapp.com\",\"messagingSenderId\":\"880194074966\",\"measurementId\":\"G-TTYZLTJG4W\"},\"_authTokenSyncURL\":\"/__session\"}","FIREBASE_CONFIG":"{\"projectId\":\"gastroo-4f0a3\",\"databaseURL\":\"https://gastroo-4f0a3-default-rtdb.europe-west1.firebasedatabase.app\",\"storageBucket\":\"gastroo-4f0a3.firebasestorage.app\"}","GCLOUD_PROJECT":"gastroo-4f0a3","EVENTARC_CLOUD_EVENT_SOURCE":"projects/gastroo-4f0a3/locations/europe-west1/services/ssrgastroo4f0a3","FUNCTION_TARGET":"ssrgastroo4f0a3","LOG_EXECUTION_ID":"true"},"ingressSettings":"ALLOW_ALL","serviceAccountEmail":"880194074966-compute@developer.gserviceaccount.com","availableMemory":"256Mi","maxInstanceRequestConcurrency":80,"availableCpu":"1"},"labels":{"deployment-tool":"cli-firebase","firebase-functions-codebase":"firebase-frameworks-gastroo-4f0a3","firebase-functions-hash":"74fe466b7a873cf7e38ab2d93a05613f20279f0b"},"environment":"GEN_2"},"stages":[{"name":"BUILD","state":"NOT_STARTED"},{"name":"SERVICE","state":"NOT_STARTED"}],"operationType":"CREATE_FUNCTION"},"done":false}
[debug] [2025-08-12T16:34:43.900Z] [create-firebase-frameworks-gastroo-4f0a3-europe-west1-ssrgastroo4f0a3] Retrying task index 0
[debug] [2025-08-12T16:34:43.900Z] Checked if tokens are valid: true, expires at: 1755017641897
[debug] [2025-08-12T16:34:43.900Z] Checked if tokens are valid: true, expires at: 1755017641897
[debug] [2025-08-12T16:34:43.901Z] >>> [apiv2][query] GET https://cloudfunctions.googleapis.com/v2/projects/gastroo-4f0a3/locations/europe-west1/operations/operation-1755016477833-63c2d9dbc785c-d2b3a89e-6eeefb34 [none]
[debug] [2025-08-12T16:34:44.030Z] <<< [apiv2][status] GET https://cloudfunctions.googleapis.com/v2/projects/gastroo-4f0a3/locations/europe-west1/operations/operation-1755016477833-63c2d9dbc785c-d2b3a89e-6eeefb34 200
[debug] [2025-08-12T16:34:44.030Z] <<< [apiv2][body] GET https://cloudfunctions.googleapis.com/v2/projects/gastroo-4f0a3/locations/europe-west1/operations/operation-1755016477833-63c2d9dbc785c-d2b3a89e-6eeefb34 {"name":"projects/gastroo-4f0a3/locations/europe-west1/operations/operation-1755016477833-63c2d9dbc785c-d2b3a89e-6eeefb34","metadata":{"@type":"type.googleapis.com/google.cloud.functions.v2.OperationMetadata","createTime":"2025-08-12T16:34:40.035067661Z","target":"projects/gastroo-4f0a3/locations/europe-west1/functions/ssrgastroo4f0a3","verb":"create","cancelRequested":false,"apiVersion":"v2","requestResource":{"@type":"type.googleapis.com/google.cloud.functions.v2.Function","name":"projects/gastroo-4f0a3/locations/europe-west1/functions/ssrgastroo4f0a3","buildConfig":{"runtime":"nodejs20","entryPoint":"ssrgastroo4f0a3","source":{"storageSource":{"bucket":"gcf-v2-sources-880194074966-europe-west1","object":"ssrgastroo4f0a3/function-source.zip","generation":"1755016479483943"}},"environmentVariables":{"GOOGLE_NODE_RUN_SCRIPTS":""},"serviceAccount":"projects/gastroo-4f0a3/serviceAccounts/880194074966-compute@developer.gserviceaccount.com","automaticUpdatePolicy":{}},"serviceConfig":{"service":"projects/gastroo-4f0a3/locations/europe-west1/services/ssrgastroo4f0a3","timeoutSeconds":60,"environmentVariables":{"VERCEL_URL":"gastroo-4f0a3.web.app","__FIREBASE_FRAMEWORKS_ENTRY__":"next.js","__FIREBASE_DEFAULTS__":"{\"config\":{\"projectId\":\"gastroo-4f0a3\",\"appId\":\"1:880194074966:web:eb44133ad67d27f5a2fef7\",\"databaseURL\":\"https://gastroo-4f0a3-default-rtdb.europe-west1.firebasedatabase.app\",\"storageBucket\":\"gastroo-4f0a3.firebasestorage.app\",\"apiKey\":\"AIzaSyD35VjXyAgjalKrECvM-JCGyqVu4CBF-dg\",\"authDomain\":\"gastroo-4f0a3.firebaseapp.com\",\"messagingSenderId\":\"880194074966\",\"measurementId\":\"G-TTYZLTJG4W\"},\"_authTokenSyncURL\":\"/__session\"}","FIREBASE_CONFIG":"{\"projectId\":\"gastroo-4f0a3\",\"databaseURL\":\"https://gastroo-4f0a3-default-rtdb.europe-west1.firebasedatabase.app\",\"storageBucket\":\"gastroo-4f0a3.firebasestorage.app\"}","GCLOUD_PROJECT":"gastroo-4f0a3","EVENTARC_CLOUD_EVENT_SOURCE":"projects/gastroo-4f0a3/locations/europe-west1/services/ssrgastroo4f0a3","FUNCTION_TARGET":"ssrgastroo4f0a3","LOG_EXECUTION_ID":"true"},"ingressSettings":"ALLOW_ALL","serviceAccountEmail":"880194074966-compute@developer.gserviceaccount.com","availableMemory":"256Mi","maxInstanceRequestConcurrency":80,"availableCpu":"1"},"labels":{"deployment-tool":"cli-firebase","firebase-functions-codebase":"firebase-frameworks-gastroo-4f0a3","firebase-functions-hash":"74fe466b7a873cf7e38ab2d93a05613f20279f0b"},"environment":"GEN_2"},"stages":[{"name":"BUILD","state":"NOT_STARTED"},{"name":"SERVICE","state":"NOT_STARTED"}],"operationType":"CREATE_FUNCTION"},"done":false}
[debug] [2025-08-12T16:34:48.031Z] [create-firebase-frameworks-gastroo-4f0a3-europe-west1-ssrgastroo4f0a3] Retrying task index 0
[debug] [2025-08-12T16:34:48.031Z] Checked if tokens are valid: true, expires at: 1755017641897
[debug] [2025-08-12T16:34:48.031Z] Checked if tokens are valid: true, expires at: 1755017641897
[debug] [2025-08-12T16:34:48.031Z] >>> [apiv2][query] GET https://cloudfunctions.googleapis.com/v2/projects/gastroo-4f0a3/locations/europe-west1/operations/operation-1755016477833-63c2d9dbc785c-d2b3a89e-6eeefb34 [none]
[debug] [2025-08-12T16:34:48.175Z] <<< [apiv2][status] GET https://cloudfunctions.googleapis.com/v2/projects/gastroo-4f0a3/locations/europe-west1/operations/operation-1755016477833-63c2d9dbc785c-d2b3a89e-6eeefb34 200
[debug] [2025-08-12T16:34:48.175Z] <<< [apiv2][body] GET https://cloudfunctions.googleapis.com/v2/projects/gastroo-4f0a3/locations/europe-west1/operations/operation-1755016477833-63c2d9dbc785c-d2b3a89e-6eeefb34 {"name":"projects/gastroo-4f0a3/locations/europe-west1/operations/operation-1755016477833-63c2d9dbc785c-d2b3a89e-6eeefb34","metadata":{"@type":"type.googleapis.com/google.cloud.functions.v2.OperationMetadata","createTime":"2025-08-12T16:34:40.035067661Z","target":"projects/gastroo-4f0a3/locations/europe-west1/functions/ssrgastroo4f0a3","verb":"create","cancelRequested":false,"apiVersion":"v2","requestResource":{"@type":"type.googleapis.com/google.cloud.functions.v2.Function","name":"projects/gastroo-4f0a3/locations/europe-west1/functions/ssrgastroo4f0a3","buildConfig":{"runtime":"nodejs20","entryPoint":"ssrgastroo4f0a3","source":{"storageSource":{"bucket":"gcf-v2-sources-880194074966-europe-west1","object":"ssrgastroo4f0a3/function-source.zip","generation":"1755016479483943"}},"environmentVariables":{"GOOGLE_NODE_RUN_SCRIPTS":""},"serviceAccount":"projects/gastroo-4f0a3/serviceAccounts/880194074966-compute@developer.gserviceaccount.com","automaticUpdatePolicy":{}},"serviceConfig":{"service":"projects/gastroo-4f0a3/locations/europe-west1/services/ssrgastroo4f0a3","timeoutSeconds":60,"environmentVariables":{"VERCEL_URL":"gastroo-4f0a3.web.app","__FIREBASE_FRAMEWORKS_ENTRY__":"next.js","__FIREBASE_DEFAULTS__":"{\"config\":{\"projectId\":\"gastroo-4f0a3\",\"appId\":\"1:880194074966:web:eb44133ad67d27f5a2fef7\",\"databaseURL\":\"https://gastroo-4f0a3-default-rtdb.europe-west1.firebasedatabase.app\",\"storageBucket\":\"gastroo-4f0a3.firebasestorage.app\",\"apiKey\":\"AIzaSyD35VjXyAgjalKrECvM-JCGyqVu4CBF-dg\",\"authDomain\":\"gastroo-4f0a3.firebaseapp.com\",\"messagingSenderId\":\"880194074966\",\"measurementId\":\"G-TTYZLTJG4W\"},\"_authTokenSyncURL\":\"/__session\"}","FIREBASE_CONFIG":"{\"projectId\":\"gastroo-4f0a3\",\"databaseURL\":\"https://gastroo-4f0a3-default-rtdb.europe-west1.firebasedatabase.app\",\"storageBucket\":\"gastroo-4f0a3.firebasestorage.app\"}","GCLOUD_PROJECT":"gastroo-4f0a3","EVENTARC_CLOUD_EVENT_SOURCE":"projects/gastroo-4f0a3/locations/europe-west1/services/ssrgastroo4f0a3","FUNCTION_TARGET":"ssrgastroo4f0a3","LOG_EXECUTION_ID":"true"},"ingressSettings":"ALLOW_ALL","serviceAccountEmail":"880194074966-compute@developer.gserviceaccount.com","availableMemory":"256Mi","maxInstanceRequestConcurrency":80,"availableCpu":"1"},"labels":{"deployment-tool":"cli-firebase","firebase-functions-codebase":"firebase-frameworks-gastroo-4f0a3","firebase-functions-hash":"74fe466b7a873cf7e38ab2d93a05613f20279f0b"},"environment":"GEN_2"},"stages":[{"name":"BUILD","state":"NOT_STARTED"},{"name":"SERVICE","state":"NOT_STARTED"}],"operationType":"CREATE_FUNCTION"},"done":false}
[debug] [2025-08-12T16:34:56.176Z] [create-firebase-frameworks-gastroo-4f0a3-europe-west1-ssrgastroo4f0a3] Retrying task index 0
[debug] [2025-08-12T16:34:56.176Z] Checked if tokens are valid: true, expires at: 1755017641897
[debug] [2025-08-12T16:34:56.176Z] Checked if tokens are valid: true, expires at: 1755017641897
[debug] [2025-08-12T16:34:56.176Z] >>> [apiv2][query] GET https://cloudfunctions.googleapis.com/v2/projects/gastroo-4f0a3/locations/europe-west1/operations/operation-1755016477833-63c2d9dbc785c-d2b3a89e-6eeefb34 [none]
[debug] [2025-08-12T16:34:56.355Z] <<< [apiv2][status] GET https://cloudfunctions.googleapis.com/v2/projects/gastroo-4f0a3/locations/europe-west1/operations/operation-1755016477833-63c2d9dbc785c-d2b3a89e-6eeefb34 200
[debug] [2025-08-12T16:34:56.356Z] <<< [apiv2][body] GET https://cloudfunctions.googleapis.com/v2/projects/gastroo-4f0a3/locations/europe-west1/operations/operation-1755016477833-63c2d9dbc785c-d2b3a89e-6eeefb34 {"name":"projects/gastroo-4f0a3/locations/europe-west1/operations/operation-1755016477833-63c2d9dbc785c-d2b3a89e-6eeefb34","metadata":{"@type":"type.googleapis.com/google.cloud.functions.v2.OperationMetadata","createTime":"2025-08-12T16:34:40.035067661Z","target":"projects/gastroo-4f0a3/locations/europe-west1/functions/ssrgastroo4f0a3","verb":"create","cancelRequested":false,"apiVersion":"v2","requestResource":{"@type":"type.googleapis.com/google.cloud.functions.v2.Function","name":"projects/gastroo-4f0a3/locations/europe-west1/functions/ssrgastroo4f0a3","buildConfig":{"runtime":"nodejs20","entryPoint":"ssrgastroo4f0a3","source":{"storageSource":{"bucket":"gcf-v2-sources-880194074966-europe-west1","object":"ssrgastroo4f0a3/function-source.zip","generation":"1755016479483943"}},"environmentVariables":{"GOOGLE_NODE_RUN_SCRIPTS":""},"serviceAccount":"projects/gastroo-4f0a3/serviceAccounts/880194074966-compute@developer.gserviceaccount.com","automaticUpdatePolicy":{}},"serviceConfig":{"service":"projects/gastroo-4f0a3/locations/europe-west1/services/ssrgastroo4f0a3","timeoutSeconds":60,"environmentVariables":{"VERCEL_URL":"gastroo-4f0a3.web.app","__FIREBASE_FRAMEWORKS_ENTRY__":"next.js","__FIREBASE_DEFAULTS__":"{\"config\":{\"projectId\":\"gastroo-4f0a3\",\"appId\":\"1:880194074966:web:eb44133ad67d27f5a2fef7\",\"databaseURL\":\"https://gastroo-4f0a3-default-rtdb.europe-west1.firebasedatabase.app\",\"storageBucket\":\"gastroo-4f0a3.firebasestorage.app\",\"apiKey\":\"AIzaSyD35VjXyAgjalKrECvM-JCGyqVu4CBF-dg\",\"authDomain\":\"gastroo-4f0a3.firebaseapp.com\",\"messagingSenderId\":\"880194074966\",\"measurementId\":\"G-TTYZLTJG4W\"},\"_authTokenSyncURL\":\"/__session\"}","FIREBASE_CONFIG":"{\"projectId\":\"gastroo-4f0a3\",\"databaseURL\":\"https://gastroo-4f0a3-default-rtdb.europe-west1.firebasedatabase.app\",\"storageBucket\":\"gastroo-4f0a3.firebasestorage.app\"}","GCLOUD_PROJECT":"gastroo-4f0a3","EVENTARC_CLOUD_EVENT_SOURCE":"projects/gastroo-4f0a3/locations/europe-west1/services/ssrgastroo4f0a3","FUNCTION_TARGET":"ssrgastroo4f0a3","LOG_EXECUTION_ID":"true"},"ingressSettings":"ALLOW_ALL","serviceAccountEmail":"880194074966-compute@developer.gserviceaccount.com","availableMemory":"256Mi","maxInstanceRequestConcurrency":80,"availableCpu":"1"},"labels":{"deployment-tool":"cli-firebase","firebase-functions-codebase":"firebase-frameworks-gastroo-4f0a3","firebase-functions-hash":"74fe466b7a873cf7e38ab2d93a05613f20279f0b"},"environment":"GEN_2"},"stages":[{"name":"BUILD","message":"Build in progress","state":"IN_PROGRESS","resource":"projects/880194074966/locations/europe-west1/builds/75b2ed4c-2fef-4d5e-8d97-440a2a39dee2","resourceUri":"https://console.cloud.google.com/cloud-build/builds;region=europe-west1/75b2ed4c-2fef-4d5e-8d97-440a2a39dee2?project=880194074966"},{"name":"SERVICE","state":"NOT_STARTED"}],"operationType":"CREATE_FUNCTION","buildName":"projects/880194074966/locations/europe-west1/builds/75b2ed4c-2fef-4d5e-8d97-440a2a39dee2"},"done":false}
[debug] [2025-08-12T16:35:06.357Z] [create-firebase-frameworks-gastroo-4f0a3-europe-west1-ssrgastroo4f0a3] Retrying task index 0
[debug] [2025-08-12T16:35:06.358Z] Checked if tokens are valid: true, expires at: 1755017641897
[debug] [2025-08-12T16:35:06.358Z] Checked if tokens are valid: true, expires at: 1755017641897
[debug] [2025-08-12T16:35:06.358Z] >>> [apiv2][query] GET https://cloudfunctions.googleapis.com/v2/projects/gastroo-4f0a3/locations/europe-west1/operations/operation-1755016477833-63c2d9dbc785c-d2b3a89e-6eeefb34 [none]
[debug] [2025-08-12T16:35:06.510Z] <<< [apiv2][status] GET https://cloudfunctions.googleapis.com/v2/projects/gastroo-4f0a3/locations/europe-west1/operations/operation-1755016477833-63c2d9dbc785c-d2b3a89e-6eeefb34 200
[debug] [2025-08-12T16:35:06.511Z] <<< [apiv2][body] GET https://cloudfunctions.googleapis.com/v2/projects/gastroo-4f0a3/locations/europe-west1/operations/operation-1755016477833-63c2d9dbc785c-d2b3a89e-6eeefb34 {"name":"projects/gastroo-4f0a3/locations/europe-west1/operations/operation-1755016477833-63c2d9dbc785c-d2b3a89e-6eeefb34","metadata":{"@type":"type.googleapis.com/google.cloud.functions.v2.OperationMetadata","createTime":"2025-08-12T16:34:40.035067661Z","target":"projects/gastroo-4f0a3/locations/europe-west1/functions/ssrgastroo4f0a3","verb":"create","cancelRequested":false,"apiVersion":"v2","requestResource":{"@type":"type.googleapis.com/google.cloud.functions.v2.Function","name":"projects/gastroo-4f0a3/locations/europe-west1/functions/ssrgastroo4f0a3","buildConfig":{"runtime":"nodejs20","entryPoint":"ssrgastroo4f0a3","source":{"storageSource":{"bucket":"gcf-v2-sources-880194074966-europe-west1","object":"ssrgastroo4f0a3/function-source.zip","generation":"1755016479483943"}},"environmentVariables":{"GOOGLE_NODE_RUN_SCRIPTS":""},"serviceAccount":"projects/gastroo-4f0a3/serviceAccounts/880194074966-compute@developer.gserviceaccount.com","automaticUpdatePolicy":{}},"serviceConfig":{"service":"projects/gastroo-4f0a3/locations/europe-west1/services/ssrgastroo4f0a3","timeoutSeconds":60,"environmentVariables":{"VERCEL_URL":"gastroo-4f0a3.web.app","__FIREBASE_FRAMEWORKS_ENTRY__":"next.js","__FIREBASE_DEFAULTS__":"{\"config\":{\"projectId\":\"gastroo-4f0a3\",\"appId\":\"1:880194074966:web:eb44133ad67d27f5a2fef7\",\"databaseURL\":\"https://gastroo-4f0a3-default-rtdb.europe-west1.firebasedatabase.app\",\"storageBucket\":\"gastroo-4f0a3.firebasestorage.app\",\"apiKey\":\"AIzaSyD35VjXyAgjalKrECvM-JCGyqVu4CBF-dg\",\"authDomain\":\"gastroo-4f0a3.firebaseapp.com\",\"messagingSenderId\":\"880194074966\",\"measurementId\":\"G-TTYZLTJG4W\"},\"_authTokenSyncURL\":\"/__session\"}","FIREBASE_CONFIG":"{\"projectId\":\"gastroo-4f0a3\",\"databaseURL\":\"https://gastroo-4f0a3-default-rtdb.europe-west1.firebasedatabase.app\",\"storageBucket\":\"gastroo-4f0a3.firebasestorage.app\"}","GCLOUD_PROJECT":"gastroo-4f0a3","EVENTARC_CLOUD_EVENT_SOURCE":"projects/gastroo-4f0a3/locations/europe-west1/services/ssrgastroo4f0a3","FUNCTION_TARGET":"ssrgastroo4f0a3","LOG_EXECUTION_ID":"true"},"ingressSettings":"ALLOW_ALL","serviceAccountEmail":"880194074966-compute@developer.gserviceaccount.com","availableMemory":"256Mi","maxInstanceRequestConcurrency":80,"availableCpu":"1"},"labels":{"deployment-tool":"cli-firebase","firebase-functions-codebase":"firebase-frameworks-gastroo-4f0a3","firebase-functions-hash":"74fe466b7a873cf7e38ab2d93a05613f20279f0b"},"environment":"GEN_2"},"stages":[{"name":"BUILD","message":"Build in progress","state":"IN_PROGRESS","resource":"projects/880194074966/locations/europe-west1/builds/75b2ed4c-2fef-4d5e-8d97-440a2a39dee2","resourceUri":"https://console.cloud.google.com/cloud-build/builds;region=europe-west1/75b2ed4c-2fef-4d5e-8d97-440a2a39dee2?project=880194074966"},{"name":"SERVICE","state":"NOT_STARTED"}],"operationType":"CREATE_FUNCTION","buildName":"projects/880194074966/locations/europe-west1/builds/75b2ed4c-2fef-4d5e-8d97-440a2a39dee2"},"done":false}
[debug] [2025-08-12T16:35:16.511Z] [create-firebase-frameworks-gastroo-4f0a3-europe-west1-ssrgastroo4f0a3] Retrying task index 0
[debug] [2025-08-12T16:35:16.511Z] Checked if tokens are valid: true, expires at: 1755017641897
[debug] [2025-08-12T16:35:16.512Z] Checked if tokens are valid: true, expires at: 1755017641897
[debug] [2025-08-12T16:35:16.512Z] >>> [apiv2][query] GET https://cloudfunctions.googleapis.com/v2/projects/gastroo-4f0a3/locations/europe-west1/operations/operation-1755016477833-63c2d9dbc785c-d2b3a89e-6eeefb34 [none]
[debug] [2025-08-12T16:35:16.685Z] <<< [apiv2][status] GET https://cloudfunctions.googleapis.com/v2/projects/gastroo-4f0a3/locations/europe-west1/operations/operation-1755016477833-63c2d9dbc785c-d2b3a89e-6eeefb34 200
[debug] [2025-08-12T16:35:16.685Z] <<< [apiv2][body] GET https://cloudfunctions.googleapis.com/v2/projects/gastroo-4f0a3/locations/europe-west1/operations/operation-1755016477833-63c2d9dbc785c-d2b3a89e-6eeefb34 {"name":"projects/gastroo-4f0a3/locations/europe-west1/operations/operation-1755016477833-63c2d9dbc785c-d2b3a89e-6eeefb34","metadata":{"@type":"type.googleapis.com/google.cloud.functions.v2.OperationMetadata","createTime":"2025-08-12T16:34:40.035067661Z","target":"projects/gastroo-4f0a3/locations/europe-west1/functions/ssrgastroo4f0a3","verb":"create","cancelRequested":false,"apiVersion":"v2","requestResource":{"@type":"type.googleapis.com/google.cloud.functions.v2.Function","name":"projects/gastroo-4f0a3/locations/europe-west1/functions/ssrgastroo4f0a3","buildConfig":{"runtime":"nodejs20","entryPoint":"ssrgastroo4f0a3","source":{"storageSource":{"bucket":"gcf-v2-sources-880194074966-europe-west1","object":"ssrgastroo4f0a3/function-source.zip","generation":"1755016479483943"}},"environmentVariables":{"GOOGLE_NODE_RUN_SCRIPTS":""},"serviceAccount":"projects/gastroo-4f0a3/serviceAccounts/880194074966-compute@developer.gserviceaccount.com","automaticUpdatePolicy":{}},"serviceConfig":{"service":"projects/gastroo-4f0a3/locations/europe-west1/services/ssrgastroo4f0a3","timeoutSeconds":60,"environmentVariables":{"VERCEL_URL":"gastroo-4f0a3.web.app","__FIREBASE_FRAMEWORKS_ENTRY__":"next.js","__FIREBASE_DEFAULTS__":"{\"config\":{\"projectId\":\"gastroo-4f0a3\",\"appId\":\"1:880194074966:web:eb44133ad67d27f5a2fef7\",\"databaseURL\":\"https://gastroo-4f0a3-default-rtdb.europe-west1.firebasedatabase.app\",\"storageBucket\":\"gastroo-4f0a3.firebasestorage.app\",\"apiKey\":\"AIzaSyD35VjXyAgjalKrECvM-JCGyqVu4CBF-dg\",\"authDomain\":\"gastroo-4f0a3.firebaseapp.com\",\"messagingSenderId\":\"880194074966\",\"measurementId\":\"G-TTYZLTJG4W\"},\"_authTokenSyncURL\":\"/__session\"}","FIREBASE_CONFIG":"{\"projectId\":\"gastroo-4f0a3\",\"databaseURL\":\"https://gastroo-4f0a3-default-rtdb.europe-west1.firebasedatabase.app\",\"storageBucket\":\"gastroo-4f0a3.firebasestorage.app\"}","GCLOUD_PROJECT":"gastroo-4f0a3","EVENTARC_CLOUD_EVENT_SOURCE":"projects/gastroo-4f0a3/locations/europe-west1/services/ssrgastroo4f0a3","FUNCTION_TARGET":"ssrgastroo4f0a3","LOG_EXECUTION_ID":"true"},"ingressSettings":"ALLOW_ALL","serviceAccountEmail":"880194074966-compute@developer.gserviceaccount.com","availableMemory":"256Mi","maxInstanceRequestConcurrency":80,"availableCpu":"1"},"labels":{"deployment-tool":"cli-firebase","firebase-functions-codebase":"firebase-frameworks-gastroo-4f0a3","firebase-functions-hash":"74fe466b7a873cf7e38ab2d93a05613f20279f0b"},"environment":"GEN_2"},"stages":[{"name":"BUILD","message":"Build in progress","state":"IN_PROGRESS","resource":"projects/880194074966/locations/europe-west1/builds/75b2ed4c-2fef-4d5e-8d97-440a2a39dee2","resourceUri":"https://console.cloud.google.com/cloud-build/builds;region=europe-west1/75b2ed4c-2fef-4d5e-8d97-440a2a39dee2?project=880194074966"},{"name":"SERVICE","state":"NOT_STARTED"}],"operationType":"CREATE_FUNCTION","buildName":"projects/880194074966/locations/europe-west1/builds/75b2ed4c-2fef-4d5e-8d97-440a2a39dee2"},"done":false}
[debug] [2025-08-12T16:35:26.686Z] [create-firebase-frameworks-gastroo-4f0a3-europe-west1-ssrgastroo4f0a3] Retrying task index 0
[debug] [2025-08-12T16:35:26.686Z] Checked if tokens are valid: true, expires at: 1755017641897
[debug] [2025-08-12T16:35:26.686Z] Checked if tokens are valid: true, expires at: 1755017641897
[debug] [2025-08-12T16:35:26.686Z] >>> [apiv2][query] GET https://cloudfunctions.googleapis.com/v2/projects/gastroo-4f0a3/locations/europe-west1/operations/operation-1755016477833-63c2d9dbc785c-d2b3a89e-6eeefb34 [none]
[debug] [2025-08-12T16:35:26.883Z] <<< [apiv2][status] GET https://cloudfunctions.googleapis.com/v2/projects/gastroo-4f0a3/locations/europe-west1/operations/operation-1755016477833-63c2d9dbc785c-d2b3a89e-6eeefb34 200
[debug] [2025-08-12T16:35:26.883Z] <<< [apiv2][body] GET https://cloudfunctions.googleapis.com/v2/projects/gastroo-4f0a3/locations/europe-west1/operations/operation-1755016477833-63c2d9dbc785c-d2b3a89e-6eeefb34 {"name":"projects/gastroo-4f0a3/locations/europe-west1/operations/operation-1755016477833-63c2d9dbc785c-d2b3a89e-6eeefb34","metadata":{"@type":"type.googleapis.com/google.cloud.functions.v2.OperationMetadata","createTime":"2025-08-12T16:34:40.035067661Z","target":"projects/gastroo-4f0a3/locations/europe-west1/functions/ssrgastroo4f0a3","verb":"create","cancelRequested":false,"apiVersion":"v2","requestResource":{"@type":"type.googleapis.com/google.cloud.functions.v2.Function","name":"projects/gastroo-4f0a3/locations/europe-west1/functions/ssrgastroo4f0a3","buildConfig":{"runtime":"nodejs20","entryPoint":"ssrgastroo4f0a3","source":{"storageSource":{"bucket":"gcf-v2-sources-880194074966-europe-west1","object":"ssrgastroo4f0a3/function-source.zip","generation":"1755016479483943"}},"environmentVariables":{"GOOGLE_NODE_RUN_SCRIPTS":""},"serviceAccount":"projects/gastroo-4f0a3/serviceAccounts/880194074966-compute@developer.gserviceaccount.com","automaticUpdatePolicy":{}},"serviceConfig":{"service":"projects/gastroo-4f0a3/locations/europe-west1/services/ssrgastroo4f0a3","timeoutSeconds":60,"environmentVariables":{"VERCEL_URL":"gastroo-4f0a3.web.app","__FIREBASE_FRAMEWORKS_ENTRY__":"next.js","__FIREBASE_DEFAULTS__":"{\"config\":{\"projectId\":\"gastroo-4f0a3\",\"appId\":\"1:880194074966:web:eb44133ad67d27f5a2fef7\",\"databaseURL\":\"https://gastroo-4f0a3-default-rtdb.europe-west1.firebasedatabase.app\",\"storageBucket\":\"gastroo-4f0a3.firebasestorage.app\",\"apiKey\":\"AIzaSyD35VjXyAgjalKrECvM-JCGyqVu4CBF-dg\",\"authDomain\":\"gastroo-4f0a3.firebaseapp.com\",\"messagingSenderId\":\"880194074966\",\"measurementId\":\"G-TTYZLTJG4W\"},\"_authTokenSyncURL\":\"/__session\"}","FIREBASE_CONFIG":"{\"projectId\":\"gastroo-4f0a3\",\"databaseURL\":\"https://gastroo-4f0a3-default-rtdb.europe-west1.firebasedatabase.app\",\"storageBucket\":\"gastroo-4f0a3.firebasestorage.app\"}","GCLOUD_PROJECT":"gastroo-4f0a3","EVENTARC_CLOUD_EVENT_SOURCE":"projects/gastroo-4f0a3/locations/europe-west1/services/ssrgastroo4f0a3","FUNCTION_TARGET":"ssrgastroo4f0a3","LOG_EXECUTION_ID":"true"},"ingressSettings":"ALLOW_ALL","serviceAccountEmail":"880194074966-compute@developer.gserviceaccount.com","availableMemory":"256Mi","maxInstanceRequestConcurrency":80,"availableCpu":"1"},"labels":{"deployment-tool":"cli-firebase","firebase-functions-codebase":"firebase-frameworks-gastroo-4f0a3","firebase-functions-hash":"74fe466b7a873cf7e38ab2d93a05613f20279f0b"},"environment":"GEN_2"},"stages":[{"name":"BUILD","message":"Build in progress","state":"IN_PROGRESS","resource":"projects/880194074966/locations/europe-west1/builds/75b2ed4c-2fef-4d5e-8d97-440a2a39dee2","resourceUri":"https://console.cloud.google.com/cloud-build/builds;region=europe-west1/75b2ed4c-2fef-4d5e-8d97-440a2a39dee2?project=880194074966"},{"name":"SERVICE","state":"NOT_STARTED"}],"operationType":"CREATE_FUNCTION","buildName":"projects/880194074966/locations/europe-west1/builds/75b2ed4c-2fef-4d5e-8d97-440a2a39dee2"},"done":false}
[debug] [2025-08-12T16:35:36.885Z] [create-firebase-frameworks-gastroo-4f0a3-europe-west1-ssrgastroo4f0a3] Retrying task index 0
[debug] [2025-08-12T16:35:36.885Z] Checked if tokens are valid: true, expires at: 1755017641897
[debug] [2025-08-12T16:35:36.886Z] Checked if tokens are valid: true, expires at: 1755017641897
[debug] [2025-08-12T16:35:36.886Z] >>> [apiv2][query] GET https://cloudfunctions.googleapis.com/v2/projects/gastroo-4f0a3/locations/europe-west1/operations/operation-1755016477833-63c2d9dbc785c-d2b3a89e-6eeefb34 [none]
[debug] [2025-08-12T16:35:37.071Z] <<< [apiv2][status] GET https://cloudfunctions.googleapis.com/v2/projects/gastroo-4f0a3/locations/europe-west1/operations/operation-1755016477833-63c2d9dbc785c-d2b3a89e-6eeefb34 200
[debug] [2025-08-12T16:35:37.071Z] <<< [apiv2][body] GET https://cloudfunctions.googleapis.com/v2/projects/gastroo-4f0a3/locations/europe-west1/operations/operation-1755016477833-63c2d9dbc785c-d2b3a89e-6eeefb34 {"name":"projects/gastroo-4f0a3/locations/europe-west1/operations/operation-1755016477833-63c2d9dbc785c-d2b3a89e-6eeefb34","metadata":{"@type":"type.googleapis.com/google.cloud.functions.v2.OperationMetadata","createTime":"2025-08-12T16:34:40.035067661Z","target":"projects/gastroo-4f0a3/locations/europe-west1/functions/ssrgastroo4f0a3","verb":"create","cancelRequested":false,"apiVersion":"v2","requestResource":{"@type":"type.googleapis.com/google.cloud.functions.v2.Function","name":"projects/gastroo-4f0a3/locations/europe-west1/functions/ssrgastroo4f0a3","buildConfig":{"runtime":"nodejs20","entryPoint":"ssrgastroo4f0a3","source":{"storageSource":{"bucket":"gcf-v2-sources-880194074966-europe-west1","object":"ssrgastroo4f0a3/function-source.zip","generation":"1755016479483943"}},"environmentVariables":{"GOOGLE_NODE_RUN_SCRIPTS":""},"serviceAccount":"projects/gastroo-4f0a3/serviceAccounts/880194074966-compute@developer.gserviceaccount.com","automaticUpdatePolicy":{}},"serviceConfig":{"service":"projects/gastroo-4f0a3/locations/europe-west1/services/ssrgastroo4f0a3","timeoutSeconds":60,"environmentVariables":{"VERCEL_URL":"gastroo-4f0a3.web.app","__FIREBASE_FRAMEWORKS_ENTRY__":"next.js","__FIREBASE_DEFAULTS__":"{\"config\":{\"projectId\":\"gastroo-4f0a3\",\"appId\":\"1:880194074966:web:eb44133ad67d27f5a2fef7\",\"databaseURL\":\"https://gastroo-4f0a3-default-rtdb.europe-west1.firebasedatabase.app\",\"storageBucket\":\"gastroo-4f0a3.firebasestorage.app\",\"apiKey\":\"AIzaSyD35VjXyAgjalKrECvM-JCGyqVu4CBF-dg\",\"authDomain\":\"gastroo-4f0a3.firebaseapp.com\",\"messagingSenderId\":\"880194074966\",\"measurementId\":\"G-TTYZLTJG4W\"},\"_authTokenSyncURL\":\"/__session\"}","FIREBASE_CONFIG":"{\"projectId\":\"gastroo-4f0a3\",\"databaseURL\":\"https://gastroo-4f0a3-default-rtdb.europe-west1.firebasedatabase.app\",\"storageBucket\":\"gastroo-4f0a3.firebasestorage.app\"}","GCLOUD_PROJECT":"gastroo-4f0a3","EVENTARC_CLOUD_EVENT_SOURCE":"projects/gastroo-4f0a3/locations/europe-west1/services/ssrgastroo4f0a3","FUNCTION_TARGET":"ssrgastroo4f0a3","LOG_EXECUTION_ID":"true"},"ingressSettings":"ALLOW_ALL","serviceAccountEmail":"880194074966-compute@developer.gserviceaccount.com","availableMemory":"256Mi","maxInstanceRequestConcurrency":80,"availableCpu":"1"},"labels":{"deployment-tool":"cli-firebase","firebase-functions-codebase":"firebase-frameworks-gastroo-4f0a3","firebase-functions-hash":"74fe466b7a873cf7e38ab2d93a05613f20279f0b"},"environment":"GEN_2"},"stages":[{"name":"BUILD","message":"Build in progress","state":"IN_PROGRESS","resource":"projects/880194074966/locations/europe-west1/builds/75b2ed4c-2fef-4d5e-8d97-440a2a39dee2","resourceUri":"https://console.cloud.google.com/cloud-build/builds;region=europe-west1/75b2ed4c-2fef-4d5e-8d97-440a2a39dee2?project=880194074966"},{"name":"SERVICE","state":"NOT_STARTED"}],"operationType":"CREATE_FUNCTION","buildName":"projects/880194074966/locations/europe-west1/builds/75b2ed4c-2fef-4d5e-8d97-440a2a39dee2"},"done":false}
[debug] [2025-08-12T16:35:47.072Z] [create-firebase-frameworks-gastroo-4f0a3-europe-west1-ssrgastroo4f0a3] Retrying task index 0
[debug] [2025-08-12T16:35:47.072Z] Checked if tokens are valid: true, expires at: 1755017641897
[debug] [2025-08-12T16:35:47.073Z] Checked if tokens are valid: true, expires at: 1755017641897
[debug] [2025-08-12T16:35:47.073Z] >>> [apiv2][query] GET https://cloudfunctions.googleapis.com/v2/projects/gastroo-4f0a3/locations/europe-west1/operations/operation-1755016477833-63c2d9dbc785c-d2b3a89e-6eeefb34 [none]
[debug] [2025-08-12T16:35:47.261Z] <<< [apiv2][status] GET https://cloudfunctions.googleapis.com/v2/projects/gastroo-4f0a3/locations/europe-west1/operations/operation-1755016477833-63c2d9dbc785c-d2b3a89e-6eeefb34 200
[debug] [2025-08-12T16:35:47.262Z] <<< [apiv2][body] GET https://cloudfunctions.googleapis.com/v2/projects/gastroo-4f0a3/locations/europe-west1/operations/operation-1755016477833-63c2d9dbc785c-d2b3a89e-6eeefb34 {"name":"projects/gastroo-4f0a3/locations/europe-west1/operations/operation-1755016477833-63c2d9dbc785c-d2b3a89e-6eeefb34","metadata":{"@type":"type.googleapis.com/google.cloud.functions.v2.OperationMetadata","createTime":"2025-08-12T16:34:40.035067661Z","target":"projects/gastroo-4f0a3/locations/europe-west1/functions/ssrgastroo4f0a3","verb":"create","cancelRequested":false,"apiVersion":"v2","requestResource":{"@type":"type.googleapis.com/google.cloud.functions.v2.Function","name":"projects/gastroo-4f0a3/locations/europe-west1/functions/ssrgastroo4f0a3","buildConfig":{"runtime":"nodejs20","entryPoint":"ssrgastroo4f0a3","source":{"storageSource":{"bucket":"gcf-v2-sources-880194074966-europe-west1","object":"ssrgastroo4f0a3/function-source.zip","generation":"1755016479483943"}},"environmentVariables":{"GOOGLE_NODE_RUN_SCRIPTS":""},"serviceAccount":"projects/gastroo-4f0a3/serviceAccounts/880194074966-compute@developer.gserviceaccount.com","automaticUpdatePolicy":{}},"serviceConfig":{"service":"projects/gastroo-4f0a3/locations/europe-west1/services/ssrgastroo4f0a3","timeoutSeconds":60,"environmentVariables":{"VERCEL_URL":"gastroo-4f0a3.web.app","__FIREBASE_FRAMEWORKS_ENTRY__":"next.js","__FIREBASE_DEFAULTS__":"{\"config\":{\"projectId\":\"gastroo-4f0a3\",\"appId\":\"1:880194074966:web:eb44133ad67d27f5a2fef7\",\"databaseURL\":\"https://gastroo-4f0a3-default-rtdb.europe-west1.firebasedatabase.app\",\"storageBucket\":\"gastroo-4f0a3.firebasestorage.app\",\"apiKey\":\"AIzaSyD35VjXyAgjalKrECvM-JCGyqVu4CBF-dg\",\"authDomain\":\"gastroo-4f0a3.firebaseapp.com\",\"messagingSenderId\":\"880194074966\",\"measurementId\":\"G-TTYZLTJG4W\"},\"_authTokenSyncURL\":\"/__session\"}","FIREBASE_CONFIG":"{\"projectId\":\"gastroo-4f0a3\",\"databaseURL\":\"https://gastroo-4f0a3-default-rtdb.europe-west1.firebasedatabase.app\",\"storageBucket\":\"gastroo-4f0a3.firebasestorage.app\"}","GCLOUD_PROJECT":"gastroo-4f0a3","EVENTARC_CLOUD_EVENT_SOURCE":"projects/gastroo-4f0a3/locations/europe-west1/services/ssrgastroo4f0a3","FUNCTION_TARGET":"ssrgastroo4f0a3","LOG_EXECUTION_ID":"true"},"ingressSettings":"ALLOW_ALL","serviceAccountEmail":"880194074966-compute@developer.gserviceaccount.com","availableMemory":"256Mi","maxInstanceRequestConcurrency":80,"availableCpu":"1"},"labels":{"deployment-tool":"cli-firebase","firebase-functions-codebase":"firebase-frameworks-gastroo-4f0a3","firebase-functions-hash":"74fe466b7a873cf7e38ab2d93a05613f20279f0b"},"environment":"GEN_2"},"stages":[{"name":"BUILD","message":"Build in progress","state":"IN_PROGRESS","resource":"projects/880194074966/locations/europe-west1/builds/75b2ed4c-2fef-4d5e-8d97-440a2a39dee2","resourceUri":"https://console.cloud.google.com/cloud-build/builds;region=europe-west1/75b2ed4c-2fef-4d5e-8d97-440a2a39dee2?project=880194074966"},{"name":"SERVICE","state":"NOT_STARTED"}],"operationType":"CREATE_FUNCTION","buildName":"projects/880194074966/locations/europe-west1/builds/75b2ed4c-2fef-4d5e-8d97-440a2a39dee2"},"done":false}
[debug] [2025-08-12T16:35:57.262Z] [create-firebase-frameworks-gastroo-4f0a3-europe-west1-ssrgastroo4f0a3] Retrying task index 0
[debug] [2025-08-12T16:35:57.262Z] Checked if tokens are valid: true, expires at: 1755017641897
[debug] [2025-08-12T16:35:57.262Z] Checked if tokens are valid: true, expires at: 1755017641897
[debug] [2025-08-12T16:35:57.262Z] >>> [apiv2][query] GET https://cloudfunctions.googleapis.com/v2/projects/gastroo-4f0a3/locations/europe-west1/operations/operation-1755016477833-63c2d9dbc785c-d2b3a89e-6eeefb34 [none]
[debug] [2025-08-12T16:35:57.448Z] <<< [apiv2][status] GET https://cloudfunctions.googleapis.com/v2/projects/gastroo-4f0a3/locations/europe-west1/operations/operation-1755016477833-63c2d9dbc785c-d2b3a89e-6eeefb34 200
[debug] [2025-08-12T16:35:57.448Z] <<< [apiv2][body] GET https://cloudfunctions.googleapis.com/v2/projects/gastroo-4f0a3/locations/europe-west1/operations/operation-1755016477833-63c2d9dbc785c-d2b3a89e-6eeefb34 {"name":"projects/gastroo-4f0a3/locations/europe-west1/operations/operation-1755016477833-63c2d9dbc785c-d2b3a89e-6eeefb34","metadata":{"@type":"type.googleapis.com/google.cloud.functions.v2.OperationMetadata","createTime":"2025-08-12T16:34:40.035067661Z","target":"projects/gastroo-4f0a3/locations/europe-west1/functions/ssrgastroo4f0a3","verb":"create","cancelRequested":false,"apiVersion":"v2","requestResource":{"@type":"type.googleapis.com/google.cloud.functions.v2.Function","name":"projects/gastroo-4f0a3/locations/europe-west1/functions/ssrgastroo4f0a3","buildConfig":{"runtime":"nodejs20","entryPoint":"ssrgastroo4f0a3","source":{"storageSource":{"bucket":"gcf-v2-sources-880194074966-europe-west1","object":"ssrgastroo4f0a3/function-source.zip","generation":"1755016479483943"}},"environmentVariables":{"GOOGLE_NODE_RUN_SCRIPTS":""},"serviceAccount":"projects/gastroo-4f0a3/serviceAccounts/880194074966-compute@developer.gserviceaccount.com","automaticUpdatePolicy":{}},"serviceConfig":{"service":"projects/gastroo-4f0a3/locations/europe-west1/services/ssrgastroo4f0a3","timeoutSeconds":60,"environmentVariables":{"VERCEL_URL":"gastroo-4f0a3.web.app","__FIREBASE_FRAMEWORKS_ENTRY__":"next.js","__FIREBASE_DEFAULTS__":"{\"config\":{\"projectId\":\"gastroo-4f0a3\",\"appId\":\"1:880194074966:web:eb44133ad67d27f5a2fef7\",\"databaseURL\":\"https://gastroo-4f0a3-default-rtdb.europe-west1.firebasedatabase.app\",\"storageBucket\":\"gastroo-4f0a3.firebasestorage.app\",\"apiKey\":\"AIzaSyD35VjXyAgjalKrECvM-JCGyqVu4CBF-dg\",\"authDomain\":\"gastroo-4f0a3.firebaseapp.com\",\"messagingSenderId\":\"880194074966\",\"measurementId\":\"G-TTYZLTJG4W\"},\"_authTokenSyncURL\":\"/__session\"}","FIREBASE_CONFIG":"{\"projectId\":\"gastroo-4f0a3\",\"databaseURL\":\"https://gastroo-4f0a3-default-rtdb.europe-west1.firebasedatabase.app\",\"storageBucket\":\"gastroo-4f0a3.firebasestorage.app\"}","GCLOUD_PROJECT":"gastroo-4f0a3","EVENTARC_CLOUD_EVENT_SOURCE":"projects/gastroo-4f0a3/locations/europe-west1/services/ssrgastroo4f0a3","FUNCTION_TARGET":"ssrgastroo4f0a3","LOG_EXECUTION_ID":"true"},"ingressSettings":"ALLOW_ALL","serviceAccountEmail":"880194074966-compute@developer.gserviceaccount.com","availableMemory":"256Mi","maxInstanceRequestConcurrency":80,"availableCpu":"1"},"labels":{"deployment-tool":"cli-firebase","firebase-functions-codebase":"firebase-frameworks-gastroo-4f0a3","firebase-functions-hash":"74fe466b7a873cf7e38ab2d93a05613f20279f0b"},"environment":"GEN_2"},"stages":[{"name":"BUILD","message":"Build in progress","state":"IN_PROGRESS","resource":"projects/880194074966/locations/europe-west1/builds/75b2ed4c-2fef-4d5e-8d97-440a2a39dee2","resourceUri":"https://console.cloud.google.com/cloud-build/builds;region=europe-west1/75b2ed4c-2fef-4d5e-8d97-440a2a39dee2?project=880194074966"},{"name":"SERVICE","state":"NOT_STARTED"}],"operationType":"CREATE_FUNCTION","buildName":"projects/880194074966/locations/europe-west1/builds/75b2ed4c-2fef-4d5e-8d97-440a2a39dee2"},"done":false}
[debug] [2025-08-12T16:36:07.449Z] [create-firebase-frameworks-gastroo-4f0a3-europe-west1-ssrgastroo4f0a3] Retrying task index 0
[debug] [2025-08-12T16:36:07.450Z] Checked if tokens are valid: true, expires at: 1755017641897
[debug] [2025-08-12T16:36:07.450Z] Checked if tokens are valid: true, expires at: 1755017641897
[debug] [2025-08-12T16:36:07.450Z] >>> [apiv2][query] GET https://cloudfunctions.googleapis.com/v2/projects/gastroo-4f0a3/locations/europe-west1/operations/operation-1755016477833-63c2d9dbc785c-d2b3a89e-6eeefb34 [none]
[debug] [2025-08-12T16:36:07.635Z] <<< [apiv2][status] GET https://cloudfunctions.googleapis.com/v2/projects/gastroo-4f0a3/locations/europe-west1/operations/operation-1755016477833-63c2d9dbc785c-d2b3a89e-6eeefb34 200
[debug] [2025-08-12T16:36:07.635Z] <<< [apiv2][body] GET https://cloudfunctions.googleapis.com/v2/projects/gastroo-4f0a3/locations/europe-west1/operations/operation-1755016477833-63c2d9dbc785c-d2b3a89e-6eeefb34 {"name":"projects/gastroo-4f0a3/locations/europe-west1/operations/operation-1755016477833-63c2d9dbc785c-d2b3a89e-6eeefb34","metadata":{"@type":"type.googleapis.com/google.cloud.functions.v2.OperationMetadata","createTime":"2025-08-12T16:34:40.035067661Z","target":"projects/gastroo-4f0a3/locations/europe-west1/functions/ssrgastroo4f0a3","verb":"create","cancelRequested":false,"apiVersion":"v2","requestResource":{"@type":"type.googleapis.com/google.cloud.functions.v2.Function","name":"projects/gastroo-4f0a3/locations/europe-west1/functions/ssrgastroo4f0a3","buildConfig":{"runtime":"nodejs20","entryPoint":"ssrgastroo4f0a3","source":{"storageSource":{"bucket":"gcf-v2-sources-880194074966-europe-west1","object":"ssrgastroo4f0a3/function-source.zip","generation":"1755016479483943"}},"environmentVariables":{"GOOGLE_NODE_RUN_SCRIPTS":""},"serviceAccount":"projects/gastroo-4f0a3/serviceAccounts/880194074966-compute@developer.gserviceaccount.com","automaticUpdatePolicy":{}},"serviceConfig":{"service":"projects/gastroo-4f0a3/locations/europe-west1/services/ssrgastroo4f0a3","timeoutSeconds":60,"environmentVariables":{"VERCEL_URL":"gastroo-4f0a3.web.app","__FIREBASE_FRAMEWORKS_ENTRY__":"next.js","__FIREBASE_DEFAULTS__":"{\"config\":{\"projectId\":\"gastroo-4f0a3\",\"appId\":\"1:880194074966:web:eb44133ad67d27f5a2fef7\",\"databaseURL\":\"https://gastroo-4f0a3-default-rtdb.europe-west1.firebasedatabase.app\",\"storageBucket\":\"gastroo-4f0a3.firebasestorage.app\",\"apiKey\":\"AIzaSyD35VjXyAgjalKrECvM-JCGyqVu4CBF-dg\",\"authDomain\":\"gastroo-4f0a3.firebaseapp.com\",\"messagingSenderId\":\"880194074966\",\"measurementId\":\"G-TTYZLTJG4W\"},\"_authTokenSyncURL\":\"/__session\"}","FIREBASE_CONFIG":"{\"projectId\":\"gastroo-4f0a3\",\"databaseURL\":\"https://gastroo-4f0a3-default-rtdb.europe-west1.firebasedatabase.app\",\"storageBucket\":\"gastroo-4f0a3.firebasestorage.app\"}","GCLOUD_PROJECT":"gastroo-4f0a3","EVENTARC_CLOUD_EVENT_SOURCE":"projects/gastroo-4f0a3/locations/europe-west1/services/ssrgastroo4f0a3","FUNCTION_TARGET":"ssrgastroo4f0a3","LOG_EXECUTION_ID":"true"},"ingressSettings":"ALLOW_ALL","serviceAccountEmail":"880194074966-compute@developer.gserviceaccount.com","availableMemory":"256Mi","maxInstanceRequestConcurrency":80,"availableCpu":"1"},"labels":{"deployment-tool":"cli-firebase","firebase-functions-codebase":"firebase-frameworks-gastroo-4f0a3","firebase-functions-hash":"74fe466b7a873cf7e38ab2d93a05613f20279f0b"},"environment":"GEN_2"},"stages":[{"name":"BUILD","message":"Build in progress","state":"IN_PROGRESS","resource":"projects/880194074966/locations/europe-west1/builds/75b2ed4c-2fef-4d5e-8d97-440a2a39dee2","resourceUri":"https://console.cloud.google.com/cloud-build/builds;region=europe-west1/75b2ed4c-2fef-4d5e-8d97-440a2a39dee2?project=880194074966"},{"name":"SERVICE","state":"NOT_STARTED"}],"operationType":"CREATE_FUNCTION","buildName":"projects/880194074966/locations/europe-west1/builds/75b2ed4c-2fef-4d5e-8d97-440a2a39dee2"},"done":false}
[debug] [2025-08-12T16:36:17.635Z] [create-firebase-frameworks-gastroo-4f0a3-europe-west1-ssrgastroo4f0a3] Retrying task index 0
[debug] [2025-08-12T16:36:17.636Z] Checked if tokens are valid: true, expires at: 1755017641897
[debug] [2025-08-12T16:36:17.636Z] Checked if tokens are valid: true, expires at: 1755017641897
[debug] [2025-08-12T16:36:17.636Z] >>> [apiv2][query] GET https://cloudfunctions.googleapis.com/v2/projects/gastroo-4f0a3/locations/europe-west1/operations/operation-1755016477833-63c2d9dbc785c-d2b3a89e-6eeefb34 [none]
[debug] [2025-08-12T16:36:17.813Z] <<< [apiv2][status] GET https://cloudfunctions.googleapis.com/v2/projects/gastroo-4f0a3/locations/europe-west1/operations/operation-1755016477833-63c2d9dbc785c-d2b3a89e-6eeefb34 200
[debug] [2025-08-12T16:36:17.813Z] <<< [apiv2][body] GET https://cloudfunctions.googleapis.com/v2/projects/gastroo-4f0a3/locations/europe-west1/operations/operation-1755016477833-63c2d9dbc785c-d2b3a89e-6eeefb34 {"name":"projects/gastroo-4f0a3/locations/europe-west1/operations/operation-1755016477833-63c2d9dbc785c-d2b3a89e-6eeefb34","metadata":{"@type":"type.googleapis.com/google.cloud.functions.v2.OperationMetadata","createTime":"2025-08-12T16:34:40.035067661Z","target":"projects/gastroo-4f0a3/locations/europe-west1/functions/ssrgastroo4f0a3","verb":"create","cancelRequested":false,"apiVersion":"v2","requestResource":{"@type":"type.googleapis.com/google.cloud.functions.v2.Function","name":"projects/gastroo-4f0a3/locations/europe-west1/functions/ssrgastroo4f0a3","buildConfig":{"runtime":"nodejs20","entryPoint":"ssrgastroo4f0a3","source":{"storageSource":{"bucket":"gcf-v2-sources-880194074966-europe-west1","object":"ssrgastroo4f0a3/function-source.zip","generation":"1755016479483943"}},"environmentVariables":{"GOOGLE_NODE_RUN_SCRIPTS":""},"serviceAccount":"projects/gastroo-4f0a3/serviceAccounts/880194074966-compute@developer.gserviceaccount.com","automaticUpdatePolicy":{}},"serviceConfig":{"service":"projects/gastroo-4f0a3/locations/europe-west1/services/ssrgastroo4f0a3","timeoutSeconds":60,"environmentVariables":{"VERCEL_URL":"gastroo-4f0a3.web.app","__FIREBASE_FRAMEWORKS_ENTRY__":"next.js","__FIREBASE_DEFAULTS__":"{\"config\":{\"projectId\":\"gastroo-4f0a3\",\"appId\":\"1:880194074966:web:eb44133ad67d27f5a2fef7\",\"databaseURL\":\"https://gastroo-4f0a3-default-rtdb.europe-west1.firebasedatabase.app\",\"storageBucket\":\"gastroo-4f0a3.firebasestorage.app\",\"apiKey\":\"AIzaSyD35VjXyAgjalKrECvM-JCGyqVu4CBF-dg\",\"authDomain\":\"gastroo-4f0a3.firebaseapp.com\",\"messagingSenderId\":\"880194074966\",\"measurementId\":\"G-TTYZLTJG4W\"},\"_authTokenSyncURL\":\"/__session\"}","FIREBASE_CONFIG":"{\"projectId\":\"gastroo-4f0a3\",\"databaseURL\":\"https://gastroo-4f0a3-default-rtdb.europe-west1.firebasedatabase.app\",\"storageBucket\":\"gastroo-4f0a3.firebasestorage.app\"}","GCLOUD_PROJECT":"gastroo-4f0a3","EVENTARC_CLOUD_EVENT_SOURCE":"projects/gastroo-4f0a3/locations/europe-west1/services/ssrgastroo4f0a3","FUNCTION_TARGET":"ssrgastroo4f0a3","LOG_EXECUTION_ID":"true"},"ingressSettings":"ALLOW_ALL","serviceAccountEmail":"880194074966-compute@developer.gserviceaccount.com","availableMemory":"256Mi","maxInstanceRequestConcurrency":80,"availableCpu":"1"},"labels":{"deployment-tool":"cli-firebase","firebase-functions-codebase":"firebase-frameworks-gastroo-4f0a3","firebase-functions-hash":"74fe466b7a873cf7e38ab2d93a05613f20279f0b"},"environment":"GEN_2"},"stages":[{"name":"BUILD","message":"Build in progress","state":"IN_PROGRESS","resource":"projects/880194074966/locations/europe-west1/builds/75b2ed4c-2fef-4d5e-8d97-440a2a39dee2","resourceUri":"https://console.cloud.google.com/cloud-build/builds;region=europe-west1/75b2ed4c-2fef-4d5e-8d97-440a2a39dee2?project=880194074966"},{"name":"SERVICE","state":"NOT_STARTED"}],"operationType":"CREATE_FUNCTION","buildName":"projects/880194074966/locations/europe-west1/builds/75b2ed4c-2fef-4d5e-8d97-440a2a39dee2"},"done":false}
[debug] [2025-08-12T16:36:27.815Z] [create-firebase-frameworks-gastroo-4f0a3-europe-west1-ssrgastroo4f0a3] Retrying task index 0
[debug] [2025-08-12T16:36:27.816Z] Checked if tokens are valid: true, expires at: 1755017641897
[debug] [2025-08-12T16:36:27.816Z] Checked if tokens are valid: true, expires at: 1755017641897
[debug] [2025-08-12T16:36:27.816Z] >>> [apiv2][query] GET https://cloudfunctions.googleapis.com/v2/projects/gastroo-4f0a3/locations/europe-west1/operations/operation-1755016477833-63c2d9dbc785c-d2b3a89e-6eeefb34 [none]
[debug] [2025-08-12T16:36:27.997Z] <<< [apiv2][status] GET https://cloudfunctions.googleapis.com/v2/projects/gastroo-4f0a3/locations/europe-west1/operations/operation-1755016477833-63c2d9dbc785c-d2b3a89e-6eeefb34 200
[debug] [2025-08-12T16:36:27.998Z] <<< [apiv2][body] GET https://cloudfunctions.googleapis.com/v2/projects/gastroo-4f0a3/locations/europe-west1/operations/operation-1755016477833-63c2d9dbc785c-d2b3a89e-6eeefb34 {"name":"projects/gastroo-4f0a3/locations/europe-west1/operations/operation-1755016477833-63c2d9dbc785c-d2b3a89e-6eeefb34","metadata":{"@type":"type.googleapis.com/google.cloud.functions.v2.OperationMetadata","createTime":"2025-08-12T16:34:40.035067661Z","target":"projects/gastroo-4f0a3/locations/europe-west1/functions/ssrgastroo4f0a3","verb":"create","cancelRequested":false,"apiVersion":"v2","requestResource":{"@type":"type.googleapis.com/google.cloud.functions.v2.Function","name":"projects/gastroo-4f0a3/locations/europe-west1/functions/ssrgastroo4f0a3","buildConfig":{"runtime":"nodejs20","entryPoint":"ssrgastroo4f0a3","source":{"storageSource":{"bucket":"gcf-v2-sources-880194074966-europe-west1","object":"ssrgastroo4f0a3/function-source.zip","generation":"1755016479483943"}},"environmentVariables":{"GOOGLE_NODE_RUN_SCRIPTS":""},"serviceAccount":"projects/gastroo-4f0a3/serviceAccounts/880194074966-compute@developer.gserviceaccount.com","automaticUpdatePolicy":{}},"serviceConfig":{"service":"projects/gastroo-4f0a3/locations/europe-west1/services/ssrgastroo4f0a3","timeoutSeconds":60,"environmentVariables":{"VERCEL_URL":"gastroo-4f0a3.web.app","__FIREBASE_FRAMEWORKS_ENTRY__":"next.js","__FIREBASE_DEFAULTS__":"{\"config\":{\"projectId\":\"gastroo-4f0a3\",\"appId\":\"1:880194074966:web:eb44133ad67d27f5a2fef7\",\"databaseURL\":\"https://gastroo-4f0a3-default-rtdb.europe-west1.firebasedatabase.app\",\"storageBucket\":\"gastroo-4f0a3.firebasestorage.app\",\"apiKey\":\"AIzaSyD35VjXyAgjalKrECvM-JCGyqVu4CBF-dg\",\"authDomain\":\"gastroo-4f0a3.firebaseapp.com\",\"messagingSenderId\":\"880194074966\",\"measurementId\":\"G-TTYZLTJG4W\"},\"_authTokenSyncURL\":\"/__session\"}","FIREBASE_CONFIG":"{\"projectId\":\"gastroo-4f0a3\",\"databaseURL\":\"https://gastroo-4f0a3-default-rtdb.europe-west1.firebasedatabase.app\",\"storageBucket\":\"gastroo-4f0a3.firebasestorage.app\"}","GCLOUD_PROJECT":"gastroo-4f0a3","EVENTARC_CLOUD_EVENT_SOURCE":"projects/gastroo-4f0a3/locations/europe-west1/services/ssrgastroo4f0a3","FUNCTION_TARGET":"ssrgastroo4f0a3","LOG_EXECUTION_ID":"true"},"ingressSettings":"ALLOW_ALL","serviceAccountEmail":"880194074966-compute@developer.gserviceaccount.com","availableMemory":"256Mi","maxInstanceRequestConcurrency":80,"availableCpu":"1"},"labels":{"deployment-tool":"cli-firebase","firebase-functions-codebase":"firebase-frameworks-gastroo-4f0a3","firebase-functions-hash":"74fe466b7a873cf7e38ab2d93a05613f20279f0b"},"environment":"GEN_2"},"stages":[{"name":"BUILD","message":"Build in progress","state":"IN_PROGRESS","resource":"projects/880194074966/locations/europe-west1/builds/75b2ed4c-2fef-4d5e-8d97-440a2a39dee2","resourceUri":"https://console.cloud.google.com/cloud-build/builds;region=europe-west1/75b2ed4c-2fef-4d5e-8d97-440a2a39dee2?project=880194074966"},{"name":"SERVICE","state":"NOT_STARTED"}],"operationType":"CREATE_FUNCTION","buildName":"projects/880194074966/locations/europe-west1/builds/75b2ed4c-2fef-4d5e-8d97-440a2a39dee2"},"done":false}
[debug] [2025-08-12T16:36:37.998Z] [create-firebase-frameworks-gastroo-4f0a3-europe-west1-ssrgastroo4f0a3] Retrying task index 0
[debug] [2025-08-12T16:36:37.999Z] Checked if tokens are valid: true, expires at: 1755017641897
[debug] [2025-08-12T16:36:37.999Z] Checked if tokens are valid: true, expires at: 1755017641897
[debug] [2025-08-12T16:36:37.999Z] >>> [apiv2][query] GET https://cloudfunctions.googleapis.com/v2/projects/gastroo-4f0a3/locations/europe-west1/operations/operation-1755016477833-63c2d9dbc785c-d2b3a89e-6eeefb34 [none]
[debug] [2025-08-12T16:36:38.190Z] <<< [apiv2][status] GET https://cloudfunctions.googleapis.com/v2/projects/gastroo-4f0a3/locations/europe-west1/operations/operation-1755016477833-63c2d9dbc785c-d2b3a89e-6eeefb34 200
[debug] [2025-08-12T16:36:38.190Z] <<< [apiv2][body] GET https://cloudfunctions.googleapis.com/v2/projects/gastroo-4f0a3/locations/europe-west1/operations/operation-1755016477833-63c2d9dbc785c-d2b3a89e-6eeefb34 {"name":"projects/gastroo-4f0a3/locations/europe-west1/operations/operation-1755016477833-63c2d9dbc785c-d2b3a89e-6eeefb34","metadata":{"@type":"type.googleapis.com/google.cloud.functions.v2.OperationMetadata","createTime":"2025-08-12T16:34:40.035067661Z","target":"projects/gastroo-4f0a3/locations/europe-west1/functions/ssrgastroo4f0a3","verb":"create","cancelRequested":false,"apiVersion":"v2","requestResource":{"@type":"type.googleapis.com/google.cloud.functions.v2.Function","name":"projects/gastroo-4f0a3/locations/europe-west1/functions/ssrgastroo4f0a3","buildConfig":{"runtime":"nodejs20","entryPoint":"ssrgastroo4f0a3","source":{"storageSource":{"bucket":"gcf-v2-sources-880194074966-europe-west1","object":"ssrgastroo4f0a3/function-source.zip","generation":"1755016479483943"}},"environmentVariables":{"GOOGLE_NODE_RUN_SCRIPTS":""},"serviceAccount":"projects/gastroo-4f0a3/serviceAccounts/880194074966-compute@developer.gserviceaccount.com","automaticUpdatePolicy":{}},"serviceConfig":{"service":"projects/gastroo-4f0a3/locations/europe-west1/services/ssrgastroo4f0a3","timeoutSeconds":60,"environmentVariables":{"VERCEL_URL":"gastroo-4f0a3.web.app","__FIREBASE_FRAMEWORKS_ENTRY__":"next.js","__FIREBASE_DEFAULTS__":"{\"config\":{\"projectId\":\"gastroo-4f0a3\",\"appId\":\"1:880194074966:web:eb44133ad67d27f5a2fef7\",\"databaseURL\":\"https://gastroo-4f0a3-default-rtdb.europe-west1.firebasedatabase.app\",\"storageBucket\":\"gastroo-4f0a3.firebasestorage.app\",\"apiKey\":\"AIzaSyD35VjXyAgjalKrECvM-JCGyqVu4CBF-dg\",\"authDomain\":\"gastroo-4f0a3.firebaseapp.com\",\"messagingSenderId\":\"880194074966\",\"measurementId\":\"G-TTYZLTJG4W\"},\"_authTokenSyncURL\":\"/__session\"}","FIREBASE_CONFIG":"{\"projectId\":\"gastroo-4f0a3\",\"databaseURL\":\"https://gastroo-4f0a3-default-rtdb.europe-west1.firebasedatabase.app\",\"storageBucket\":\"gastroo-4f0a3.firebasestorage.app\"}","GCLOUD_PROJECT":"gastroo-4f0a3","EVENTARC_CLOUD_EVENT_SOURCE":"projects/gastroo-4f0a3/locations/europe-west1/services/ssrgastroo4f0a3","FUNCTION_TARGET":"ssrgastroo4f0a3","LOG_EXECUTION_ID":"true"},"ingressSettings":"ALLOW_ALL","serviceAccountEmail":"880194074966-compute@developer.gserviceaccount.com","availableMemory":"256Mi","maxInstanceRequestConcurrency":80,"availableCpu":"1"},"labels":{"deployment-tool":"cli-firebase","firebase-functions-codebase":"firebase-frameworks-gastroo-4f0a3","firebase-functions-hash":"74fe466b7a873cf7e38ab2d93a05613f20279f0b"},"environment":"GEN_2"},"stages":[{"name":"BUILD","message":"Build in progress","state":"IN_PROGRESS","resource":"projects/880194074966/locations/europe-west1/builds/75b2ed4c-2fef-4d5e-8d97-440a2a39dee2","resourceUri":"https://console.cloud.google.com/cloud-build/builds;region=europe-west1/75b2ed4c-2fef-4d5e-8d97-440a2a39dee2?project=880194074966"},{"name":"SERVICE","state":"NOT_STARTED"}],"operationType":"CREATE_FUNCTION","buildName":"projects/880194074966/locations/europe-west1/builds/75b2ed4c-2fef-4d5e-8d97-440a2a39dee2"},"done":false}
[debug] [2025-08-12T16:36:48.191Z] [create-firebase-frameworks-gastroo-4f0a3-europe-west1-ssrgastroo4f0a3] Retrying task index 0
[debug] [2025-08-12T16:36:48.191Z] Checked if tokens are valid: true, expires at: 1755017641897
[debug] [2025-08-12T16:36:48.191Z] Checked if tokens are valid: true, expires at: 1755017641897
[debug] [2025-08-12T16:36:48.191Z] >>> [apiv2][query] GET https://cloudfunctions.googleapis.com/v2/projects/gastroo-4f0a3/locations/europe-west1/operations/operation-1755016477833-63c2d9dbc785c-d2b3a89e-6eeefb34 [none]
[debug] [2025-08-12T16:36:48.342Z] <<< [apiv2][status] GET https://cloudfunctions.googleapis.com/v2/projects/gastroo-4f0a3/locations/europe-west1/operations/operation-1755016477833-63c2d9dbc785c-d2b3a89e-6eeefb34 200
[debug] [2025-08-12T16:36:48.343Z] <<< [apiv2][body] GET https://cloudfunctions.googleapis.com/v2/projects/gastroo-4f0a3/locations/europe-west1/operations/operation-1755016477833-63c2d9dbc785c-d2b3a89e-6eeefb34 {"name":"projects/gastroo-4f0a3/locations/europe-west1/operations/operation-1755016477833-63c2d9dbc785c-d2b3a89e-6eeefb34","metadata":{"@type":"type.googleapis.com/google.cloud.functions.v2.OperationMetadata","createTime":"2025-08-12T16:34:40.035067661Z","target":"projects/gastroo-4f0a3/locations/europe-west1/functions/ssrgastroo4f0a3","verb":"create","cancelRequested":false,"apiVersion":"v2","requestResource":{"@type":"type.googleapis.com/google.cloud.functions.v2.Function","name":"projects/gastroo-4f0a3/locations/europe-west1/functions/ssrgastroo4f0a3","buildConfig":{"runtime":"nodejs20","entryPoint":"ssrgastroo4f0a3","source":{"storageSource":{"bucket":"gcf-v2-sources-880194074966-europe-west1","object":"ssrgastroo4f0a3/function-source.zip","generation":"1755016479483943"}},"environmentVariables":{"GOOGLE_NODE_RUN_SCRIPTS":""},"serviceAccount":"projects/gastroo-4f0a3/serviceAccounts/880194074966-compute@developer.gserviceaccount.com","automaticUpdatePolicy":{}},"serviceConfig":{"service":"projects/gastroo-4f0a3/locations/europe-west1/services/ssrgastroo4f0a3","timeoutSeconds":60,"environmentVariables":{"VERCEL_URL":"gastroo-4f0a3.web.app","__FIREBASE_FRAMEWORKS_ENTRY__":"next.js","__FIREBASE_DEFAULTS__":"{\"config\":{\"projectId\":\"gastroo-4f0a3\",\"appId\":\"1:880194074966:web:eb44133ad67d27f5a2fef7\",\"databaseURL\":\"https://gastroo-4f0a3-default-rtdb.europe-west1.firebasedatabase.app\",\"storageBucket\":\"gastroo-4f0a3.firebasestorage.app\",\"apiKey\":\"AIzaSyD35VjXyAgjalKrECvM-JCGyqVu4CBF-dg\",\"authDomain\":\"gastroo-4f0a3.firebaseapp.com\",\"messagingSenderId\":\"880194074966\",\"measurementId\":\"G-TTYZLTJG4W\"},\"_authTokenSyncURL\":\"/__session\"}","FIREBASE_CONFIG":"{\"projectId\":\"gastroo-4f0a3\",\"databaseURL\":\"https://gastroo-4f0a3-default-rtdb.europe-west1.firebasedatabase.app\",\"storageBucket\":\"gastroo-4f0a3.firebasestorage.app\"}","GCLOUD_PROJECT":"gastroo-4f0a3","EVENTARC_CLOUD_EVENT_SOURCE":"projects/gastroo-4f0a3/locations/europe-west1/services/ssrgastroo4f0a3","FUNCTION_TARGET":"ssrgastroo4f0a3","LOG_EXECUTION_ID":"true"},"ingressSettings":"ALLOW_ALL","serviceAccountEmail":"880194074966-compute@developer.gserviceaccount.com","availableMemory":"256Mi","maxInstanceRequestConcurrency":80,"availableCpu":"1"},"labels":{"deployment-tool":"cli-firebase","firebase-functions-codebase":"firebase-frameworks-gastroo-4f0a3","firebase-functions-hash":"74fe466b7a873cf7e38ab2d93a05613f20279f0b"},"environment":"GEN_2"},"stages":[{"name":"BUILD","message":"Build in progress","state":"IN_PROGRESS","resource":"projects/880194074966/locations/europe-west1/builds/75b2ed4c-2fef-4d5e-8d97-440a2a39dee2","resourceUri":"https://console.cloud.google.com/cloud-build/builds;region=europe-west1/75b2ed4c-2fef-4d5e-8d97-440a2a39dee2?project=880194074966"},{"name":"SERVICE","state":"NOT_STARTED"}],"operationType":"CREATE_FUNCTION","buildName":"projects/880194074966/locations/europe-west1/builds/75b2ed4c-2fef-4d5e-8d97-440a2a39dee2"},"done":false}
[debug] [2025-08-12T16:36:58.343Z] [create-firebase-frameworks-gastroo-4f0a3-europe-west1-ssrgastroo4f0a3] Retrying task index 0
[debug] [2025-08-12T16:36:58.343Z] Checked if tokens are valid: true, expires at: 1755017641897
[debug] [2025-08-12T16:36:58.343Z] Checked if tokens are valid: true, expires at: 1755017641897
[debug] [2025-08-12T16:36:58.343Z] >>> [apiv2][query] GET https://cloudfunctions.googleapis.com/v2/projects/gastroo-4f0a3/locations/europe-west1/operations/operation-1755016477833-63c2d9dbc785c-d2b3a89e-6eeefb34 [none]
[debug] [2025-08-12T16:36:58.527Z] <<< [apiv2][status] GET https://cloudfunctions.googleapis.com/v2/projects/gastroo-4f0a3/locations/europe-west1/operations/operation-1755016477833-63c2d9dbc785c-d2b3a89e-6eeefb34 200
[debug] [2025-08-12T16:36:58.527Z] <<< [apiv2][body] GET https://cloudfunctions.googleapis.com/v2/projects/gastroo-4f0a3/locations/europe-west1/operations/operation-1755016477833-63c2d9dbc785c-d2b3a89e-6eeefb34 {"name":"projects/gastroo-4f0a3/locations/europe-west1/operations/operation-1755016477833-63c2d9dbc785c-d2b3a89e-6eeefb34","metadata":{"@type":"type.googleapis.com/google.cloud.functions.v2.OperationMetadata","createTime":"2025-08-12T16:34:40.035067661Z","target":"projects/gastroo-4f0a3/locations/europe-west1/functions/ssrgastroo4f0a3","verb":"create","cancelRequested":false,"apiVersion":"v2","requestResource":{"@type":"type.googleapis.com/google.cloud.functions.v2.Function","name":"projects/gastroo-4f0a3/locations/europe-west1/functions/ssrgastroo4f0a3","buildConfig":{"runtime":"nodejs20","entryPoint":"ssrgastroo4f0a3","source":{"storageSource":{"bucket":"gcf-v2-sources-880194074966-europe-west1","object":"ssrgastroo4f0a3/function-source.zip","generation":"1755016479483943"}},"environmentVariables":{"GOOGLE_NODE_RUN_SCRIPTS":""},"serviceAccount":"projects/gastroo-4f0a3/serviceAccounts/880194074966-compute@developer.gserviceaccount.com","automaticUpdatePolicy":{}},"serviceConfig":{"service":"projects/gastroo-4f0a3/locations/europe-west1/services/ssrgastroo4f0a3","timeoutSeconds":60,"environmentVariables":{"VERCEL_URL":"gastroo-4f0a3.web.app","__FIREBASE_FRAMEWORKS_ENTRY__":"next.js","__FIREBASE_DEFAULTS__":"{\"config\":{\"projectId\":\"gastroo-4f0a3\",\"appId\":\"1:880194074966:web:eb44133ad67d27f5a2fef7\",\"databaseURL\":\"https://gastroo-4f0a3-default-rtdb.europe-west1.firebasedatabase.app\",\"storageBucket\":\"gastroo-4f0a3.firebasestorage.app\",\"apiKey\":\"AIzaSyD35VjXyAgjalKrECvM-JCGyqVu4CBF-dg\",\"authDomain\":\"gastroo-4f0a3.firebaseapp.com\",\"messagingSenderId\":\"880194074966\",\"measurementId\":\"G-TTYZLTJG4W\"},\"_authTokenSyncURL\":\"/__session\"}","FIREBASE_CONFIG":"{\"projectId\":\"gastroo-4f0a3\",\"databaseURL\":\"https://gastroo-4f0a3-default-rtdb.europe-west1.firebasedatabase.app\",\"storageBucket\":\"gastroo-4f0a3.firebasestorage.app\"}","GCLOUD_PROJECT":"gastroo-4f0a3","EVENTARC_CLOUD_EVENT_SOURCE":"projects/gastroo-4f0a3/locations/europe-west1/services/ssrgastroo4f0a3","FUNCTION_TARGET":"ssrgastroo4f0a3","LOG_EXECUTION_ID":"true"},"ingressSettings":"ALLOW_ALL","serviceAccountEmail":"880194074966-compute@developer.gserviceaccount.com","availableMemory":"256Mi","maxInstanceRequestConcurrency":80,"availableCpu":"1"},"labels":{"deployment-tool":"cli-firebase","firebase-functions-codebase":"firebase-frameworks-gastroo-4f0a3","firebase-functions-hash":"74fe466b7a873cf7e38ab2d93a05613f20279f0b"},"environment":"GEN_2"},"stages":[{"name":"BUILD","message":"Build in progress","state":"IN_PROGRESS","resource":"projects/880194074966/locations/europe-west1/builds/75b2ed4c-2fef-4d5e-8d97-440a2a39dee2","resourceUri":"https://console.cloud.google.com/cloud-build/builds;region=europe-west1/75b2ed4c-2fef-4d5e-8d97-440a2a39dee2?project=880194074966"},{"name":"SERVICE","state":"NOT_STARTED"}],"operationType":"CREATE_FUNCTION","buildName":"projects/880194074966/locations/europe-west1/builds/75b2ed4c-2fef-4d5e-8d97-440a2a39dee2"},"done":false}
[debug] [2025-08-12T16:37:08.528Z] [create-firebase-frameworks-gastroo-4f0a3-europe-west1-ssrgastroo4f0a3] Retrying task index 0
[debug] [2025-08-12T16:37:08.529Z] Checked if tokens are valid: true, expires at: 1755017641897
[debug] [2025-08-12T16:37:08.529Z] Checked if tokens are valid: true, expires at: 1755017641897
[debug] [2025-08-12T16:37:08.529Z] >>> [apiv2][query] GET https://cloudfunctions.googleapis.com/v2/projects/gastroo-4f0a3/locations/europe-west1/operations/operation-1755016477833-63c2d9dbc785c-d2b3a89e-6eeefb34 [none]
[debug] [2025-08-12T16:37:08.714Z] <<< [apiv2][status] GET https://cloudfunctions.googleapis.com/v2/projects/gastroo-4f0a3/locations/europe-west1/operations/operation-1755016477833-63c2d9dbc785c-d2b3a89e-6eeefb34 200
[debug] [2025-08-12T16:37:08.714Z] <<< [apiv2][body] GET https://cloudfunctions.googleapis.com/v2/projects/gastroo-4f0a3/locations/europe-west1/operations/operation-1755016477833-63c2d9dbc785c-d2b3a89e-6eeefb34 {"name":"projects/gastroo-4f0a3/locations/europe-west1/operations/operation-1755016477833-63c2d9dbc785c-d2b3a89e-6eeefb34","metadata":{"@type":"type.googleapis.com/google.cloud.functions.v2.OperationMetadata","createTime":"2025-08-12T16:34:40.035067661Z","target":"projects/gastroo-4f0a3/locations/europe-west1/functions/ssrgastroo4f0a3","verb":"create","cancelRequested":false,"apiVersion":"v2","requestResource":{"@type":"type.googleapis.com/google.cloud.functions.v2.Function","name":"projects/gastroo-4f0a3/locations/europe-west1/functions/ssrgastroo4f0a3","buildConfig":{"runtime":"nodejs20","entryPoint":"ssrgastroo4f0a3","source":{"storageSource":{"bucket":"gcf-v2-sources-880194074966-europe-west1","object":"ssrgastroo4f0a3/function-source.zip","generation":"1755016479483943"}},"environmentVariables":{"GOOGLE_NODE_RUN_SCRIPTS":""},"serviceAccount":"projects/gastroo-4f0a3/serviceAccounts/880194074966-compute@developer.gserviceaccount.com","automaticUpdatePolicy":{}},"serviceConfig":{"service":"projects/gastroo-4f0a3/locations/europe-west1/services/ssrgastroo4f0a3","timeoutSeconds":60,"environmentVariables":{"VERCEL_URL":"gastroo-4f0a3.web.app","__FIREBASE_FRAMEWORKS_ENTRY__":"next.js","__FIREBASE_DEFAULTS__":"{\"config\":{\"projectId\":\"gastroo-4f0a3\",\"appId\":\"1:880194074966:web:eb44133ad67d27f5a2fef7\",\"databaseURL\":\"https://gastroo-4f0a3-default-rtdb.europe-west1.firebasedatabase.app\",\"storageBucket\":\"gastroo-4f0a3.firebasestorage.app\",\"apiKey\":\"AIzaSyD35VjXyAgjalKrECvM-JCGyqVu4CBF-dg\",\"authDomain\":\"gastroo-4f0a3.firebaseapp.com\",\"messagingSenderId\":\"880194074966\",\"measurementId\":\"G-TTYZLTJG4W\"},\"_authTokenSyncURL\":\"/__session\"}","FIREBASE_CONFIG":"{\"projectId\":\"gastroo-4f0a3\",\"databaseURL\":\"https://gastroo-4f0a3-default-rtdb.europe-west1.firebasedatabase.app\",\"storageBucket\":\"gastroo-4f0a3.firebasestorage.app\"}","GCLOUD_PROJECT":"gastroo-4f0a3","EVENTARC_CLOUD_EVENT_SOURCE":"projects/gastroo-4f0a3/locations/europe-west1/services/ssrgastroo4f0a3","FUNCTION_TARGET":"ssrgastroo4f0a3","LOG_EXECUTION_ID":"true"},"ingressSettings":"ALLOW_ALL","serviceAccountEmail":"880194074966-compute@developer.gserviceaccount.com","availableMemory":"256Mi","maxInstanceRequestConcurrency":80,"availableCpu":"1"},"labels":{"deployment-tool":"cli-firebase","firebase-functions-codebase":"firebase-frameworks-gastroo-4f0a3","firebase-functions-hash":"74fe466b7a873cf7e38ab2d93a05613f20279f0b"},"environment":"GEN_2"},"stages":[{"name":"BUILD","message":"Build in progress","state":"IN_PROGRESS","resource":"projects/880194074966/locations/europe-west1/builds/75b2ed4c-2fef-4d5e-8d97-440a2a39dee2","resourceUri":"https://console.cloud.google.com/cloud-build/builds;region=europe-west1/75b2ed4c-2fef-4d5e-8d97-440a2a39dee2?project=880194074966"},{"name":"SERVICE","state":"NOT_STARTED"}],"operationType":"CREATE_FUNCTION","buildName":"projects/880194074966/locations/europe-west1/builds/75b2ed4c-2fef-4d5e-8d97-440a2a39dee2"},"done":false}
[debug] [2025-08-12T16:37:18.715Z] [create-firebase-frameworks-gastroo-4f0a3-europe-west1-ssrgastroo4f0a3] Retrying task index 0
[debug] [2025-08-12T16:37:18.715Z] Checked if tokens are valid: true, expires at: 1755017641897
[debug] [2025-08-12T16:37:18.716Z] Checked if tokens are valid: true, expires at: 1755017641897
[debug] [2025-08-12T16:37:18.716Z] >>> [apiv2][query] GET https://cloudfunctions.googleapis.com/v2/projects/gastroo-4f0a3/locations/europe-west1/operations/operation-1755016477833-63c2d9dbc785c-d2b3a89e-6eeefb34 [none]
[debug] [2025-08-12T16:37:18.911Z] <<< [apiv2][status] GET https://cloudfunctions.googleapis.com/v2/projects/gastroo-4f0a3/locations/europe-west1/operations/operation-1755016477833-63c2d9dbc785c-d2b3a89e-6eeefb34 200
[debug] [2025-08-12T16:37:18.911Z] <<< [apiv2][body] GET https://cloudfunctions.googleapis.com/v2/projects/gastroo-4f0a3/locations/europe-west1/operations/operation-1755016477833-63c2d9dbc785c-d2b3a89e-6eeefb34 {"name":"projects/gastroo-4f0a3/locations/europe-west1/operations/operation-1755016477833-63c2d9dbc785c-d2b3a89e-6eeefb34","metadata":{"@type":"type.googleapis.com/google.cloud.functions.v2.OperationMetadata","createTime":"2025-08-12T16:34:40.035067661Z","target":"projects/gastroo-4f0a3/locations/europe-west1/functions/ssrgastroo4f0a3","verb":"create","cancelRequested":false,"apiVersion":"v2","requestResource":{"@type":"type.googleapis.com/google.cloud.functions.v2.Function","name":"projects/gastroo-4f0a3/locations/europe-west1/functions/ssrgastroo4f0a3","buildConfig":{"runtime":"nodejs20","entryPoint":"ssrgastroo4f0a3","source":{"storageSource":{"bucket":"gcf-v2-sources-880194074966-europe-west1","object":"ssrgastroo4f0a3/function-source.zip","generation":"1755016479483943"}},"environmentVariables":{"GOOGLE_NODE_RUN_SCRIPTS":""},"serviceAccount":"projects/gastroo-4f0a3/serviceAccounts/880194074966-compute@developer.gserviceaccount.com","automaticUpdatePolicy":{}},"serviceConfig":{"service":"projects/gastroo-4f0a3/locations/europe-west1/services/ssrgastroo4f0a3","timeoutSeconds":60,"environmentVariables":{"VERCEL_URL":"gastroo-4f0a3.web.app","__FIREBASE_FRAMEWORKS_ENTRY__":"next.js","__FIREBASE_DEFAULTS__":"{\"config\":{\"projectId\":\"gastroo-4f0a3\",\"appId\":\"1:880194074966:web:eb44133ad67d27f5a2fef7\",\"databaseURL\":\"https://gastroo-4f0a3-default-rtdb.europe-west1.firebasedatabase.app\",\"storageBucket\":\"gastroo-4f0a3.firebasestorage.app\",\"apiKey\":\"AIzaSyD35VjXyAgjalKrECvM-JCGyqVu4CBF-dg\",\"authDomain\":\"gastroo-4f0a3.firebaseapp.com\",\"messagingSenderId\":\"880194074966\",\"measurementId\":\"G-TTYZLTJG4W\"},\"_authTokenSyncURL\":\"/__session\"}","FIREBASE_CONFIG":"{\"projectId\":\"gastroo-4f0a3\",\"databaseURL\":\"https://gastroo-4f0a3-default-rtdb.europe-west1.firebasedatabase.app\",\"storageBucket\":\"gastroo-4f0a3.firebasestorage.app\"}","GCLOUD_PROJECT":"gastroo-4f0a3","EVENTARC_CLOUD_EVENT_SOURCE":"projects/gastroo-4f0a3/locations/europe-west1/services/ssrgastroo4f0a3","FUNCTION_TARGET":"ssrgastroo4f0a3","LOG_EXECUTION_ID":"true"},"ingressSettings":"ALLOW_ALL","serviceAccountEmail":"880194074966-compute@developer.gserviceaccount.com","availableMemory":"256Mi","maxInstanceRequestConcurrency":80,"availableCpu":"1"},"labels":{"deployment-tool":"cli-firebase","firebase-functions-codebase":"firebase-frameworks-gastroo-4f0a3","firebase-functions-hash":"74fe466b7a873cf7e38ab2d93a05613f20279f0b"},"environment":"GEN_2"},"stages":[{"name":"BUILD","message":"Build in progress","state":"IN_PROGRESS","resource":"projects/880194074966/locations/europe-west1/builds/75b2ed4c-2fef-4d5e-8d97-440a2a39dee2","resourceUri":"https://console.cloud.google.com/cloud-build/builds;region=europe-west1/75b2ed4c-2fef-4d5e-8d97-440a2a39dee2?project=880194074966"},{"name":"SERVICE","state":"NOT_STARTED"}],"operationType":"CREATE_FUNCTION","buildName":"projects/880194074966/locations/europe-west1/builds/75b2ed4c-2fef-4d5e-8d97-440a2a39dee2"},"done":false}
[debug] [2025-08-12T16:37:28.914Z] [create-firebase-frameworks-gastroo-4f0a3-europe-west1-ssrgastroo4f0a3] Retrying task index 0
[debug] [2025-08-12T16:37:28.915Z] Checked if tokens are valid: true, expires at: 1755017641897
[debug] [2025-08-12T16:37:28.915Z] Checked if tokens are valid: true, expires at: 1755017641897
[debug] [2025-08-12T16:37:28.915Z] >>> [apiv2][query] GET https://cloudfunctions.googleapis.com/v2/projects/gastroo-4f0a3/locations/europe-west1/operations/operation-1755016477833-63c2d9dbc785c-d2b3a89e-6eeefb34 [none]
[debug] [2025-08-12T16:37:29.056Z] <<< [apiv2][status] GET https://cloudfunctions.googleapis.com/v2/projects/gastroo-4f0a3/locations/europe-west1/operations/operation-1755016477833-63c2d9dbc785c-d2b3a89e-6eeefb34 200
[debug] [2025-08-12T16:37:29.056Z] <<< [apiv2][body] GET https://cloudfunctions.googleapis.com/v2/projects/gastroo-4f0a3/locations/europe-west1/operations/operation-1755016477833-63c2d9dbc785c-d2b3a89e-6eeefb34 {"name":"projects/gastroo-4f0a3/locations/europe-west1/operations/operation-1755016477833-63c2d9dbc785c-d2b3a89e-6eeefb34","metadata":{"@type":"type.googleapis.com/google.cloud.functions.v2.OperationMetadata","createTime":"2025-08-12T16:34:40.035067661Z","target":"projects/gastroo-4f0a3/locations/europe-west1/functions/ssrgastroo4f0a3","verb":"create","cancelRequested":false,"apiVersion":"v2","requestResource":{"@type":"type.googleapis.com/google.cloud.functions.v2.Function","name":"projects/gastroo-4f0a3/locations/europe-west1/functions/ssrgastroo4f0a3","buildConfig":{"runtime":"nodejs20","entryPoint":"ssrgastroo4f0a3","source":{"storageSource":{"bucket":"gcf-v2-sources-880194074966-europe-west1","object":"ssrgastroo4f0a3/function-source.zip","generation":"1755016479483943"}},"environmentVariables":{"GOOGLE_NODE_RUN_SCRIPTS":""},"serviceAccount":"projects/gastroo-4f0a3/serviceAccounts/880194074966-compute@developer.gserviceaccount.com","automaticUpdatePolicy":{}},"serviceConfig":{"service":"projects/gastroo-4f0a3/locations/europe-west1/services/ssrgastroo4f0a3","timeoutSeconds":60,"environmentVariables":{"VERCEL_URL":"gastroo-4f0a3.web.app","__FIREBASE_FRAMEWORKS_ENTRY__":"next.js","__FIREBASE_DEFAULTS__":"{\"config\":{\"projectId\":\"gastroo-4f0a3\",\"appId\":\"1:880194074966:web:eb44133ad67d27f5a2fef7\",\"databaseURL\":\"https://gastroo-4f0a3-default-rtdb.europe-west1.firebasedatabase.app\",\"storageBucket\":\"gastroo-4f0a3.firebasestorage.app\",\"apiKey\":\"AIzaSyD35VjXyAgjalKrECvM-JCGyqVu4CBF-dg\",\"authDomain\":\"gastroo-4f0a3.firebaseapp.com\",\"messagingSenderId\":\"880194074966\",\"measurementId\":\"G-TTYZLTJG4W\"},\"_authTokenSyncURL\":\"/__session\"}","FIREBASE_CONFIG":"{\"projectId\":\"gastroo-4f0a3\",\"databaseURL\":\"https://gastroo-4f0a3-default-rtdb.europe-west1.firebasedatabase.app\",\"storageBucket\":\"gastroo-4f0a3.firebasestorage.app\"}","GCLOUD_PROJECT":"gastroo-4f0a3","EVENTARC_CLOUD_EVENT_SOURCE":"projects/gastroo-4f0a3/locations/europe-west1/services/ssrgastroo4f0a3","FUNCTION_TARGET":"ssrgastroo4f0a3","LOG_EXECUTION_ID":"true"},"ingressSettings":"ALLOW_ALL","serviceAccountEmail":"880194074966-compute@developer.gserviceaccount.com","availableMemory":"256Mi","maxInstanceRequestConcurrency":80,"availableCpu":"1"},"labels":{"deployment-tool":"cli-firebase","firebase-functions-codebase":"firebase-frameworks-gastroo-4f0a3","firebase-functions-hash":"74fe466b7a873cf7e38ab2d93a05613f20279f0b"},"environment":"GEN_2"},"stages":[{"name":"BUILD","message":"Build finished","state":"COMPLETE","resource":"projects/880194074966/locations/europe-west1/builds/75b2ed4c-2fef-4d5e-8d97-440a2a39dee2","resourceUri":"https://console.cloud.google.com/cloud-build/builds;region=europe-west1/75b2ed4c-2fef-4d5e-8d97-440a2a39dee2?project=880194074966"},{"name":"SERVICE","message":"Creating Cloud Run service","state":"IN_PROGRESS","resource":"projects/gastroo-4f0a3/locations/europe-west1/services/ssrgastroo4f0a3","resourceUri":"https://console.cloud.google.com/run/detail/europe-west1/ssrgastroo4f0a3?project=gastroo-4f0a3"}],"sourceToken":"Clhwcm9qZWN0cy84ODAxOTQwNzQ5NjYvbG9jYXRpb25zL2V1cm9wZS13ZXN0MS9idWlsZHMvNzViMmVkNGMtMmZlZi00ZDVlLThkOTctNDQwYTJhMzlkZWUyEnBldXJvcGUtd2VzdDEtZG9ja2VyLnBrZy5kZXYvZ2FzdHJvby00ZjBhMy9nY2YtYXJ0aWZhY3RzL2dhc3Ryb28tLTRmMGEzX19ldXJvcGUtLXdlc3QxX19zc3JnYXN0cm9vNGYwYTM6dmVyc2lvbl8xGNbynv3OGSJHcHJvamVjdHMvZ2FzdHJvby00ZjBhMy9sb2NhdGlvbnMvZXVyb3BlLXdlc3QxL2Z1bmN0aW9ucy9zc3JnYXN0cm9vNGYwYTMqDAjE2+3EBhDIr6rvAjIIbm9kZWpzMjA6dwojZ2NyLmlvL2dhZS1ydW50aW1lcy9ub2RlanMyMDpzdGFibGUSUGV1cm9wZS13ZXN0MS1kb2NrZXIucGtnLmRldi9zZXJ2ZXJsZXNzLXJ1bnRpbWVzL2dvb2dsZS0yMi1mdWxsL3J1bnRpbWVzL25vZGVqczIwQAE=","operationType":"CREATE_FUNCTION","buildName":"projects/880194074966/locations/europe-west1/builds/75b2ed4c-2fef-4d5e-8d97-440a2a39dee2"},"done":false}
[debug] [2025-08-12T16:37:29.056Z] Got source token Clhwcm9qZWN0cy84ODAxOTQwNzQ5NjYvbG9jYXRpb25zL2V1cm9wZS13ZXN0MS9idWlsZHMvNzViMmVkNGMtMmZlZi00ZDVlLThkOTctNDQwYTJhMzlkZWUyEnBldXJvcGUtd2VzdDEtZG9ja2VyLnBrZy5kZXYvZ2FzdHJvby00ZjBhMy9nY2YtYXJ0aWZhY3RzL2dhc3Ryb28tLTRmMGEzX19ldXJvcGUtLXdlc3QxX19zc3JnYXN0cm9vNGYwYTM6dmVyc2lvbl8xGNbynv3OGSJHcHJvamVjdHMvZ2FzdHJvby00ZjBhMy9sb2NhdGlvbnMvZXVyb3BlLXdlc3QxL2Z1bmN0aW9ucy9zc3JnYXN0cm9vNGYwYTMqDAjE2+3EBhDIr6rvAjIIbm9kZWpzMjA6dwojZ2NyLmlvL2dhZS1ydW50aW1lcy9ub2RlanMyMDpzdGFibGUSUGV1cm9wZS13ZXN0MS1kb2NrZXIucGtnLmRldi9zZXJ2ZXJsZXNzLXJ1bnRpbWVzL2dvb2dsZS0yMi1mdWxsL3J1bnRpbWVzL25vZGVqczIwQAE= for region europe-west1
[debug] [2025-08-12T16:37:39.056Z] [create-firebase-frameworks-gastroo-4f0a3-europe-west1-ssrgastroo4f0a3] Retrying task index 0
[debug] [2025-08-12T16:37:39.056Z] Checked if tokens are valid: true, expires at: 1755017641897
[debug] [2025-08-12T16:37:39.056Z] Checked if tokens are valid: true, expires at: 1755017641897
[debug] [2025-08-12T16:37:39.056Z] >>> [apiv2][query] GET https://cloudfunctions.googleapis.com/v2/projects/gastroo-4f0a3/locations/europe-west1/operations/operation-1755016477833-63c2d9dbc785c-d2b3a89e-6eeefb34 [none]
[debug] [2025-08-12T16:37:39.257Z] <<< [apiv2][status] GET https://cloudfunctions.googleapis.com/v2/projects/gastroo-4f0a3/locations/europe-west1/operations/operation-1755016477833-63c2d9dbc785c-d2b3a89e-6eeefb34 200
[debug] [2025-08-12T16:37:39.257Z] <<< [apiv2][body] GET https://cloudfunctions.googleapis.com/v2/projects/gastroo-4f0a3/locations/europe-west1/operations/operation-1755016477833-63c2d9dbc785c-d2b3a89e-6eeefb34 {"name":"projects/gastroo-4f0a3/locations/europe-west1/operations/operation-1755016477833-63c2d9dbc785c-d2b3a89e-6eeefb34","metadata":{"@type":"type.googleapis.com/google.cloud.functions.v2.OperationMetadata","createTime":"2025-08-12T16:34:40.035067661Z","target":"projects/gastroo-4f0a3/locations/europe-west1/functions/ssrgastroo4f0a3","verb":"create","cancelRequested":false,"apiVersion":"v2","requestResource":{"@type":"type.googleapis.com/google.cloud.functions.v2.Function","name":"projects/gastroo-4f0a3/locations/europe-west1/functions/ssrgastroo4f0a3","buildConfig":{"runtime":"nodejs20","entryPoint":"ssrgastroo4f0a3","source":{"storageSource":{"bucket":"gcf-v2-sources-880194074966-europe-west1","object":"ssrgastroo4f0a3/function-source.zip","generation":"1755016479483943"}},"environmentVariables":{"GOOGLE_NODE_RUN_SCRIPTS":""},"serviceAccount":"projects/gastroo-4f0a3/serviceAccounts/880194074966-compute@developer.gserviceaccount.com","automaticUpdatePolicy":{}},"serviceConfig":{"service":"projects/gastroo-4f0a3/locations/europe-west1/services/ssrgastroo4f0a3","timeoutSeconds":60,"environmentVariables":{"VERCEL_URL":"gastroo-4f0a3.web.app","__FIREBASE_FRAMEWORKS_ENTRY__":"next.js","__FIREBASE_DEFAULTS__":"{\"config\":{\"projectId\":\"gastroo-4f0a3\",\"appId\":\"1:880194074966:web:eb44133ad67d27f5a2fef7\",\"databaseURL\":\"https://gastroo-4f0a3-default-rtdb.europe-west1.firebasedatabase.app\",\"storageBucket\":\"gastroo-4f0a3.firebasestorage.app\",\"apiKey\":\"AIzaSyD35VjXyAgjalKrECvM-JCGyqVu4CBF-dg\",\"authDomain\":\"gastroo-4f0a3.firebaseapp.com\",\"messagingSenderId\":\"880194074966\",\"measurementId\":\"G-TTYZLTJG4W\"},\"_authTokenSyncURL\":\"/__session\"}","FIREBASE_CONFIG":"{\"projectId\":\"gastroo-4f0a3\",\"databaseURL\":\"https://gastroo-4f0a3-default-rtdb.europe-west1.firebasedatabase.app\",\"storageBucket\":\"gastroo-4f0a3.firebasestorage.app\"}","GCLOUD_PROJECT":"gastroo-4f0a3","EVENTARC_CLOUD_EVENT_SOURCE":"projects/gastroo-4f0a3/locations/europe-west1/services/ssrgastroo4f0a3","FUNCTION_TARGET":"ssrgastroo4f0a3","LOG_EXECUTION_ID":"true"},"ingressSettings":"ALLOW_ALL","serviceAccountEmail":"880194074966-compute@developer.gserviceaccount.com","availableMemory":"256Mi","maxInstanceRequestConcurrency":80,"availableCpu":"1"},"labels":{"deployment-tool":"cli-firebase","firebase-functions-codebase":"firebase-frameworks-gastroo-4f0a3","firebase-functions-hash":"74fe466b7a873cf7e38ab2d93a05613f20279f0b"},"environment":"GEN_2"},"stages":[{"name":"BUILD","message":"Build finished","state":"COMPLETE","resource":"projects/880194074966/locations/europe-west1/builds/75b2ed4c-2fef-4d5e-8d97-440a2a39dee2","resourceUri":"https://console.cloud.google.com/cloud-build/builds;region=europe-west1/75b2ed4c-2fef-4d5e-8d97-440a2a39dee2?project=880194074966"},{"name":"SERVICE","message":"Creating Cloud Run service","state":"IN_PROGRESS","resource":"projects/gastroo-4f0a3/locations/europe-west1/services/ssrgastroo4f0a3","resourceUri":"https://console.cloud.google.com/run/detail/europe-west1/ssrgastroo4f0a3?project=gastroo-4f0a3"}],"sourceToken":"Clhwcm9qZWN0cy84ODAxOTQwNzQ5NjYvbG9jYXRpb25zL2V1cm9wZS13ZXN0MS9idWlsZHMvNzViMmVkNGMtMmZlZi00ZDVlLThkOTctNDQwYTJhMzlkZWUyEnBldXJvcGUtd2VzdDEtZG9ja2VyLnBrZy5kZXYvZ2FzdHJvby00ZjBhMy9nY2YtYXJ0aWZhY3RzL2dhc3Ryb28tLTRmMGEzX19ldXJvcGUtLXdlc3QxX19zc3JnYXN0cm9vNGYwYTM6dmVyc2lvbl8xGNbynv3OGSJHcHJvamVjdHMvZ2FzdHJvby00ZjBhMy9sb2NhdGlvbnMvZXVyb3BlLXdlc3QxL2Z1bmN0aW9ucy9zc3JnYXN0cm9vNGYwYTMqDAjE2+3EBhDIr6rvAjIIbm9kZWpzMjA6dwojZ2NyLmlvL2dhZS1ydW50aW1lcy9ub2RlanMyMDpzdGFibGUSUGV1cm9wZS13ZXN0MS1kb2NrZXIucGtnLmRldi9zZXJ2ZXJsZXNzLXJ1bnRpbWVzL2dvb2dsZS0yMi1mdWxsL3J1bnRpbWVzL25vZGVqczIwQAE=","operationType":"CREATE_FUNCTION","buildName":"projects/880194074966/locations/europe-west1/builds/75b2ed4c-2fef-4d5e-8d97-440a2a39dee2"},"done":false}
[debug] [2025-08-12T16:37:39.257Z] Got source token Clhwcm9qZWN0cy84ODAxOTQwNzQ5NjYvbG9jYXRpb25zL2V1cm9wZS13ZXN0MS9idWlsZHMvNzViMmVkNGMtMmZlZi00ZDVlLThkOTctNDQwYTJhMzlkZWUyEnBldXJvcGUtd2VzdDEtZG9ja2VyLnBrZy5kZXYvZ2FzdHJvby00ZjBhMy9nY2YtYXJ0aWZhY3RzL2dhc3Ryb28tLTRmMGEzX19ldXJvcGUtLXdlc3QxX19zc3JnYXN0cm9vNGYwYTM6dmVyc2lvbl8xGNbynv3OGSJHcHJvamVjdHMvZ2FzdHJvby00ZjBhMy9sb2NhdGlvbnMvZXVyb3BlLXdlc3QxL2Z1bmN0aW9ucy9zc3JnYXN0cm9vNGYwYTMqDAjE2+3EBhDIr6rvAjIIbm9kZWpzMjA6dwojZ2NyLmlvL2dhZS1ydW50aW1lcy9ub2RlanMyMDpzdGFibGUSUGV1cm9wZS13ZXN0MS1kb2NrZXIucGtnLmRldi9zZXJ2ZXJsZXNzLXJ1bnRpbWVzL2dvb2dsZS0yMi1mdWxsL3J1bnRpbWVzL25vZGVqczIwQAE= for region europe-west1
[debug] [2025-08-12T16:37:49.256Z] [create-firebase-frameworks-gastroo-4f0a3-europe-west1-ssrgastroo4f0a3] Retrying task index 0
[debug] [2025-08-12T16:37:49.257Z] Checked if tokens are valid: true, expires at: 1755017641897
[debug] [2025-08-12T16:37:49.257Z] Checked if tokens are valid: true, expires at: 1755017641897
[debug] [2025-08-12T16:37:49.257Z] >>> [apiv2][query] GET https://cloudfunctions.googleapis.com/v2/projects/gastroo-4f0a3/locations/europe-west1/operations/operation-1755016477833-63c2d9dbc785c-d2b3a89e-6eeefb34 [none]
[debug] [2025-08-12T16:37:49.413Z] <<< [apiv2][status] GET https://cloudfunctions.googleapis.com/v2/projects/gastroo-4f0a3/locations/europe-west1/operations/operation-1755016477833-63c2d9dbc785c-d2b3a89e-6eeefb34 200
[debug] [2025-08-12T16:37:49.413Z] <<< [apiv2][body] GET https://cloudfunctions.googleapis.com/v2/projects/gastroo-4f0a3/locations/europe-west1/operations/operation-1755016477833-63c2d9dbc785c-d2b3a89e-6eeefb34 {"name":"projects/gastroo-4f0a3/locations/europe-west1/operations/operation-1755016477833-63c2d9dbc785c-d2b3a89e-6eeefb34","metadata":{"@type":"type.googleapis.com/google.cloud.functions.v2.OperationMetadata","createTime":"2025-08-12T16:34:40.035067661Z","target":"projects/gastroo-4f0a3/locations/europe-west1/functions/ssrgastroo4f0a3","verb":"create","cancelRequested":false,"apiVersion":"v2","requestResource":{"@type":"type.googleapis.com/google.cloud.functions.v2.Function","name":"projects/gastroo-4f0a3/locations/europe-west1/functions/ssrgastroo4f0a3","buildConfig":{"runtime":"nodejs20","entryPoint":"ssrgastroo4f0a3","source":{"storageSource":{"bucket":"gcf-v2-sources-880194074966-europe-west1","object":"ssrgastroo4f0a3/function-source.zip","generation":"1755016479483943"}},"environmentVariables":{"GOOGLE_NODE_RUN_SCRIPTS":""},"serviceAccount":"projects/gastroo-4f0a3/serviceAccounts/880194074966-compute@developer.gserviceaccount.com","automaticUpdatePolicy":{}},"serviceConfig":{"service":"projects/gastroo-4f0a3/locations/europe-west1/services/ssrgastroo4f0a3","timeoutSeconds":60,"environmentVariables":{"VERCEL_URL":"gastroo-4f0a3.web.app","__FIREBASE_FRAMEWORKS_ENTRY__":"next.js","__FIREBASE_DEFAULTS__":"{\"config\":{\"projectId\":\"gastroo-4f0a3\",\"appId\":\"1:880194074966:web:eb44133ad67d27f5a2fef7\",\"databaseURL\":\"https://gastroo-4f0a3-default-rtdb.europe-west1.firebasedatabase.app\",\"storageBucket\":\"gastroo-4f0a3.firebasestorage.app\",\"apiKey\":\"AIzaSyD35VjXyAgjalKrECvM-JCGyqVu4CBF-dg\",\"authDomain\":\"gastroo-4f0a3.firebaseapp.com\",\"messagingSenderId\":\"880194074966\",\"measurementId\":\"G-TTYZLTJG4W\"},\"_authTokenSyncURL\":\"/__session\"}","FIREBASE_CONFIG":"{\"projectId\":\"gastroo-4f0a3\",\"databaseURL\":\"https://gastroo-4f0a3-default-rtdb.europe-west1.firebasedatabase.app\",\"storageBucket\":\"gastroo-4f0a3.firebasestorage.app\"}","GCLOUD_PROJECT":"gastroo-4f0a3","EVENTARC_CLOUD_EVENT_SOURCE":"projects/gastroo-4f0a3/locations/europe-west1/services/ssrgastroo4f0a3","FUNCTION_TARGET":"ssrgastroo4f0a3","LOG_EXECUTION_ID":"true"},"ingressSettings":"ALLOW_ALL","serviceAccountEmail":"880194074966-compute@developer.gserviceaccount.com","availableMemory":"256Mi","maxInstanceRequestConcurrency":80,"availableCpu":"1"},"labels":{"deployment-tool":"cli-firebase","firebase-functions-codebase":"firebase-frameworks-gastroo-4f0a3","firebase-functions-hash":"74fe466b7a873cf7e38ab2d93a05613f20279f0b"},"environment":"GEN_2"},"stages":[{"name":"BUILD","message":"Build finished","state":"COMPLETE","resource":"projects/880194074966/locations/europe-west1/builds/75b2ed4c-2fef-4d5e-8d97-440a2a39dee2","resourceUri":"https://console.cloud.google.com/cloud-build/builds;region=europe-west1/75b2ed4c-2fef-4d5e-8d97-440a2a39dee2?project=880194074966"},{"name":"SERVICE","message":"Creating Cloud Run service","state":"IN_PROGRESS","resource":"projects/gastroo-4f0a3/locations/europe-west1/services/ssrgastroo4f0a3","resourceUri":"https://console.cloud.google.com/run/detail/europe-west1/ssrgastroo4f0a3?project=gastroo-4f0a3"}],"sourceToken":"Clhwcm9qZWN0cy84ODAxOTQwNzQ5NjYvbG9jYXRpb25zL2V1cm9wZS13ZXN0MS9idWlsZHMvNzViMmVkNGMtMmZlZi00ZDVlLThkOTctNDQwYTJhMzlkZWUyEnBldXJvcGUtd2VzdDEtZG9ja2VyLnBrZy5kZXYvZ2FzdHJvby00ZjBhMy9nY2YtYXJ0aWZhY3RzL2dhc3Ryb28tLTRmMGEzX19ldXJvcGUtLXdlc3QxX19zc3JnYXN0cm9vNGYwYTM6dmVyc2lvbl8xGNbynv3OGSJHcHJvamVjdHMvZ2FzdHJvby00ZjBhMy9sb2NhdGlvbnMvZXVyb3BlLXdlc3QxL2Z1bmN0aW9ucy9zc3JnYXN0cm9vNGYwYTMqDAjE2+3EBhDIr6rvAjIIbm9kZWpzMjA6dwojZ2NyLmlvL2dhZS1ydW50aW1lcy9ub2RlanMyMDpzdGFibGUSUGV1cm9wZS13ZXN0MS1kb2NrZXIucGtnLmRldi9zZXJ2ZXJsZXNzLXJ1bnRpbWVzL2dvb2dsZS0yMi1mdWxsL3J1bnRpbWVzL25vZGVqczIwQAE=","operationType":"CREATE_FUNCTION","buildName":"projects/880194074966/locations/europe-west1/builds/75b2ed4c-2fef-4d5e-8d97-440a2a39dee2"},"done":false}
[debug] [2025-08-12T16:37:49.413Z] Got source token Clhwcm9qZWN0cy84ODAxOTQwNzQ5NjYvbG9jYXRpb25zL2V1cm9wZS13ZXN0MS9idWlsZHMvNzViMmVkNGMtMmZlZi00ZDVlLThkOTctNDQwYTJhMzlkZWUyEnBldXJvcGUtd2VzdDEtZG9ja2VyLnBrZy5kZXYvZ2FzdHJvby00ZjBhMy9nY2YtYXJ0aWZhY3RzL2dhc3Ryb28tLTRmMGEzX19ldXJvcGUtLXdlc3QxX19zc3JnYXN0cm9vNGYwYTM6dmVyc2lvbl8xGNbynv3OGSJHcHJvamVjdHMvZ2FzdHJvby00ZjBhMy9sb2NhdGlvbnMvZXVyb3BlLXdlc3QxL2Z1bmN0aW9ucy9zc3JnYXN0cm9vNGYwYTMqDAjE2+3EBhDIr6rvAjIIbm9kZWpzMjA6dwojZ2NyLmlvL2dhZS1ydW50aW1lcy9ub2RlanMyMDpzdGFibGUSUGV1cm9wZS13ZXN0MS1kb2NrZXIucGtnLmRldi9zZXJ2ZXJsZXNzLXJ1bnRpbWVzL2dvb2dsZS0yMi1mdWxsL3J1bnRpbWVzL25vZGVqczIwQAE= for region europe-west1
[debug] [2025-08-12T16:37:59.414Z] [create-firebase-frameworks-gastroo-4f0a3-europe-west1-ssrgastroo4f0a3] Retrying task index 0
[debug] [2025-08-12T16:37:59.414Z] Checked if tokens are valid: true, expires at: 1755017641897
[debug] [2025-08-12T16:37:59.414Z] Checked if tokens are valid: true, expires at: 1755017641897
[debug] [2025-08-12T16:37:59.414Z] >>> [apiv2][query] GET https://cloudfunctions.googleapis.com/v2/projects/gastroo-4f0a3/locations/europe-west1/operations/operation-1755016477833-63c2d9dbc785c-d2b3a89e-6eeefb34 [none]
[debug] [2025-08-12T16:37:59.586Z] <<< [apiv2][status] GET https://cloudfunctions.googleapis.com/v2/projects/gastroo-4f0a3/locations/europe-west1/operations/operation-1755016477833-63c2d9dbc785c-d2b3a89e-6eeefb34 200
[debug] [2025-08-12T16:37:59.586Z] <<< [apiv2][body] GET https://cloudfunctions.googleapis.com/v2/projects/gastroo-4f0a3/locations/europe-west1/operations/operation-1755016477833-63c2d9dbc785c-d2b3a89e-6eeefb34 {"name":"projects/gastroo-4f0a3/locations/europe-west1/operations/operation-1755016477833-63c2d9dbc785c-d2b3a89e-6eeefb34","metadata":{"@type":"type.googleapis.com/google.cloud.functions.v2.OperationMetadata","createTime":"2025-08-12T16:34:40.035067661Z","target":"projects/gastroo-4f0a3/locations/europe-west1/functions/ssrgastroo4f0a3","verb":"create","cancelRequested":false,"apiVersion":"v2","requestResource":{"@type":"type.googleapis.com/google.cloud.functions.v2.Function","name":"projects/gastroo-4f0a3/locations/europe-west1/functions/ssrgastroo4f0a3","buildConfig":{"runtime":"nodejs20","entryPoint":"ssrgastroo4f0a3","source":{"storageSource":{"bucket":"gcf-v2-sources-880194074966-europe-west1","object":"ssrgastroo4f0a3/function-source.zip","generation":"1755016479483943"}},"environmentVariables":{"GOOGLE_NODE_RUN_SCRIPTS":""},"serviceAccount":"projects/gastroo-4f0a3/serviceAccounts/880194074966-compute@developer.gserviceaccount.com","automaticUpdatePolicy":{}},"serviceConfig":{"service":"projects/gastroo-4f0a3/locations/europe-west1/services/ssrgastroo4f0a3","timeoutSeconds":60,"environmentVariables":{"VERCEL_URL":"gastroo-4f0a3.web.app","__FIREBASE_FRAMEWORKS_ENTRY__":"next.js","__FIREBASE_DEFAULTS__":"{\"config\":{\"projectId\":\"gastroo-4f0a3\",\"appId\":\"1:880194074966:web:eb44133ad67d27f5a2fef7\",\"databaseURL\":\"https://gastroo-4f0a3-default-rtdb.europe-west1.firebasedatabase.app\",\"storageBucket\":\"gastroo-4f0a3.firebasestorage.app\",\"apiKey\":\"AIzaSyD35VjXyAgjalKrECvM-JCGyqVu4CBF-dg\",\"authDomain\":\"gastroo-4f0a3.firebaseapp.com\",\"messagingSenderId\":\"880194074966\",\"measurementId\":\"G-TTYZLTJG4W\"},\"_authTokenSyncURL\":\"/__session\"}","FIREBASE_CONFIG":"{\"projectId\":\"gastroo-4f0a3\",\"databaseURL\":\"https://gastroo-4f0a3-default-rtdb.europe-west1.firebasedatabase.app\",\"storageBucket\":\"gastroo-4f0a3.firebasestorage.app\"}","GCLOUD_PROJECT":"gastroo-4f0a3","EVENTARC_CLOUD_EVENT_SOURCE":"projects/gastroo-4f0a3/locations/europe-west1/services/ssrgastroo4f0a3","FUNCTION_TARGET":"ssrgastroo4f0a3","LOG_EXECUTION_ID":"true"},"ingressSettings":"ALLOW_ALL","serviceAccountEmail":"880194074966-compute@developer.gserviceaccount.com","availableMemory":"256Mi","maxInstanceRequestConcurrency":80,"availableCpu":"1"},"labels":{"deployment-tool":"cli-firebase","firebase-functions-codebase":"firebase-frameworks-gastroo-4f0a3","firebase-functions-hash":"74fe466b7a873cf7e38ab2d93a05613f20279f0b"},"environment":"GEN_2"},"stages":[{"name":"BUILD","message":"Build finished","state":"COMPLETE","resource":"projects/880194074966/locations/europe-west1/builds/75b2ed4c-2fef-4d5e-8d97-440a2a39dee2","resourceUri":"https://console.cloud.google.com/cloud-build/builds;region=europe-west1/75b2ed4c-2fef-4d5e-8d97-440a2a39dee2?project=880194074966"},{"name":"SERVICE","message":"Creating Cloud Run service","state":"IN_PROGRESS","resource":"projects/gastroo-4f0a3/locations/europe-west1/services/ssrgastroo4f0a3","resourceUri":"https://console.cloud.google.com/run/detail/europe-west1/ssrgastroo4f0a3?project=gastroo-4f0a3"}],"sourceToken":"Clhwcm9qZWN0cy84ODAxOTQwNzQ5NjYvbG9jYXRpb25zL2V1cm9wZS13ZXN0MS9idWlsZHMvNzViMmVkNGMtMmZlZi00ZDVlLThkOTctNDQwYTJhMzlkZWUyEnBldXJvcGUtd2VzdDEtZG9ja2VyLnBrZy5kZXYvZ2FzdHJvby00ZjBhMy9nY2YtYXJ0aWZhY3RzL2dhc3Ryb28tLTRmMGEzX19ldXJvcGUtLXdlc3QxX19zc3JnYXN0cm9vNGYwYTM6dmVyc2lvbl8xGNbynv3OGSJHcHJvamVjdHMvZ2FzdHJvby00ZjBhMy9sb2NhdGlvbnMvZXVyb3BlLXdlc3QxL2Z1bmN0aW9ucy9zc3JnYXN0cm9vNGYwYTMqDAjE2+3EBhDIr6rvAjIIbm9kZWpzMjA6dwojZ2NyLmlvL2dhZS1ydW50aW1lcy9ub2RlanMyMDpzdGFibGUSUGV1cm9wZS13ZXN0MS1kb2NrZXIucGtnLmRldi9zZXJ2ZXJsZXNzLXJ1bnRpbWVzL2dvb2dsZS0yMi1mdWxsL3J1bnRpbWVzL25vZGVqczIwQAE=","operationType":"CREATE_FUNCTION","buildName":"projects/880194074966/locations/europe-west1/builds/75b2ed4c-2fef-4d5e-8d97-440a2a39dee2"},"done":false}
[debug] [2025-08-12T16:37:59.587Z] Got source token Clhwcm9qZWN0cy84ODAxOTQwNzQ5NjYvbG9jYXRpb25zL2V1cm9wZS13ZXN0MS9idWlsZHMvNzViMmVkNGMtMmZlZi00ZDVlLThkOTctNDQwYTJhMzlkZWUyEnBldXJvcGUtd2VzdDEtZG9ja2VyLnBrZy5kZXYvZ2FzdHJvby00ZjBhMy9nY2YtYXJ0aWZhY3RzL2dhc3Ryb28tLTRmMGEzX19ldXJvcGUtLXdlc3QxX19zc3JnYXN0cm9vNGYwYTM6dmVyc2lvbl8xGNbynv3OGSJHcHJvamVjdHMvZ2FzdHJvby00ZjBhMy9sb2NhdGlvbnMvZXVyb3BlLXdlc3QxL2Z1bmN0aW9ucy9zc3JnYXN0cm9vNGYwYTMqDAjE2+3EBhDIr6rvAjIIbm9kZWpzMjA6dwojZ2NyLmlvL2dhZS1ydW50aW1lcy9ub2RlanMyMDpzdGFibGUSUGV1cm9wZS13ZXN0MS1kb2NrZXIucGtnLmRldi9zZXJ2ZXJsZXNzLXJ1bnRpbWVzL2dvb2dsZS0yMi1mdWxsL3J1bnRpbWVzL25vZGVqczIwQAE= for region europe-west1
[debug] [2025-08-12T16:38:09.587Z] [create-firebase-frameworks-gastroo-4f0a3-europe-west1-ssrgastroo4f0a3] Retrying task index 0
[debug] [2025-08-12T16:38:09.588Z] Checked if tokens are valid: true, expires at: 1755017641897
[debug] [2025-08-12T16:38:09.588Z] Checked if tokens are valid: true, expires at: 1755017641897
[debug] [2025-08-12T16:38:09.588Z] >>> [apiv2][query] GET https://cloudfunctions.googleapis.com/v2/projects/gastroo-4f0a3/locations/europe-west1/operations/operation-1755016477833-63c2d9dbc785c-d2b3a89e-6eeefb34 [none]
[debug] [2025-08-12T16:38:09.772Z] <<< [apiv2][status] GET https://cloudfunctions.googleapis.com/v2/projects/gastroo-4f0a3/locations/europe-west1/operations/operation-1755016477833-63c2d9dbc785c-d2b3a89e-6eeefb34 200
[debug] [2025-08-12T16:38:09.773Z] <<< [apiv2][body] GET https://cloudfunctions.googleapis.com/v2/projects/gastroo-4f0a3/locations/europe-west1/operations/operation-1755016477833-63c2d9dbc785c-d2b3a89e-6eeefb34 {"name":"projects/gastroo-4f0a3/locations/europe-west1/operations/operation-1755016477833-63c2d9dbc785c-d2b3a89e-6eeefb34","metadata":{"@type":"type.googleapis.com/google.cloud.functions.v2.OperationMetadata","createTime":"2025-08-12T16:34:40.035067661Z","target":"projects/gastroo-4f0a3/locations/europe-west1/functions/ssrgastroo4f0a3","verb":"create","cancelRequested":false,"apiVersion":"v2","requestResource":{"@type":"type.googleapis.com/google.cloud.functions.v2.Function","name":"projects/gastroo-4f0a3/locations/europe-west1/functions/ssrgastroo4f0a3","buildConfig":{"runtime":"nodejs20","entryPoint":"ssrgastroo4f0a3","source":{"storageSource":{"bucket":"gcf-v2-sources-880194074966-europe-west1","object":"ssrgastroo4f0a3/function-source.zip","generation":"1755016479483943"}},"environmentVariables":{"GOOGLE_NODE_RUN_SCRIPTS":""},"serviceAccount":"projects/gastroo-4f0a3/serviceAccounts/880194074966-compute@developer.gserviceaccount.com","automaticUpdatePolicy":{}},"serviceConfig":{"service":"projects/gastroo-4f0a3/locations/europe-west1/services/ssrgastroo4f0a3","timeoutSeconds":60,"environmentVariables":{"VERCEL_URL":"gastroo-4f0a3.web.app","__FIREBASE_FRAMEWORKS_ENTRY__":"next.js","__FIREBASE_DEFAULTS__":"{\"config\":{\"projectId\":\"gastroo-4f0a3\",\"appId\":\"1:880194074966:web:eb44133ad67d27f5a2fef7\",\"databaseURL\":\"https://gastroo-4f0a3-default-rtdb.europe-west1.firebasedatabase.app\",\"storageBucket\":\"gastroo-4f0a3.firebasestorage.app\",\"apiKey\":\"AIzaSyD35VjXyAgjalKrECvM-JCGyqVu4CBF-dg\",\"authDomain\":\"gastroo-4f0a3.firebaseapp.com\",\"messagingSenderId\":\"880194074966\",\"measurementId\":\"G-TTYZLTJG4W\"},\"_authTokenSyncURL\":\"/__session\"}","FIREBASE_CONFIG":"{\"projectId\":\"gastroo-4f0a3\",\"databaseURL\":\"https://gastroo-4f0a3-default-rtdb.europe-west1.firebasedatabase.app\",\"storageBucket\":\"gastroo-4f0a3.firebasestorage.app\"}","GCLOUD_PROJECT":"gastroo-4f0a3","EVENTARC_CLOUD_EVENT_SOURCE":"projects/gastroo-4f0a3/locations/europe-west1/services/ssrgastroo4f0a3","FUNCTION_TARGET":"ssrgastroo4f0a3","LOG_EXECUTION_ID":"true"},"ingressSettings":"ALLOW_ALL","serviceAccountEmail":"880194074966-compute@developer.gserviceaccount.com","availableMemory":"256Mi","maxInstanceRequestConcurrency":80,"availableCpu":"1"},"labels":{"deployment-tool":"cli-firebase","firebase-functions-codebase":"firebase-frameworks-gastroo-4f0a3","firebase-functions-hash":"74fe466b7a873cf7e38ab2d93a05613f20279f0b"},"environment":"GEN_2"},"stages":[{"name":"BUILD","message":"Build finished","state":"COMPLETE","resource":"projects/880194074966/locations/europe-west1/builds/75b2ed4c-2fef-4d5e-8d97-440a2a39dee2","resourceUri":"https://console.cloud.google.com/cloud-build/builds;region=europe-west1/75b2ed4c-2fef-4d5e-8d97-440a2a39dee2?project=880194074966"},{"name":"SERVICE","message":"Creating Cloud Run service","state":"IN_PROGRESS","resource":"projects/gastroo-4f0a3/locations/europe-west1/services/ssrgastroo4f0a3","resourceUri":"https://console.cloud.google.com/run/detail/europe-west1/ssrgastroo4f0a3?project=gastroo-4f0a3"}],"sourceToken":"Clhwcm9qZWN0cy84ODAxOTQwNzQ5NjYvbG9jYXRpb25zL2V1cm9wZS13ZXN0MS9idWlsZHMvNzViMmVkNGMtMmZlZi00ZDVlLThkOTctNDQwYTJhMzlkZWUyEnBldXJvcGUtd2VzdDEtZG9ja2VyLnBrZy5kZXYvZ2FzdHJvby00ZjBhMy9nY2YtYXJ0aWZhY3RzL2dhc3Ryb28tLTRmMGEzX19ldXJvcGUtLXdlc3QxX19zc3JnYXN0cm9vNGYwYTM6dmVyc2lvbl8xGNbynv3OGSJHcHJvamVjdHMvZ2FzdHJvby00ZjBhMy9sb2NhdGlvbnMvZXVyb3BlLXdlc3QxL2Z1bmN0aW9ucy9zc3JnYXN0cm9vNGYwYTMqDAjE2+3EBhDIr6rvAjIIbm9kZWpzMjA6dwojZ2NyLmlvL2dhZS1ydW50aW1lcy9ub2RlanMyMDpzdGFibGUSUGV1cm9wZS13ZXN0MS1kb2NrZXIucGtnLmRldi9zZXJ2ZXJsZXNzLXJ1bnRpbWVzL2dvb2dsZS0yMi1mdWxsL3J1bnRpbWVzL25vZGVqczIwQAE=","operationType":"CREATE_FUNCTION","buildName":"projects/880194074966/locations/europe-west1/builds/75b2ed4c-2fef-4d5e-8d97-440a2a39dee2"},"done":false}
[debug] [2025-08-12T16:38:09.773Z] Got source token Clhwcm9qZWN0cy84ODAxOTQwNzQ5NjYvbG9jYXRpb25zL2V1cm9wZS13ZXN0MS9idWlsZHMvNzViMmVkNGMtMmZlZi00ZDVlLThkOTctNDQwYTJhMzlkZWUyEnBldXJvcGUtd2VzdDEtZG9ja2VyLnBrZy5kZXYvZ2FzdHJvby00ZjBhMy9nY2YtYXJ0aWZhY3RzL2dhc3Ryb28tLTRmMGEzX19ldXJvcGUtLXdlc3QxX19zc3JnYXN0cm9vNGYwYTM6dmVyc2lvbl8xGNbynv3OGSJHcHJvamVjdHMvZ2FzdHJvby00ZjBhMy9sb2NhdGlvbnMvZXVyb3BlLXdlc3QxL2Z1bmN0aW9ucy9zc3JnYXN0cm9vNGYwYTMqDAjE2+3EBhDIr6rvAjIIbm9kZWpzMjA6dwojZ2NyLmlvL2dhZS1ydW50aW1lcy9ub2RlanMyMDpzdGFibGUSUGV1cm9wZS13ZXN0MS1kb2NrZXIucGtnLmRldi9zZXJ2ZXJsZXNzLXJ1bnRpbWVzL2dvb2dsZS0yMi1mdWxsL3J1bnRpbWVzL25vZGVqczIwQAE= for region europe-west1
[debug] [2025-08-12T16:38:19.773Z] [create-firebase-frameworks-gastroo-4f0a3-europe-west1-ssrgastroo4f0a3] Retrying task index 0
[debug] [2025-08-12T16:38:19.773Z] Checked if tokens are valid: true, expires at: 1755017641897
[debug] [2025-08-12T16:38:19.773Z] Checked if tokens are valid: true, expires at: 1755017641897
[debug] [2025-08-12T16:38:19.773Z] >>> [apiv2][query] GET https://cloudfunctions.googleapis.com/v2/projects/gastroo-4f0a3/locations/europe-west1/operations/operation-1755016477833-63c2d9dbc785c-d2b3a89e-6eeefb34 [none]
[debug] [2025-08-12T16:38:19.967Z] <<< [apiv2][status] GET https://cloudfunctions.googleapis.com/v2/projects/gastroo-4f0a3/locations/europe-west1/operations/operation-1755016477833-63c2d9dbc785c-d2b3a89e-6eeefb34 200
[debug] [2025-08-12T16:38:19.967Z] <<< [apiv2][body] GET https://cloudfunctions.googleapis.com/v2/projects/gastroo-4f0a3/locations/europe-west1/operations/operation-1755016477833-63c2d9dbc785c-d2b3a89e-6eeefb34 {"name":"projects/gastroo-4f0a3/locations/europe-west1/operations/operation-1755016477833-63c2d9dbc785c-d2b3a89e-6eeefb34","metadata":{"@type":"type.googleapis.com/google.cloud.functions.v2.OperationMetadata","createTime":"2025-08-12T16:34:40.035067661Z","endTime":"2025-08-12T16:38:17.066019581Z","target":"projects/gastroo-4f0a3/locations/europe-west1/functions/ssrgastroo4f0a3","verb":"create","cancelRequested":false,"apiVersion":"v2","requestResource":{"@type":"type.googleapis.com/google.cloud.functions.v2.Function","name":"projects/gastroo-4f0a3/locations/europe-west1/functions/ssrgastroo4f0a3","buildConfig":{"runtime":"nodejs20","entryPoint":"ssrgastroo4f0a3","source":{"storageSource":{"bucket":"gcf-v2-sources-880194074966-europe-west1","object":"ssrgastroo4f0a3/function-source.zip","generation":"1755016479483943"}},"environmentVariables":{"GOOGLE_NODE_RUN_SCRIPTS":""},"serviceAccount":"projects/gastroo-4f0a3/serviceAccounts/880194074966-compute@developer.gserviceaccount.com","automaticUpdatePolicy":{}},"serviceConfig":{"service":"projects/gastroo-4f0a3/locations/europe-west1/services/ssrgastroo4f0a3","timeoutSeconds":60,"environmentVariables":{"VERCEL_URL":"gastroo-4f0a3.web.app","__FIREBASE_FRAMEWORKS_ENTRY__":"next.js","__FIREBASE_DEFAULTS__":"{\"config\":{\"projectId\":\"gastroo-4f0a3\",\"appId\":\"1:880194074966:web:eb44133ad67d27f5a2fef7\",\"databaseURL\":\"https://gastroo-4f0a3-default-rtdb.europe-west1.firebasedatabase.app\",\"storageBucket\":\"gastroo-4f0a3.firebasestorage.app\",\"apiKey\":\"AIzaSyD35VjXyAgjalKrECvM-JCGyqVu4CBF-dg\",\"authDomain\":\"gastroo-4f0a3.firebaseapp.com\",\"messagingSenderId\":\"880194074966\",\"measurementId\":\"G-TTYZLTJG4W\"},\"_authTokenSyncURL\":\"/__session\"}","FIREBASE_CONFIG":"{\"projectId\":\"gastroo-4f0a3\",\"databaseURL\":\"https://gastroo-4f0a3-default-rtdb.europe-west1.firebasedatabase.app\",\"storageBucket\":\"gastroo-4f0a3.firebasestorage.app\"}","GCLOUD_PROJECT":"gastroo-4f0a3","EVENTARC_CLOUD_EVENT_SOURCE":"projects/gastroo-4f0a3/locations/europe-west1/services/ssrgastroo4f0a3","FUNCTION_TARGET":"ssrgastroo4f0a3","LOG_EXECUTION_ID":"true"},"ingressSettings":"ALLOW_ALL","serviceAccountEmail":"880194074966-compute@developer.gserviceaccount.com","availableMemory":"256Mi","maxInstanceRequestConcurrency":80,"availableCpu":"1"},"labels":{"deployment-tool":"cli-firebase","firebase-functions-codebase":"firebase-frameworks-gastroo-4f0a3","firebase-functions-hash":"74fe466b7a873cf7e38ab2d93a05613f20279f0b"},"environment":"GEN_2"},"stages":[{"name":"BUILD","message":"Build finished","state":"COMPLETE","resource":"projects/880194074966/locations/europe-west1/builds/75b2ed4c-2fef-4d5e-8d97-440a2a39dee2","resourceUri":"https://console.cloud.google.com/cloud-build/builds;region=europe-west1/75b2ed4c-2fef-4d5e-8d97-440a2a39dee2?project=880194074966"},{"name":"SERVICE","message":"Creating Cloud Run service","state":"COMPLETE","resource":"projects/gastroo-4f0a3/locations/europe-west1/services/ssrgastroo4f0a3","resourceUri":"https://console.cloud.google.com/run/detail/europe-west1/ssrgastroo4f0a3?project=gastroo-4f0a3"}],"sourceToken":"Clhwcm9qZWN0cy84ODAxOTQwNzQ5NjYvbG9jYXRpb25zL2V1cm9wZS13ZXN0MS9idWlsZHMvNzViMmVkNGMtMmZlZi00ZDVlLThkOTctNDQwYTJhMzlkZWUyEnBldXJvcGUtd2VzdDEtZG9ja2VyLnBrZy5kZXYvZ2FzdHJvby00ZjBhMy9nY2YtYXJ0aWZhY3RzL2dhc3Ryb28tLTRmMGEzX19ldXJvcGUtLXdlc3QxX19zc3JnYXN0cm9vNGYwYTM6dmVyc2lvbl8xGNbynv3OGSJHcHJvamVjdHMvZ2FzdHJvby00ZjBhMy9sb2NhdGlvbnMvZXVyb3BlLXdlc3QxL2Z1bmN0aW9ucy9zc3JnYXN0cm9vNGYwYTMqDAjE2+3EBhDIr6rvAjIIbm9kZWpzMjA6dwojZ2NyLmlvL2dhZS1ydW50aW1lcy9ub2RlanMyMDpzdGFibGUSUGV1cm9wZS13ZXN0MS1kb2NrZXIucGtnLmRldi9zZXJ2ZXJsZXNzLXJ1bnRpbWVzL2dvb2dsZS0yMi1mdWxsL3J1bnRpbWVzL25vZGVqczIwQAE=","operationType":"CREATE_FUNCTION","buildName":"projects/880194074966/locations/europe-west1/builds/75b2ed4c-2fef-4d5e-8d97-440a2a39dee2"},"done":true,"response":{"@type":"type.googleapis.com/google.cloud.functions.v2.Function","name":"projects/gastroo-4f0a3/locations/europe-west1/functions/ssrgastroo4f0a3","buildConfig":{"build":"projects/880194074966/locations/europe-west1/builds/75b2ed4c-2fef-4d5e-8d97-440a2a39dee2","runtime":"nodejs20","entryPoint":"ssrgastroo4f0a3","source":{"storageSource":{"bucket":"gcf-v2-sources-880194074966-europe-west1","object":"ssrgastroo4f0a3/function-source.zip","generation":"1755016479483943"}},"environmentVariables":{"GOOGLE_NODE_RUN_SCRIPTS":""},"dockerRepository":"projects/gastroo-4f0a3/locations/europe-west1/repositories/gcf-artifacts","sourceProvenance":{"resolvedStorageSource":{"bucket":"gcf-v2-sources-880194074966-europe-west1","object":"ssrgastroo4f0a3/function-source.zip","generation":"1755016479483943"}},"dockerRegistry":"ARTIFACT_REGISTRY","serviceAccount":"projects/gastroo-4f0a3/serviceAccounts/880194074966-compute@developer.gserviceaccount.com","automaticUpdatePolicy":{}},"serviceConfig":{"service":"projects/gastroo-4f0a3/locations/europe-west1/services/ssrgastroo4f0a3","timeoutSeconds":60,"environmentVariables":{"VERCEL_URL":"gastroo-4f0a3.web.app","__FIREBASE_FRAMEWORKS_ENTRY__":"next.js","__FIREBASE_DEFAULTS__":"{\"config\":{\"projectId\":\"gastroo-4f0a3\",\"appId\":\"1:880194074966:web:eb44133ad67d27f5a2fef7\",\"databaseURL\":\"https://gastroo-4f0a3-default-rtdb.europe-west1.firebasedatabase.app\",\"storageBucket\":\"gastroo-4f0a3.firebasestorage.app\",\"apiKey\":\"AIzaSyD35VjXyAgjalKrECvM-JCGyqVu4CBF-dg\",\"authDomain\":\"gastroo-4f0a3.firebaseapp.com\",\"messagingSenderId\":\"880194074966\",\"measurementId\":\"G-TTYZLTJG4W\"},\"_authTokenSyncURL\":\"/__session\"}","FIREBASE_CONFIG":"{\"projectId\":\"gastroo-4f0a3\",\"databaseURL\":\"https://gastroo-4f0a3-default-rtdb.europe-west1.firebasedatabase.app\",\"storageBucket\":\"gastroo-4f0a3.firebasestorage.app\"}","GCLOUD_PROJECT":"gastroo-4f0a3","EVENTARC_CLOUD_EVENT_SOURCE":"projects/gastroo-4f0a3/locations/europe-west1/services/ssrgastroo4f0a3","FUNCTION_TARGET":"ssrgastroo4f0a3","LOG_EXECUTION_ID":"true"},"maxInstanceCount":20,"ingressSettings":"ALLOW_ALL","uri":"https://ssrgastroo4f0a3-vf7pg7pfdq-ew.a.run.app","serviceAccountEmail":"880194074966-compute@developer.gserviceaccount.com","availableMemory":"256Mi","allTrafficOnLatestRevision":true,"revision":"ssrgastroo4f0a3-00001-wip","maxInstanceRequestConcurrency":80,"availableCpu":"1"},"state":"ACTIVE","updateTime":"2025-08-12T16:34:40.030757701Z","labels":{"deployment-tool":"cli-firebase","firebase-functions-codebase":"firebase-frameworks-gastroo-4f0a3","firebase-functions-hash":"74fe466b7a873cf7e38ab2d93a05613f20279f0b"},"environment":"GEN_2","url":"https://europe-west1-gastroo-4f0a3.cloudfunctions.net/ssrgastroo4f0a3","createTime":"2025-08-12T16:34:40.030757701Z","satisfiesPzi":true}}
[debug] [2025-08-12T16:38:19.967Z] Got source token Clhwcm9qZWN0cy84ODAxOTQwNzQ5NjYvbG9jYXRpb25zL2V1cm9wZS13ZXN0MS9idWlsZHMvNzViMmVkNGMtMmZlZi00ZDVlLThkOTctNDQwYTJhMzlkZWUyEnBldXJvcGUtd2VzdDEtZG9ja2VyLnBrZy5kZXYvZ2FzdHJvby00ZjBhMy9nY2YtYXJ0aWZhY3RzL2dhc3Ryb28tLTRmMGEzX19ldXJvcGUtLXdlc3QxX19zc3JnYXN0cm9vNGYwYTM6dmVyc2lvbl8xGNbynv3OGSJHcHJvamVjdHMvZ2FzdHJvby00ZjBhMy9sb2NhdGlvbnMvZXVyb3BlLXdlc3QxL2Z1bmN0aW9ucy9zc3JnYXN0cm9vNGYwYTMqDAjE2+3EBhDIr6rvAjIIbm9kZWpzMjA6dwojZ2NyLmlvL2dhZS1ydW50aW1lcy9ub2RlanMyMDpzdGFibGUSUGV1cm9wZS13ZXN0MS1kb2NrZXIucGtnLmRldi9zZXJ2ZXJsZXNzLXJ1bnRpbWVzL2dvb2dsZS0yMi1mdWxsL3J1bnRpbWVzL25vZGVqczIwQAE= for region europe-west1
[debug] [2025-08-12T16:38:19.968Z] Checked if tokens are valid: true, expires at: 1755017641897
[debug] [2025-08-12T16:38:19.968Z] Checked if tokens are valid: true, expires at: 1755017641897
[debug] [2025-08-12T16:38:19.968Z] >>> [apiv2][query] POST https://run.googleapis.com/v1/projects/gastroo-4f0a3/locations/europe-west1/services/ssrgastroo4f0a3:setIamPolicy [none]
[debug] [2025-08-12T16:38:19.968Z] >>> [apiv2][body] POST https://run.googleapis.com/v1/projects/gastroo-4f0a3/locations/europe-west1/services/ssrgastroo4f0a3:setIamPolicy {"policy":{"bindings":[{"role":"roles/run.invoker","members":["allUsers"]}],"etag":"","version":3},"updateMask":"bindings,etag,version"}
[debug] [2025-08-12T16:38:20.982Z] <<< [apiv2][status] POST https://run.googleapis.com/v1/projects/gastroo-4f0a3/locations/europe-west1/services/ssrgastroo4f0a3:setIamPolicy 200
[debug] [2025-08-12T16:38:20.982Z] <<< [apiv2][body] POST https://run.googleapis.com/v1/projects/gastroo-4f0a3/locations/europe-west1/services/ssrgastroo4f0a3:setIamPolicy {"version":1,"etag":"BwY8LasIT/c=","bindings":[{"role":"roles/run.invoker","members":["allUsers"]}]}
[info] ✔  functions[firebase-frameworks-gastroo-4f0a3:ssrgastroo4f0a3(europe-west1)] Successful create operation. 
[debug] [2025-08-12T16:38:20.988Z] Total Function Deployment time: 223394
[debug] [2025-08-12T16:38:20.988Z] 1 Functions Deployed
[debug] [2025-08-12T16:38:20.988Z] 0 Functions Errored
[debug] [2025-08-12T16:38:20.988Z] 0 Function Deployments Aborted
[debug] [2025-08-12T16:38:20.988Z] Average Function Deployment time: 223394
[info] Function URL (firebase-frameworks-gastroo-4f0a3:ssrgastroo4f0a3(europe-west1)): https://europe-west1-gastroo-4f0a3.cloudfunctions.net/ssrgastroo4f0a3
[debug] [2025-08-12T16:38:21.098Z] Checked if tokens are valid: true, expires at: 1755017641897
[debug] [2025-08-12T16:38:21.098Z] Checked if tokens are valid: true, expires at: 1755017641897
[debug] [2025-08-12T16:38:21.099Z] >>> [apiv2][query] GET https://artifactregistry.googleapis.com/v1/projects/gastroo-4f0a3/locations/europe-west1/repositories/gcf-artifacts [none]
[debug] [2025-08-12T16:38:21.356Z] <<< [apiv2][status] GET https://artifactregistry.googleapis.com/v1/projects/gastroo-4f0a3/locations/europe-west1/repositories/gcf-artifacts 200
[debug] [2025-08-12T16:38:21.357Z] <<< [apiv2][body] GET https://artifactregistry.googleapis.com/v1/projects/gastroo-4f0a3/locations/europe-west1/repositories/gcf-artifacts {"name":"projects/gastroo-4f0a3/locations/europe-west1/repositories/gcf-artifacts","format":"DOCKER","description":"This repository is created and used by Cloud Functions for storing function docker images.","labels":{"goog-managed-by":"cloudfunctions"},"createTime":"2025-08-12T16:34:52.372082Z","updateTime":"2025-08-12T16:37:22.321649Z","mode":"STANDARD_REPOSITORY","sizeBytes":"542598367","vulnerabilityScanningConfig":{"lastEnableTime":"2025-08-12T16:34:40.253106673Z","enablementState":"SCANNING_DISABLED","enablementStateReason":"API containerscanning.googleapis.com is not enabled."},"satisfiesPzi":true,"registryUri":"europe-west1-docker.pkg.dev/gastroo-4f0a3/gcf-artifacts"}
[warn] ⚠  functions: No cleanup policy detected for repositories in europe-west1. This may result in a small monthly bill as container images accumulate over time. 
[info] i  functions: Configuring cleanup policy for repository in europe-west1. Images older than 1 days will be automatically deleted. 
[debug] [2025-08-12T16:38:21.363Z] Setting up artifact cleanup policy for region europe-west1
[debug] [2025-08-12T16:38:21.363Z] Checked if tokens are valid: true, expires at: 1755017641897
[debug] [2025-08-12T16:38:21.363Z] Checked if tokens are valid: true, expires at: 1755017641897
[debug] [2025-08-12T16:38:21.363Z] >>> [apiv2][query] PATCH https://artifactregistry.googleapis.com/v1/projects/gastroo-4f0a3/locations/europe-west1/repositories/gcf-artifacts updateMask=name%2CcleanupPolicies%2CcleanupPolicyDryRun%2Clabels
[debug] [2025-08-12T16:38:21.363Z] >>> [apiv2][body] PATCH https://artifactregistry.googleapis.com/v1/projects/gastroo-4f0a3/locations/europe-west1/repositories/gcf-artifacts {"name":"projects/gastroo-4f0a3/locations/europe-west1/repositories/gcf-artifacts","cleanupPolicies":{"firebase-functions-cleanup":{"id":"firebase-functions-cleanup","condition":{"tagState":"ANY","olderThan":"86400s"},"action":"DELETE"}},"cleanupPolicyDryRun":false,"labels":{"goog-managed-by":"cloudfunctions"}}
[debug] [2025-08-12T16:38:21.532Z] <<< [apiv2][status] PATCH https://artifactregistry.googleapis.com/v1/projects/gastroo-4f0a3/locations/europe-west1/repositories/gcf-artifacts 200
[debug] [2025-08-12T16:38:21.533Z] <<< [apiv2][body] PATCH https://artifactregistry.googleapis.com/v1/projects/gastroo-4f0a3/locations/europe-west1/repositories/gcf-artifacts {"name":"projects/gastroo-4f0a3/locations/europe-west1/repositories/gcf-artifacts","format":"DOCKER","description":"This repository is created and used by Cloud Functions for storing function docker images.","labels":{"goog-managed-by":"cloudfunctions"},"createTime":"2025-08-12T16:34:52.372082Z","updateTime":"2025-08-12T16:38:21.540363Z","mode":"STANDARD_REPOSITORY","cleanupPolicies":{"firebase-functions-cleanup":{"id":"firebase-functions-cleanup","action":"DELETE","condition":{"tagState":"ANY","olderThan":"86400s"}}},"vulnerabilityScanningConfig":{"lastEnableTime":"2025-08-12T16:34:40.253106673Z","enablementState":"SCANNING_DISABLED","enablementStateReason":"API containerscanning.googleapis.com is not enabled."},"satisfiesPzi":true}
[info] i  functions: Configured cleanup policy for repository in europe-west1. 
[debug] [2025-08-12T16:38:21.534Z] [
  {
    "config": {
      "source": ".",
      "ignore": [
        "firebase.json",
        "**/.*",
        "**/node_modules/**"
      ],
      "frameworksBackend": {
        "region": "europe-west1"
      },
      "site": "gastroo-4f0a3",
      "rewrites": [
        {
          "source": "/**",
          "function": {
            "functionId": "ssrgastroo4f0a3",
            "region": "europe-west1",
            "pinTag": true
          }
        }
      ],
      "redirects": [],
      "headers": [
        {
          "source": "/favicon.ico",
          "headers": [
            {
              "key": "cache-control",
              "value": "public, max-age=0, must-revalidate"
            },
            {
              "key": "content-type",
              "value": "image/x-icon"
            },
            {
              "key": "x-next-cache-tags",
              "value": "_N_T_/layout,_N_T_/favicon.ico/layout,_N_T_/favicon.ico/route,_N_T_/favicon.ico"
            }
          ]
        },
        {
          "source": "/_not-found",
          "headers": [
            {
              "key": "x-nextjs-stale-time",
              "value": "300"
            },
            {
              "key": "x-nextjs-prerender",
              "value": "1"
            },
            {
              "key": "x-next-cache-tags",
              "value": "_N_T_/layout,_N_T_/_not-found/layout,_N_T_/_not-found/page,_N_T_/_not-found"
            }
          ]
        },
        {
          "source": "/**/*.[jt]s",
          "headers": [
            {
              "key": "Set-Cookie",
              "value": "__FIREBASE_DEFAULTS__=eyJjb25maWciOnsicHJvamVjdElkIjoiZ2FzdHJvby00ZjBhMyIsImFwcElkIjoiMTo4ODAxOTQwNzQ5NjY6d2ViOmViNDQxMzNhZDY3ZDI3ZjVhMmZlZjciLCJkYXRhYmFzZVVSTCI6Imh0dHBzOi8vZ2FzdHJvby00ZjBhMy1kZWZhdWx0LXJ0ZGIuZXVyb3BlLXdlc3QxLmZpcmViYXNlZGF0YWJhc2UuYXBwIiwic3RvcmFnZUJ1Y2tldCI6Imdhc3Ryb28tNGYwYTMuZmlyZWJhc2VzdG9yYWdlLmFwcCIsImFwaUtleSI6IkFJemFTeUQzNVZqWHlBZ2phbEtyRUN2TS1KQ0d5cVZ1NENCRi1kZyIsImF1dGhEb21haW4iOiJnYXN0cm9vLTRmMGEzLmZpcmViYXNlYXBwLmNvbSIsIm1lc3NhZ2luZ1NlbmRlcklkIjoiODgwMTk0MDc0OTY2IiwibWVhc3VyZW1lbnRJZCI6IkctVFRZWkxUSkc0VyJ9LCJfYXV0aFRva2VuU3luY1VSTCI6Ii9fX3Nlc3Npb24ifQ; SameSite=Strict; Expires=2027-07-08T03:12:54.239Z; Path=/;"
            }
          ]
        }
      ],
      "cleanUrls": true,
      "trailingSlash": false,
      "public": ".firebase/gastroo-4f0a3/hosting",
      "webFramework": "next_ssr"
    },
    "version": "projects/880194074966/sites/gastroo-4f0a3/versions/1c38c2c0df5e926d"
  }
]
[info] i  hosting[gastroo-4f0a3]: finalizing version... 
[debug] [2025-08-12T16:38:21.536Z] Checked if tokens are valid: true, expires at: 1755017641897
[debug] [2025-08-12T16:38:21.536Z] Checked if tokens are valid: true, expires at: 1755017641897
[debug] [2025-08-12T16:38:21.537Z] >>> [apiv2][query] GET https://run.googleapis.com/v1/projects/gastroo-4f0a3/locations/europe-west1/services/ssrgastroo4f0a3 [none]
[debug] [2025-08-12T16:38:21.716Z] <<< [apiv2][status] GET https://run.googleapis.com/v1/projects/gastroo-4f0a3/locations/europe-west1/services/ssrgastroo4f0a3 200
[debug] [2025-08-12T16:38:21.716Z] <<< [apiv2][body] GET https://run.googleapis.com/v1/projects/gastroo-4f0a3/locations/europe-west1/services/ssrgastroo4f0a3 {"apiVersion":"serving.knative.dev/v1","kind":"Service","metadata":{"name":"ssrgastroo4f0a3","namespace":"880194074966","selfLink":"/apis/serving.knative.dev/v1/namespaces/880194074966/services/ssrgastroo4f0a3","uid":"ba51e2b7-f7e2-4107-b6c6-e72fcd532d5d","resourceVersion":"AAY8LarEep0","generation":1,"labels":{"goog-drz-cloudfunctions-location":"europe-west1","goog-drz-cloudfunctions-id":"ssrgastroo4f0a3","firebase-functions-hash":"74fe466b7a873cf7e38ab2d93a05613f20279f0b","firebase-functions-codebase":"firebase-frameworks-gastroo-4f0a3","goog-managed-by":"cloudfunctions","goog-cloudfunctions-runtime":"nodejs20","cloud.googleapis.com/location":"europe-west1"},"annotations":{"run.googleapis.com/custom-audiences":"[\"https://europe-west1-gastroo-4f0a3.cloudfunctions.net/ssrgastroo4f0a3\"]","run.googleapis.com/client-name":"cli-firebase","run.googleapis.com/build-source-location":"gs://gcf-v2-sources-880194074966-europe-west1/ssrgastroo4f0a3/function-source.zip#1755016479483943","run.googleapis.com/build-environment-variables":"{\"GOOGLE_NODE_RUN_SCRIPTS\":\"\"}","run.googleapis.com/build-function-target":"ssrgastroo4f0a3","run.googleapis.com/build-service-account":"projects/gastroo-4f0a3/serviceAccounts/880194074966-compute@developer.gserviceaccount.com","run.googleapis.com/build-enable-automatic-updates":"true","run.googleapis.com/build-base-image":"europe-west1-docker.pkg.dev/serverless-runtimes/google-22-full/runtimes/nodejs20","run.googleapis.com/build-image-uri":"europe-west1-docker.pkg.dev/gastroo-4f0a3/gcf-artifacts/gastroo--4f0a3__europe--west1__ssrgastroo4f0a3:version_1","run.googleapis.com/build-name":"projects/880194074966/locations/europe-west1/builds/75b2ed4c-2fef-4d5e-8d97-440a2a39dee2","serving.knative.dev/creator":"service-880194074966@gcf-admin-robot.iam.gserviceaccount.com","serving.knative.dev/lastModifier":"service-880194074966@gcf-admin-robot.iam.gserviceaccount.com","run.googleapis.com/operation-id":"3ab4eace-d4b8-44e3-a45c-d3a0bab7d847","run.googleapis.com/ingress":"all","run.googleapis.com/ingress-status":"all","cloudfunctions.googleapis.com/function-id":"ssrgastroo4f0a3","run.googleapis.com/urls":"[\"https://ssrgastroo4f0a3-880194074966.europe-west1.run.app\",\"https://europe-west1-gastroo-4f0a3.cloudfunctions.net/ssrgastroo4f0a3\",\"https://ssrgastroo4f0a3-vf7pg7pfdq-ew.a.run.app\"]"},"creationTimestamp":"2025-08-12T16:37:25.084665Z"},"spec":{"template":{"metadata":{"name":"ssrgastroo4f0a3-00001-wip","labels":{"firebase-functions-hash":"74fe466b7a873cf7e38ab2d93a05613f20279f0b","firebase-functions-codebase":"firebase-frameworks-gastroo-4f0a3","run.googleapis.com/startupProbeType":"Default"},"annotations":{"run.googleapis.com/client-name":"cli-firebase","cloudfunctions.googleapis.com/trigger-type":"HTTP_TRIGGER","autoscaling.knative.dev/maxScale":"20","run.googleapis.com/base-images":"{\"worker\":\"europe-west1-docker.pkg.dev/serverless-runtimes/google-22-full/runtimes/nodejs20\"}","run.googleapis.com/startup-cpu-boost":"true"}},"spec":{"containerConcurrency":80,"timeoutSeconds":60,"serviceAccountName":"880194074966-compute@developer.gserviceaccount.com","containers":[{"name":"worker","image":"europe-west1-docker.pkg.dev/gastroo-4f0a3/gcf-artifacts/gastroo--4f0a3__europe--west1__ssrgastroo4f0a3:version_1","env":[{"name":"VERCEL_URL","value":"gastroo-4f0a3.web.app"},{"name":"__FIREBASE_FRAMEWORKS_ENTRY__","value":"next.js"},{"name":"__FIREBASE_DEFAULTS__","value":"{\"config\":{\"projectId\":\"gastroo-4f0a3\",\"appId\":\"1:880194074966:web:eb44133ad67d27f5a2fef7\",\"databaseURL\":\"https://gastroo-4f0a3-default-rtdb.europe-west1.firebasedatabase.app\",\"storageBucket\":\"gastroo-4f0a3.firebasestorage.app\",\"apiKey\":\"AIzaSyD35VjXyAgjalKrECvM-JCGyqVu4CBF-dg\",\"authDomain\":\"gastroo-4f0a3.firebaseapp.com\",\"messagingSenderId\":\"880194074966\",\"measurementId\":\"G-TTYZLTJG4W\"},\"_authTokenSyncURL\":\"/__session\"}"},{"name":"FIREBASE_CONFIG","value":"{\"projectId\":\"gastroo-4f0a3\",\"databaseURL\":\"https://gastroo-4f0a3-default-rtdb.europe-west1.firebasedatabase.app\",\"storageBucket\":\"gastroo-4f0a3.firebasestorage.app\"}"},{"name":"GCLOUD_PROJECT","value":"gastroo-4f0a3"},{"name":"EVENTARC_CLOUD_EVENT_SOURCE","value":"projects/gastroo-4f0a3/locations/europe-west1/services/ssrgastroo4f0a3"},{"name":"FUNCTION_TARGET","value":"ssrgastroo4f0a3"},{"name":"LOG_EXECUTION_ID","value":"true"}],"resources":{"limits":{"cpu":"1","memory":"256Mi"}},"ports":[{"name":"http1","containerPort":8080}],"startupProbe":{"timeoutSeconds":240,"periodSeconds":240,"failureThreshold":1,"tcpSocket":{"port":8080}}}],"runtimeClassName":"run.googleapis.com/linux-base-image-update"}},"traffic":[{"percent":100,"latestRevision":true}]},"status":{"observedGeneration":1,"conditions":[{"type":"Ready","status":"True","lastTransitionTime":"2025-08-12T16:38:16.461981Z"},{"type":"ConfigurationsReady","status":"True","lastTransitionTime":"2025-08-12T16:38:14.015616Z"},{"type":"RoutesReady","status":"True","lastTransitionTime":"2025-08-12T16:38:16.419512Z"}],"latestReadyRevisionName":"ssrgastroo4f0a3-00001-wip","latestCreatedRevisionName":"ssrgastroo4f0a3-00001-wip","traffic":[{"revisionName":"ssrgastroo4f0a3-00001-wip","percent":100,"latestRevision":true}],"url":"https://ssrgastroo4f0a3-vf7pg7pfdq-ew.a.run.app","address":{"url":"https://ssrgastroo4f0a3-vf7pg7pfdq-ew.a.run.app"}}}
[debug] [2025-08-12T16:38:21.716Z] Checked if tokens are valid: true, expires at: 1755017641897
[debug] [2025-08-12T16:38:21.716Z] Checked if tokens are valid: true, expires at: 1755017641897
[debug] [2025-08-12T16:38:21.716Z] >>> [apiv2][query] PUT https://run.googleapis.com/v1/projects/880194074966/locations/europe-west1/services/ssrgastroo4f0a3 [none]
[debug] [2025-08-12T16:38:21.717Z] >>> [apiv2][body] PUT https://run.googleapis.com/v1/projects/880194074966/locations/europe-west1/services/ssrgastroo4f0a3 {"apiVersion":"serving.knative.dev/v1","kind":"Service","metadata":{"name":"ssrgastroo4f0a3","namespace":"880194074966","selfLink":"/apis/serving.knative.dev/v1/namespaces/880194074966/services/ssrgastroo4f0a3","uid":"ba51e2b7-f7e2-4107-b6c6-e72fcd532d5d","resourceVersion":"AAY8LarEep0","generation":1,"labels":{"goog-drz-cloudfunctions-location":"europe-west1","goog-drz-cloudfunctions-id":"ssrgastroo4f0a3","firebase-functions-hash":"74fe466b7a873cf7e38ab2d93a05613f20279f0b","firebase-functions-codebase":"firebase-frameworks-gastroo-4f0a3","goog-managed-by":"cloudfunctions","goog-cloudfunctions-runtime":"nodejs20","cloud.googleapis.com/location":"europe-west1"},"annotations":{"run.googleapis.com/custom-audiences":"[\"https://europe-west1-gastroo-4f0a3.cloudfunctions.net/ssrgastroo4f0a3\"]","run.googleapis.com/client-name":"cli-firebase","run.googleapis.com/build-source-location":"gs://gcf-v2-sources-880194074966-europe-west1/ssrgastroo4f0a3/function-source.zip#1755016479483943","run.googleapis.com/build-environment-variables":"{\"GOOGLE_NODE_RUN_SCRIPTS\":\"\"}","run.googleapis.com/build-function-target":"ssrgastroo4f0a3","run.googleapis.com/build-service-account":"projects/gastroo-4f0a3/serviceAccounts/880194074966-compute@developer.gserviceaccount.com","run.googleapis.com/build-enable-automatic-updates":"true","run.googleapis.com/build-base-image":"europe-west1-docker.pkg.dev/serverless-runtimes/google-22-full/runtimes/nodejs20","run.googleapis.com/build-image-uri":"europe-west1-docker.pkg.dev/gastroo-4f0a3/gcf-artifacts/gastroo--4f0a3__europe--west1__ssrgastroo4f0a3:version_1","run.googleapis.com/build-name":"projects/880194074966/locations/europe-west1/builds/75b2ed4c-2fef-4d5e-8d97-440a2a39dee2","serving.knative.dev/creator":"service-880194074966@gcf-admin-robot.iam.gserviceaccount.com","serving.knative.dev/lastModifier":"service-880194074966@gcf-admin-robot.iam.gserviceaccount.com","run.googleapis.com/operation-id":"3ab4eace-d4b8-44e3-a45c-d3a0bab7d847","run.googleapis.com/ingress":"all","run.googleapis.com/ingress-status":"all","cloudfunctions.googleapis.com/function-id":"ssrgastroo4f0a3","run.googleapis.com/urls":"[\"https://ssrgastroo4f0a3-880194074966.europe-west1.run.app\",\"https://europe-west1-gastroo-4f0a3.cloudfunctions.net/ssrgastroo4f0a3\",\"https://ssrgastroo4f0a3-vf7pg7pfdq-ew.a.run.app\"]"},"creationTimestamp":"2025-08-12T16:37:25.084665Z"},"spec":{"template":{"metadata":{"name":"ssrgastroo4f0a3-00001-wip","labels":{"firebase-functions-hash":"74fe466b7a873cf7e38ab2d93a05613f20279f0b","firebase-functions-codebase":"firebase-frameworks-gastroo-4f0a3","run.googleapis.com/startupProbeType":"Default"},"annotations":{"run.googleapis.com/client-name":"cli-firebase","cloudfunctions.googleapis.com/trigger-type":"HTTP_TRIGGER","autoscaling.knative.dev/maxScale":"20","run.googleapis.com/base-images":"{\"worker\":\"europe-west1-docker.pkg.dev/serverless-runtimes/google-22-full/runtimes/nodejs20\"}","run.googleapis.com/startup-cpu-boost":"true"}},"spec":{"containerConcurrency":80,"timeoutSeconds":60,"serviceAccountName":"880194074966-compute@developer.gserviceaccount.com","containers":[{"name":"worker","image":"europe-west1-docker.pkg.dev/gastroo-4f0a3/gcf-artifacts/gastroo--4f0a3__europe--west1__ssrgastroo4f0a3:version_1","env":[{"name":"VERCEL_URL","value":"gastroo-4f0a3.web.app"},{"name":"__FIREBASE_FRAMEWORKS_ENTRY__","value":"next.js"},{"name":"__FIREBASE_DEFAULTS__","value":"{\"config\":{\"projectId\":\"gastroo-4f0a3\",\"appId\":\"1:880194074966:web:eb44133ad67d27f5a2fef7\",\"databaseURL\":\"https://gastroo-4f0a3-default-rtdb.europe-west1.firebasedatabase.app\",\"storageBucket\":\"gastroo-4f0a3.firebasestorage.app\",\"apiKey\":\"AIzaSyD35VjXyAgjalKrECvM-JCGyqVu4CBF-dg\",\"authDomain\":\"gastroo-4f0a3.firebaseapp.com\",\"messagingSenderId\":\"880194074966\",\"measurementId\":\"G-TTYZLTJG4W\"},\"_authTokenSyncURL\":\"/__session\"}"},{"name":"FIREBASE_CONFIG","value":"{\"projectId\":\"gastroo-4f0a3\",\"databaseURL\":\"https://gastroo-4f0a3-default-rtdb.europe-west1.firebasedatabase.app\",\"storageBucket\":\"gastroo-4f0a3.firebasestorage.app\"}"},{"name":"GCLOUD_PROJECT","value":"gastroo-4f0a3"},{"name":"EVENTARC_CLOUD_EVENT_SOURCE","value":"projects/gastroo-4f0a3/locations/europe-west1/services/ssrgastroo4f0a3"},{"name":"FUNCTION_TARGET","value":"ssrgastroo4f0a3"},{"name":"LOG_EXECUTION_ID","value":"true"}],"resources":{"limits":{"cpu":"1","memory":"256Mi"}},"ports":[{"name":"http1","containerPort":8080}],"startupProbe":{"timeoutSeconds":240,"periodSeconds":240,"failureThreshold":1,"tcpSocket":{"port":8080}}}],"runtimeClassName":"run.googleapis.com/linux-base-image-update"}},"traffic":[{"percent":100,"latestRevision":true},{"revisionName":"ssrgastroo4f0a3-00001-wip","tag":"fh-1c38c2c0df5e926d"}]}}
[debug] [2025-08-12T16:38:22.157Z] <<< [apiv2][status] PUT https://run.googleapis.com/v1/projects/880194074966/locations/europe-west1/services/ssrgastroo4f0a3 200
[debug] [2025-08-12T16:38:22.157Z] <<< [apiv2][body] PUT https://run.googleapis.com/v1/projects/880194074966/locations/europe-west1/services/ssrgastroo4f0a3 {"apiVersion":"serving.knative.dev/v1","kind":"Service","metadata":{"name":"ssrgastroo4f0a3","namespace":"880194074966","selfLink":"/apis/serving.knative.dev/v1/namespaces/880194074966/services/ssrgastroo4f0a3","uid":"ba51e2b7-f7e2-4107-b6c6-e72fcd532d5d","resourceVersion":"AAY8LasY+M0","generation":2,"labels":{"goog-managed-by":"cloudfunctions","goog-cloudfunctions-runtime":"nodejs20","goog-drz-cloudfunctions-location":"europe-west1","goog-drz-cloudfunctions-id":"ssrgastroo4f0a3","firebase-functions-hash":"74fe466b7a873cf7e38ab2d93a05613f20279f0b","firebase-functions-codebase":"firebase-frameworks-gastroo-4f0a3","cloud.googleapis.com/location":"europe-west1"},"annotations":{"serving.knative.dev/creator":"service-880194074966@gcf-admin-robot.iam.gserviceaccount.com","serving.knative.dev/lastModifier":"mierzej.it@gmail.com","run.googleapis.com/custom-audiences":"[\"https://europe-west1-gastroo-4f0a3.cloudfunctions.net/ssrgastroo4f0a3\"]","run.googleapis.com/client-name":"cli-firebase","run.googleapis.com/build-source-location":"gs://gcf-v2-sources-880194074966-europe-west1/ssrgastroo4f0a3/function-source.zip#1755016479483943","run.googleapis.com/build-environment-variables":"{\"GOOGLE_NODE_RUN_SCRIPTS\":\"\"}","run.googleapis.com/build-function-target":"ssrgastroo4f0a3","run.googleapis.com/build-service-account":"projects/gastroo-4f0a3/serviceAccounts/880194074966-compute@developer.gserviceaccount.com","run.googleapis.com/build-enable-automatic-updates":"true","run.googleapis.com/build-base-image":"europe-west1-docker.pkg.dev/serverless-runtimes/google-22-full/runtimes/nodejs20","run.googleapis.com/build-image-uri":"europe-west1-docker.pkg.dev/gastroo-4f0a3/gcf-artifacts/gastroo--4f0a3__europe--west1__ssrgastroo4f0a3:version_1","run.googleapis.com/build-name":"projects/880194074966/locations/europe-west1/builds/75b2ed4c-2fef-4d5e-8d97-440a2a39dee2","cloudfunctions.googleapis.com/function-id":"ssrgastroo4f0a3","run.googleapis.com/operation-id":"6667d76f-f4be-421d-b75c-330702a2da5e","run.googleapis.com/ingress":"all","run.googleapis.com/ingress-status":"all","run.googleapis.com/urls":"[\"https://ssrgastroo4f0a3-880194074966.europe-west1.run.app\",\"https://europe-west1-gastroo-4f0a3.cloudfunctions.net/ssrgastroo4f0a3\",\"https://ssrgastroo4f0a3-vf7pg7pfdq-ew.a.run.app\"]"},"creationTimestamp":"2025-08-12T16:37:25.084665Z"},"spec":{"template":{"metadata":{"name":"ssrgastroo4f0a3-00001-wip","labels":{"firebase-functions-hash":"74fe466b7a873cf7e38ab2d93a05613f20279f0b","firebase-functions-codebase":"firebase-frameworks-gastroo-4f0a3","run.googleapis.com/startupProbeType":"Default"},"annotations":{"run.googleapis.com/client-name":"cli-firebase","cloudfunctions.googleapis.com/trigger-type":"HTTP_TRIGGER","autoscaling.knative.dev/maxScale":"20","run.googleapis.com/base-images":"{\"worker\":\"europe-west1-docker.pkg.dev/serverless-runtimes/google-22-full/runtimes/nodejs20\"}","run.googleapis.com/startup-cpu-boost":"true"}},"spec":{"containerConcurrency":80,"timeoutSeconds":60,"serviceAccountName":"880194074966-compute@developer.gserviceaccount.com","containers":[{"name":"worker","image":"europe-west1-docker.pkg.dev/gastroo-4f0a3/gcf-artifacts/gastroo--4f0a3__europe--west1__ssrgastroo4f0a3:version_1","env":[{"name":"VERCEL_URL","value":"gastroo-4f0a3.web.app"},{"name":"__FIREBASE_FRAMEWORKS_ENTRY__","value":"next.js"},{"name":"__FIREBASE_DEFAULTS__","value":"{\"config\":{\"projectId\":\"gastroo-4f0a3\",\"appId\":\"1:880194074966:web:eb44133ad67d27f5a2fef7\",\"databaseURL\":\"https://gastroo-4f0a3-default-rtdb.europe-west1.firebasedatabase.app\",\"storageBucket\":\"gastroo-4f0a3.firebasestorage.app\",\"apiKey\":\"AIzaSyD35VjXyAgjalKrECvM-JCGyqVu4CBF-dg\",\"authDomain\":\"gastroo-4f0a3.firebaseapp.com\",\"messagingSenderId\":\"880194074966\",\"measurementId\":\"G-TTYZLTJG4W\"},\"_authTokenSyncURL\":\"/__session\"}"},{"name":"FIREBASE_CONFIG","value":"{\"projectId\":\"gastroo-4f0a3\",\"databaseURL\":\"https://gastroo-4f0a3-default-rtdb.europe-west1.firebasedatabase.app\",\"storageBucket\":\"gastroo-4f0a3.firebasestorage.app\"}"},{"name":"GCLOUD_PROJECT","value":"gastroo-4f0a3"},{"name":"EVENTARC_CLOUD_EVENT_SOURCE","value":"projects/gastroo-4f0a3/locations/europe-west1/services/ssrgastroo4f0a3"},{"name":"FUNCTION_TARGET","value":"ssrgastroo4f0a3"},{"name":"LOG_EXECUTION_ID","value":"true"}],"resources":{"limits":{"cpu":"1","memory":"256Mi"}},"ports":[{"name":"http1","containerPort":8080}],"startupProbe":{"timeoutSeconds":240,"periodSeconds":240,"failureThreshold":1,"tcpSocket":{"port":8080}}}],"runtimeClassName":"run.googleapis.com/linux-base-image-update"}},"traffic":[{"percent":100,"latestRevision":true},{"revisionName":"ssrgastroo4f0a3-00001-wip","tag":"fh-1c38c2c0df5e926d"}]},"status":{"observedGeneration":1,"conditions":[{"type":"Ready","status":"True","lastTransitionTime":"2025-08-12T16:38:16.461981Z"},{"type":"BaseImageValidated","status":"True","severity":"Info"},{"type":"ConfigurationsReady","status":"True","lastTransitionTime":"2025-08-12T16:38:14.015616Z"},{"type":"RoutesReady","status":"True","lastTransitionTime":"2025-08-12T16:38:16.419512Z"}],"latestReadyRevisionName":"ssrgastroo4f0a3-00001-wip","latestCreatedRevisionName":"ssrgastroo4f0a3-00001-wip","traffic":[{"revisionName":"ssrgastroo4f0a3-00001-wip","percent":100,"latestRevision":true}],"url":"https://ssrgastroo4f0a3-vf7pg7pfdq-ew.a.run.app","address":{"url":"https://ssrgastroo4f0a3-vf7pg7pfdq-ew.a.run.app"}}}
[debug] [2025-08-12T16:38:22.158Z] Service ssrgastroo4f0a3 is not resolved becauseobserved generation 1 does not match spec generation 2
[debug] [2025-08-12T16:38:22.160Z] Checked if tokens are valid: true, expires at: 1755017641897
[debug] [2025-08-12T16:38:22.160Z] Checked if tokens are valid: true, expires at: 1755017641897
[debug] [2025-08-12T16:38:22.160Z] >>> [apiv2][query] GET https://run.googleapis.com/v1/projects/880194074966/locations/europe-west1/services/ssrgastroo4f0a3 [none]
[debug] [2025-08-12T16:38:22.260Z] <<< [apiv2][status] GET https://run.googleapis.com/v1/projects/880194074966/locations/europe-west1/services/ssrgastroo4f0a3 200
[debug] [2025-08-12T16:38:22.260Z] <<< [apiv2][body] GET https://run.googleapis.com/v1/projects/880194074966/locations/europe-west1/services/ssrgastroo4f0a3 {"apiVersion":"serving.knative.dev/v1","kind":"Service","metadata":{"name":"ssrgastroo4f0a3","namespace":"880194074966","selfLink":"/apis/serving.knative.dev/v1/namespaces/880194074966/services/ssrgastroo4f0a3","uid":"ba51e2b7-f7e2-4107-b6c6-e72fcd532d5d","resourceVersion":"AAY8LascjlA","generation":2,"labels":{"goog-managed-by":"cloudfunctions","goog-cloudfunctions-runtime":"nodejs20","goog-drz-cloudfunctions-location":"europe-west1","goog-drz-cloudfunctions-id":"ssrgastroo4f0a3","firebase-functions-hash":"74fe466b7a873cf7e38ab2d93a05613f20279f0b","firebase-functions-codebase":"firebase-frameworks-gastroo-4f0a3","cloud.googleapis.com/location":"europe-west1"},"annotations":{"serving.knative.dev/creator":"service-880194074966@gcf-admin-robot.iam.gserviceaccount.com","serving.knative.dev/lastModifier":"mierzej.it@gmail.com","run.googleapis.com/custom-audiences":"[\"https://europe-west1-gastroo-4f0a3.cloudfunctions.net/ssrgastroo4f0a3\"]","run.googleapis.com/client-name":"cli-firebase","run.googleapis.com/build-source-location":"gs://gcf-v2-sources-880194074966-europe-west1/ssrgastroo4f0a3/function-source.zip#1755016479483943","run.googleapis.com/build-environment-variables":"{\"GOOGLE_NODE_RUN_SCRIPTS\":\"\"}","run.googleapis.com/build-function-target":"ssrgastroo4f0a3","run.googleapis.com/build-service-account":"projects/gastroo-4f0a3/serviceAccounts/880194074966-compute@developer.gserviceaccount.com","run.googleapis.com/build-enable-automatic-updates":"true","run.googleapis.com/build-base-image":"europe-west1-docker.pkg.dev/serverless-runtimes/google-22-full/runtimes/nodejs20","run.googleapis.com/build-image-uri":"europe-west1-docker.pkg.dev/gastroo-4f0a3/gcf-artifacts/gastroo--4f0a3__europe--west1__ssrgastroo4f0a3:version_1","run.googleapis.com/build-name":"projects/880194074966/locations/europe-west1/builds/75b2ed4c-2fef-4d5e-8d97-440a2a39dee2","cloudfunctions.googleapis.com/function-id":"ssrgastroo4f0a3","run.googleapis.com/operation-id":"6667d76f-f4be-421d-b75c-330702a2da5e","run.googleapis.com/ingress":"all","run.googleapis.com/ingress-status":"all","run.googleapis.com/urls":"[\"https://ssrgastroo4f0a3-880194074966.europe-west1.run.app\",\"https://europe-west1-gastroo-4f0a3.cloudfunctions.net/ssrgastroo4f0a3\",\"https://ssrgastroo4f0a3-vf7pg7pfdq-ew.a.run.app\"]"},"creationTimestamp":"2025-08-12T16:37:25.084665Z"},"spec":{"template":{"metadata":{"name":"ssrgastroo4f0a3-00001-wip","labels":{"firebase-functions-hash":"74fe466b7a873cf7e38ab2d93a05613f20279f0b","firebase-functions-codebase":"firebase-frameworks-gastroo-4f0a3","run.googleapis.com/startupProbeType":"Default"},"annotations":{"run.googleapis.com/client-name":"cli-firebase","cloudfunctions.googleapis.com/trigger-type":"HTTP_TRIGGER","autoscaling.knative.dev/maxScale":"20","run.googleapis.com/base-images":"{\"worker\":\"europe-west1-docker.pkg.dev/serverless-runtimes/google-22-full/runtimes/nodejs20\"}","run.googleapis.com/startup-cpu-boost":"true"}},"spec":{"containerConcurrency":80,"timeoutSeconds":60,"serviceAccountName":"880194074966-compute@developer.gserviceaccount.com","containers":[{"name":"worker","image":"europe-west1-docker.pkg.dev/gastroo-4f0a3/gcf-artifacts/gastroo--4f0a3__europe--west1__ssrgastroo4f0a3:version_1","env":[{"name":"VERCEL_URL","value":"gastroo-4f0a3.web.app"},{"name":"__FIREBASE_FRAMEWORKS_ENTRY__","value":"next.js"},{"name":"__FIREBASE_DEFAULTS__","value":"{\"config\":{\"projectId\":\"gastroo-4f0a3\",\"appId\":\"1:880194074966:web:eb44133ad67d27f5a2fef7\",\"databaseURL\":\"https://gastroo-4f0a3-default-rtdb.europe-west1.firebasedatabase.app\",\"storageBucket\":\"gastroo-4f0a3.firebasestorage.app\",\"apiKey\":\"AIzaSyD35VjXyAgjalKrECvM-JCGyqVu4CBF-dg\",\"authDomain\":\"gastroo-4f0a3.firebaseapp.com\",\"messagingSenderId\":\"880194074966\",\"measurementId\":\"G-TTYZLTJG4W\"},\"_authTokenSyncURL\":\"/__session\"}"},{"name":"FIREBASE_CONFIG","value":"{\"projectId\":\"gastroo-4f0a3\",\"databaseURL\":\"https://gastroo-4f0a3-default-rtdb.europe-west1.firebasedatabase.app\",\"storageBucket\":\"gastroo-4f0a3.firebasestorage.app\"}"},{"name":"GCLOUD_PROJECT","value":"gastroo-4f0a3"},{"name":"EVENTARC_CLOUD_EVENT_SOURCE","value":"projects/gastroo-4f0a3/locations/europe-west1/services/ssrgastroo4f0a3"},{"name":"FUNCTION_TARGET","value":"ssrgastroo4f0a3"},{"name":"LOG_EXECUTION_ID","value":"true"}],"resources":{"limits":{"cpu":"1","memory":"256Mi"}},"ports":[{"name":"http1","containerPort":8080}],"startupProbe":{"timeoutSeconds":240,"periodSeconds":240,"failureThreshold":1,"tcpSocket":{"port":8080}}}],"runtimeClassName":"run.googleapis.com/linux-base-image-update"}},"traffic":[{"percent":100,"latestRevision":true},{"revisionName":"ssrgastroo4f0a3-00001-wip","tag":"fh-1c38c2c0df5e926d"}]},"status":{"observedGeneration":2,"conditions":[{"type":"Ready","status":"Unknown","message":"Updating Service.","lastTransitionTime":"2025-08-12T16:38:22.234192Z"},{"type":"BaseImageValidated","status":"True","severity":"Info"},{"type":"ConfigurationsReady","status":"True","lastTransitionTime":"2025-08-12T16:38:14.015616Z"},{"type":"RoutesReady","status":"Unknown","message":"Updating Service.","lastTransitionTime":"2025-08-12T16:38:22.234192Z"}],"latestReadyRevisionName":"ssrgastroo4f0a3-00001-wip","latestCreatedRevisionName":"ssrgastroo4f0a3-00001-wip","traffic":[{"revisionName":"ssrgastroo4f0a3-00001-wip","percent":100,"latestRevision":true}],"url":"https://ssrgastroo4f0a3-vf7pg7pfdq-ew.a.run.app","address":{"url":"https://ssrgastroo4f0a3-vf7pg7pfdq-ew.a.run.app"}}}
[debug] [2025-08-12T16:38:22.260Z] Waiting for service ssrgastroo4f0a3 to be ready. Status is [{"type":"Ready","status":"Unknown","message":"Updating Service.","lastTransitionTime":"2025-08-12T16:38:22.234192Z"},{"type":"BaseImageValidated","status":"True","severity":"Info"},{"type":"ConfigurationsReady","status":"True","lastTransitionTime":"2025-08-12T16:38:14.015616Z"},{"type":"RoutesReady","status":"Unknown","message":"Updating Service.","lastTransitionTime":"2025-08-12T16:38:22.234192Z"}]
[debug] [2025-08-12T16:38:22.265Z] Checked if tokens are valid: true, expires at: 1755017641897
[debug] [2025-08-12T16:38:22.265Z] Checked if tokens are valid: true, expires at: 1755017641897
[debug] [2025-08-12T16:38:22.265Z] >>> [apiv2][query] GET https://run.googleapis.com/v1/projects/880194074966/locations/europe-west1/services/ssrgastroo4f0a3 [none]
[debug] [2025-08-12T16:38:22.360Z] <<< [apiv2][status] GET https://run.googleapis.com/v1/projects/880194074966/locations/europe-west1/services/ssrgastroo4f0a3 200
[debug] [2025-08-12T16:38:22.360Z] <<< [apiv2][body] GET https://run.googleapis.com/v1/projects/880194074966/locations/europe-west1/services/ssrgastroo4f0a3 {"apiVersion":"serving.knative.dev/v1","kind":"Service","metadata":{"name":"ssrgastroo4f0a3","namespace":"880194074966","selfLink":"/apis/serving.knative.dev/v1/namespaces/880194074966/services/ssrgastroo4f0a3","uid":"ba51e2b7-f7e2-4107-b6c6-e72fcd532d5d","resourceVersion":"AAY8Laser28","generation":2,"labels":{"goog-managed-by":"cloudfunctions","goog-cloudfunctions-runtime":"nodejs20","goog-drz-cloudfunctions-location":"europe-west1","goog-drz-cloudfunctions-id":"ssrgastroo4f0a3","firebase-functions-hash":"74fe466b7a873cf7e38ab2d93a05613f20279f0b","firebase-functions-codebase":"firebase-frameworks-gastroo-4f0a3","cloud.googleapis.com/location":"europe-west1"},"annotations":{"serving.knative.dev/creator":"service-880194074966@gcf-admin-robot.iam.gserviceaccount.com","serving.knative.dev/lastModifier":"mierzej.it@gmail.com","run.googleapis.com/custom-audiences":"[\"https://europe-west1-gastroo-4f0a3.cloudfunctions.net/ssrgastroo4f0a3\"]","run.googleapis.com/client-name":"cli-firebase","run.googleapis.com/build-source-location":"gs://gcf-v2-sources-880194074966-europe-west1/ssrgastroo4f0a3/function-source.zip#1755016479483943","run.googleapis.com/build-environment-variables":"{\"GOOGLE_NODE_RUN_SCRIPTS\":\"\"}","run.googleapis.com/build-function-target":"ssrgastroo4f0a3","run.googleapis.com/build-service-account":"projects/gastroo-4f0a3/serviceAccounts/880194074966-compute@developer.gserviceaccount.com","run.googleapis.com/build-enable-automatic-updates":"true","run.googleapis.com/build-base-image":"europe-west1-docker.pkg.dev/serverless-runtimes/google-22-full/runtimes/nodejs20","run.googleapis.com/build-image-uri":"europe-west1-docker.pkg.dev/gastroo-4f0a3/gcf-artifacts/gastroo--4f0a3__europe--west1__ssrgastroo4f0a3:version_1","run.googleapis.com/build-name":"projects/880194074966/locations/europe-west1/builds/75b2ed4c-2fef-4d5e-8d97-440a2a39dee2","cloudfunctions.googleapis.com/function-id":"ssrgastroo4f0a3","run.googleapis.com/operation-id":"6667d76f-f4be-421d-b75c-330702a2da5e","run.googleapis.com/ingress":"all","run.googleapis.com/ingress-status":"all","run.googleapis.com/urls":"[\"https://ssrgastroo4f0a3-880194074966.europe-west1.run.app\",\"https://europe-west1-gastroo-4f0a3.cloudfunctions.net/ssrgastroo4f0a3\",\"https://ssrgastroo4f0a3-vf7pg7pfdq-ew.a.run.app\"]"},"creationTimestamp":"2025-08-12T16:37:25.084665Z"},"spec":{"template":{"metadata":{"name":"ssrgastroo4f0a3-00001-wip","labels":{"firebase-functions-hash":"74fe466b7a873cf7e38ab2d93a05613f20279f0b","firebase-functions-codebase":"firebase-frameworks-gastroo-4f0a3","run.googleapis.com/startupProbeType":"Default"},"annotations":{"run.googleapis.com/client-name":"cli-firebase","cloudfunctions.googleapis.com/trigger-type":"HTTP_TRIGGER","autoscaling.knative.dev/maxScale":"20","run.googleapis.com/base-images":"{\"worker\":\"europe-west1-docker.pkg.dev/serverless-runtimes/google-22-full/runtimes/nodejs20\"}","run.googleapis.com/startup-cpu-boost":"true"}},"spec":{"containerConcurrency":80,"timeoutSeconds":60,"serviceAccountName":"880194074966-compute@developer.gserviceaccount.com","containers":[{"name":"worker","image":"europe-west1-docker.pkg.dev/gastroo-4f0a3/gcf-artifacts/gastroo--4f0a3__europe--west1__ssrgastroo4f0a3:version_1","env":[{"name":"VERCEL_URL","value":"gastroo-4f0a3.web.app"},{"name":"__FIREBASE_FRAMEWORKS_ENTRY__","value":"next.js"},{"name":"__FIREBASE_DEFAULTS__","value":"{\"config\":{\"projectId\":\"gastroo-4f0a3\",\"appId\":\"1:880194074966:web:eb44133ad67d27f5a2fef7\",\"databaseURL\":\"https://gastroo-4f0a3-default-rtdb.europe-west1.firebasedatabase.app\",\"storageBucket\":\"gastroo-4f0a3.firebasestorage.app\",\"apiKey\":\"AIzaSyD35VjXyAgjalKrECvM-JCGyqVu4CBF-dg\",\"authDomain\":\"gastroo-4f0a3.firebaseapp.com\",\"messagingSenderId\":\"880194074966\",\"measurementId\":\"G-TTYZLTJG4W\"},\"_authTokenSyncURL\":\"/__session\"}"},{"name":"FIREBASE_CONFIG","value":"{\"projectId\":\"gastroo-4f0a3\",\"databaseURL\":\"https://gastroo-4f0a3-default-rtdb.europe-west1.firebasedatabase.app\",\"storageBucket\":\"gastroo-4f0a3.firebasestorage.app\"}"},{"name":"GCLOUD_PROJECT","value":"gastroo-4f0a3"},{"name":"EVENTARC_CLOUD_EVENT_SOURCE","value":"projects/gastroo-4f0a3/locations/europe-west1/services/ssrgastroo4f0a3"},{"name":"FUNCTION_TARGET","value":"ssrgastroo4f0a3"},{"name":"LOG_EXECUTION_ID","value":"true"}],"resources":{"limits":{"cpu":"1","memory":"256Mi"}},"ports":[{"name":"http1","containerPort":8080}],"startupProbe":{"timeoutSeconds":240,"periodSeconds":240,"failureThreshold":1,"tcpSocket":{"port":8080}}}],"runtimeClassName":"run.googleapis.com/linux-base-image-update"}},"traffic":[{"percent":100,"latestRevision":true},{"revisionName":"ssrgastroo4f0a3-00001-wip","tag":"fh-1c38c2c0df5e926d"}]},"status":{"observedGeneration":2,"conditions":[{"type":"Ready","status":"Unknown","reason":"AssigningTraffic","message":"Assigning traffic to latest specified targets.","lastTransitionTime":"2025-08-12T16:38:22.336252Z"},{"type":"BaseImageValidated","status":"True","severity":"Info"},{"type":"ConfigurationsReady","status":"True","lastTransitionTime":"2025-08-12T16:38:14.015616Z"},{"type":"RoutesReady","status":"Unknown","reason":"AssigningTraffic","message":"Assigning traffic to latest specified targets.","lastTransitionTime":"2025-08-12T16:38:22.336252Z"}],"latestReadyRevisionName":"ssrgastroo4f0a3-00001-wip","latestCreatedRevisionName":"ssrgastroo4f0a3-00001-wip","traffic":[{"revisionName":"ssrgastroo4f0a3-00001-wip","percent":100,"tag":"fh-1c38c2c0df5e926d","latestRevision":true,"url":"https://fh-1c38c2c0df5e926d---ssrgastroo4f0a3-vf7pg7pfdq-ew.a.run.app"}],"url":"https://ssrgastroo4f0a3-vf7pg7pfdq-ew.a.run.app","address":{"url":"https://ssrgastroo4f0a3-vf7pg7pfdq-ew.a.run.app"}}}
[debug] [2025-08-12T16:38:22.360Z] Waiting for service ssrgastroo4f0a3 to be ready. Status is [{"type":"Ready","status":"Unknown","reason":"AssigningTraffic","message":"Assigning traffic to latest specified targets.","lastTransitionTime":"2025-08-12T16:38:22.336252Z"},{"type":"BaseImageValidated","status":"True","severity":"Info"},{"type":"ConfigurationsReady","status":"True","lastTransitionTime":"2025-08-12T16:38:14.015616Z"},{"type":"RoutesReady","status":"Unknown","reason":"AssigningTraffic","message":"Assigning traffic to latest specified targets.","lastTransitionTime":"2025-08-12T16:38:22.336252Z"}]
[debug] [2025-08-12T16:38:22.370Z] Checked if tokens are valid: true, expires at: 1755017641897
[debug] [2025-08-12T16:38:22.370Z] Checked if tokens are valid: true, expires at: 1755017641897
[debug] [2025-08-12T16:38:22.370Z] >>> [apiv2][query] GET https://run.googleapis.com/v1/projects/880194074966/locations/europe-west1/services/ssrgastroo4f0a3 [none]
[debug] [2025-08-12T16:38:22.466Z] <<< [apiv2][status] GET https://run.googleapis.com/v1/projects/880194074966/locations/europe-west1/services/ssrgastroo4f0a3 200
[debug] [2025-08-12T16:38:22.466Z] <<< [apiv2][body] GET https://run.googleapis.com/v1/projects/880194074966/locations/europe-west1/services/ssrgastroo4f0a3 {"apiVersion":"serving.knative.dev/v1","kind":"Service","metadata":{"name":"ssrgastroo4f0a3","namespace":"880194074966","selfLink":"/apis/serving.knative.dev/v1/namespaces/880194074966/services/ssrgastroo4f0a3","uid":"ba51e2b7-f7e2-4107-b6c6-e72fcd532d5d","resourceVersion":"AAY8Laser28","generation":2,"labels":{"goog-managed-by":"cloudfunctions","goog-cloudfunctions-runtime":"nodejs20","goog-drz-cloudfunctions-location":"europe-west1","goog-drz-cloudfunctions-id":"ssrgastroo4f0a3","firebase-functions-hash":"74fe466b7a873cf7e38ab2d93a05613f20279f0b","firebase-functions-codebase":"firebase-frameworks-gastroo-4f0a3","cloud.googleapis.com/location":"europe-west1"},"annotations":{"serving.knative.dev/creator":"service-880194074966@gcf-admin-robot.iam.gserviceaccount.com","serving.knative.dev/lastModifier":"mierzej.it@gmail.com","run.googleapis.com/custom-audiences":"[\"https://europe-west1-gastroo-4f0a3.cloudfunctions.net/ssrgastroo4f0a3\"]","run.googleapis.com/client-name":"cli-firebase","run.googleapis.com/build-source-location":"gs://gcf-v2-sources-880194074966-europe-west1/ssrgastroo4f0a3/function-source.zip#1755016479483943","run.googleapis.com/build-environment-variables":"{\"GOOGLE_NODE_RUN_SCRIPTS\":\"\"}","run.googleapis.com/build-function-target":"ssrgastroo4f0a3","run.googleapis.com/build-service-account":"projects/gastroo-4f0a3/serviceAccounts/880194074966-compute@developer.gserviceaccount.com","run.googleapis.com/build-enable-automatic-updates":"true","run.googleapis.com/build-base-image":"europe-west1-docker.pkg.dev/serverless-runtimes/google-22-full/runtimes/nodejs20","run.googleapis.com/build-image-uri":"europe-west1-docker.pkg.dev/gastroo-4f0a3/gcf-artifacts/gastroo--4f0a3__europe--west1__ssrgastroo4f0a3:version_1","run.googleapis.com/build-name":"projects/880194074966/locations/europe-west1/builds/75b2ed4c-2fef-4d5e-8d97-440a2a39dee2","cloudfunctions.googleapis.com/function-id":"ssrgastroo4f0a3","run.googleapis.com/operation-id":"6667d76f-f4be-421d-b75c-330702a2da5e","run.googleapis.com/ingress":"all","run.googleapis.com/ingress-status":"all","run.googleapis.com/urls":"[\"https://ssrgastroo4f0a3-880194074966.europe-west1.run.app\",\"https://europe-west1-gastroo-4f0a3.cloudfunctions.net/ssrgastroo4f0a3\",\"https://ssrgastroo4f0a3-vf7pg7pfdq-ew.a.run.app\"]"},"creationTimestamp":"2025-08-12T16:37:25.084665Z"},"spec":{"template":{"metadata":{"name":"ssrgastroo4f0a3-00001-wip","labels":{"firebase-functions-hash":"74fe466b7a873cf7e38ab2d93a05613f20279f0b","firebase-functions-codebase":"firebase-frameworks-gastroo-4f0a3","run.googleapis.com/startupProbeType":"Default"},"annotations":{"run.googleapis.com/client-name":"cli-firebase","cloudfunctions.googleapis.com/trigger-type":"HTTP_TRIGGER","autoscaling.knative.dev/maxScale":"20","run.googleapis.com/base-images":"{\"worker\":\"europe-west1-docker.pkg.dev/serverless-runtimes/google-22-full/runtimes/nodejs20\"}","run.googleapis.com/startup-cpu-boost":"true"}},"spec":{"containerConcurrency":80,"timeoutSeconds":60,"serviceAccountName":"880194074966-compute@developer.gserviceaccount.com","containers":[{"name":"worker","image":"europe-west1-docker.pkg.dev/gastroo-4f0a3/gcf-artifacts/gastroo--4f0a3__europe--west1__ssrgastroo4f0a3:version_1","env":[{"name":"VERCEL_URL","value":"gastroo-4f0a3.web.app"},{"name":"__FIREBASE_FRAMEWORKS_ENTRY__","value":"next.js"},{"name":"__FIREBASE_DEFAULTS__","value":"{\"config\":{\"projectId\":\"gastroo-4f0a3\",\"appId\":\"1:880194074966:web:eb44133ad67d27f5a2fef7\",\"databaseURL\":\"https://gastroo-4f0a3-default-rtdb.europe-west1.firebasedatabase.app\",\"storageBucket\":\"gastroo-4f0a3.firebasestorage.app\",\"apiKey\":\"AIzaSyD35VjXyAgjalKrECvM-JCGyqVu4CBF-dg\",\"authDomain\":\"gastroo-4f0a3.firebaseapp.com\",\"messagingSenderId\":\"880194074966\",\"measurementId\":\"G-TTYZLTJG4W\"},\"_authTokenSyncURL\":\"/__session\"}"},{"name":"FIREBASE_CONFIG","value":"{\"projectId\":\"gastroo-4f0a3\",\"databaseURL\":\"https://gastroo-4f0a3-default-rtdb.europe-west1.firebasedatabase.app\",\"storageBucket\":\"gastroo-4f0a3.firebasestorage.app\"}"},{"name":"GCLOUD_PROJECT","value":"gastroo-4f0a3"},{"name":"EVENTARC_CLOUD_EVENT_SOURCE","value":"projects/gastroo-4f0a3/locations/europe-west1/services/ssrgastroo4f0a3"},{"name":"FUNCTION_TARGET","value":"ssrgastroo4f0a3"},{"name":"LOG_EXECUTION_ID","value":"true"}],"resources":{"limits":{"cpu":"1","memory":"256Mi"}},"ports":[{"name":"http1","containerPort":8080}],"startupProbe":{"timeoutSeconds":240,"periodSeconds":240,"failureThreshold":1,"tcpSocket":{"port":8080}}}],"runtimeClassName":"run.googleapis.com/linux-base-image-update"}},"traffic":[{"percent":100,"latestRevision":true},{"revisionName":"ssrgastroo4f0a3-00001-wip","tag":"fh-1c38c2c0df5e926d"}]},"status":{"observedGeneration":2,"conditions":[{"type":"Ready","status":"Unknown","reason":"AssigningTraffic","message":"Assigning traffic to latest specified targets.","lastTransitionTime":"2025-08-12T16:38:22.336252Z"},{"type":"BaseImageValidated","status":"True","severity":"Info"},{"type":"ConfigurationsReady","status":"True","lastTransitionTime":"2025-08-12T16:38:14.015616Z"},{"type":"RoutesReady","status":"Unknown","reason":"AssigningTraffic","message":"Assigning traffic to latest specified targets.","lastTransitionTime":"2025-08-12T16:38:22.336252Z"}],"latestReadyRevisionName":"ssrgastroo4f0a3-00001-wip","latestCreatedRevisionName":"ssrgastroo4f0a3-00001-wip","traffic":[{"revisionName":"ssrgastroo4f0a3-00001-wip","percent":100,"tag":"fh-1c38c2c0df5e926d","latestRevision":true,"url":"https://fh-1c38c2c0df5e926d---ssrgastroo4f0a3-vf7pg7pfdq-ew.a.run.app"}],"url":"https://ssrgastroo4f0a3-vf7pg7pfdq-ew.a.run.app","address":{"url":"https://ssrgastroo4f0a3-vf7pg7pfdq-ew.a.run.app"}}}
[debug] [2025-08-12T16:38:22.466Z] Waiting for service ssrgastroo4f0a3 to be ready. Status is [{"type":"Ready","status":"Unknown","reason":"AssigningTraffic","message":"Assigning traffic to latest specified targets.","lastTransitionTime":"2025-08-12T16:38:22.336252Z"},{"type":"BaseImageValidated","status":"True","severity":"Info"},{"type":"ConfigurationsReady","status":"True","lastTransitionTime":"2025-08-12T16:38:14.015616Z"},{"type":"RoutesReady","status":"Unknown","reason":"AssigningTraffic","message":"Assigning traffic to latest specified targets.","lastTransitionTime":"2025-08-12T16:38:22.336252Z"}]
[debug] [2025-08-12T16:38:22.483Z] Checked if tokens are valid: true, expires at: 1755017641897
[debug] [2025-08-12T16:38:22.483Z] Checked if tokens are valid: true, expires at: 1755017641897
[debug] [2025-08-12T16:38:22.483Z] >>> [apiv2][query] GET https://run.googleapis.com/v1/projects/880194074966/locations/europe-west1/services/ssrgastroo4f0a3 [none]
[debug] [2025-08-12T16:38:22.650Z] <<< [apiv2][status] GET https://run.googleapis.com/v1/projects/880194074966/locations/europe-west1/services/ssrgastroo4f0a3 200
[debug] [2025-08-12T16:38:22.651Z] <<< [apiv2][body] GET https://run.googleapis.com/v1/projects/880194074966/locations/europe-west1/services/ssrgastroo4f0a3 {"apiVersion":"serving.knative.dev/v1","kind":"Service","metadata":{"name":"ssrgastroo4f0a3","namespace":"880194074966","selfLink":"/apis/serving.knative.dev/v1/namespaces/880194074966/services/ssrgastroo4f0a3","uid":"ba51e2b7-f7e2-4107-b6c6-e72fcd532d5d","resourceVersion":"AAY8Laser28","generation":2,"labels":{"goog-managed-by":"cloudfunctions","goog-cloudfunctions-runtime":"nodejs20","goog-drz-cloudfunctions-location":"europe-west1","goog-drz-cloudfunctions-id":"ssrgastroo4f0a3","firebase-functions-hash":"74fe466b7a873cf7e38ab2d93a05613f20279f0b","firebase-functions-codebase":"firebase-frameworks-gastroo-4f0a3","cloud.googleapis.com/location":"europe-west1"},"annotations":{"serving.knative.dev/creator":"service-880194074966@gcf-admin-robot.iam.gserviceaccount.com","serving.knative.dev/lastModifier":"mierzej.it@gmail.com","run.googleapis.com/custom-audiences":"[\"https://europe-west1-gastroo-4f0a3.cloudfunctions.net/ssrgastroo4f0a3\"]","run.googleapis.com/client-name":"cli-firebase","run.googleapis.com/build-source-location":"gs://gcf-v2-sources-880194074966-europe-west1/ssrgastroo4f0a3/function-source.zip#1755016479483943","run.googleapis.com/build-environment-variables":"{\"GOOGLE_NODE_RUN_SCRIPTS\":\"\"}","run.googleapis.com/build-function-target":"ssrgastroo4f0a3","run.googleapis.com/build-service-account":"projects/gastroo-4f0a3/serviceAccounts/880194074966-compute@developer.gserviceaccount.com","run.googleapis.com/build-enable-automatic-updates":"true","run.googleapis.com/build-base-image":"europe-west1-docker.pkg.dev/serverless-runtimes/google-22-full/runtimes/nodejs20","run.googleapis.com/build-image-uri":"europe-west1-docker.pkg.dev/gastroo-4f0a3/gcf-artifacts/gastroo--4f0a3__europe--west1__ssrgastroo4f0a3:version_1","run.googleapis.com/build-name":"projects/880194074966/locations/europe-west1/builds/75b2ed4c-2fef-4d5e-8d97-440a2a39dee2","cloudfunctions.googleapis.com/function-id":"ssrgastroo4f0a3","run.googleapis.com/operation-id":"6667d76f-f4be-421d-b75c-330702a2da5e","run.googleapis.com/ingress":"all","run.googleapis.com/ingress-status":"all","run.googleapis.com/urls":"[\"https://ssrgastroo4f0a3-880194074966.europe-west1.run.app\",\"https://europe-west1-gastroo-4f0a3.cloudfunctions.net/ssrgastroo4f0a3\",\"https://ssrgastroo4f0a3-vf7pg7pfdq-ew.a.run.app\"]"},"creationTimestamp":"2025-08-12T16:37:25.084665Z"},"spec":{"template":{"metadata":{"name":"ssrgastroo4f0a3-00001-wip","labels":{"firebase-functions-hash":"74fe466b7a873cf7e38ab2d93a05613f20279f0b","firebase-functions-codebase":"firebase-frameworks-gastroo-4f0a3","run.googleapis.com/startupProbeType":"Default"},"annotations":{"run.googleapis.com/client-name":"cli-firebase","cloudfunctions.googleapis.com/trigger-type":"HTTP_TRIGGER","autoscaling.knative.dev/maxScale":"20","run.googleapis.com/base-images":"{\"worker\":\"europe-west1-docker.pkg.dev/serverless-runtimes/google-22-full/runtimes/nodejs20\"}","run.googleapis.com/startup-cpu-boost":"true"}},"spec":{"containerConcurrency":80,"timeoutSeconds":60,"serviceAccountName":"880194074966-compute@developer.gserviceaccount.com","containers":[{"name":"worker","image":"europe-west1-docker.pkg.dev/gastroo-4f0a3/gcf-artifacts/gastroo--4f0a3__europe--west1__ssrgastroo4f0a3:version_1","env":[{"name":"VERCEL_URL","value":"gastroo-4f0a3.web.app"},{"name":"__FIREBASE_FRAMEWORKS_ENTRY__","value":"next.js"},{"name":"__FIREBASE_DEFAULTS__","value":"{\"config\":{\"projectId\":\"gastroo-4f0a3\",\"appId\":\"1:880194074966:web:eb44133ad67d27f5a2fef7\",\"databaseURL\":\"https://gastroo-4f0a3-default-rtdb.europe-west1.firebasedatabase.app\",\"storageBucket\":\"gastroo-4f0a3.firebasestorage.app\",\"apiKey\":\"AIzaSyD35VjXyAgjalKrECvM-JCGyqVu4CBF-dg\",\"authDomain\":\"gastroo-4f0a3.firebaseapp.com\",\"messagingSenderId\":\"880194074966\",\"measurementId\":\"G-TTYZLTJG4W\"},\"_authTokenSyncURL\":\"/__session\"}"},{"name":"FIREBASE_CONFIG","value":"{\"projectId\":\"gastroo-4f0a3\",\"databaseURL\":\"https://gastroo-4f0a3-default-rtdb.europe-west1.firebasedatabase.app\",\"storageBucket\":\"gastroo-4f0a3.firebasestorage.app\"}"},{"name":"GCLOUD_PROJECT","value":"gastroo-4f0a3"},{"name":"EVENTARC_CLOUD_EVENT_SOURCE","value":"projects/gastroo-4f0a3/locations/europe-west1/services/ssrgastroo4f0a3"},{"name":"FUNCTION_TARGET","value":"ssrgastroo4f0a3"},{"name":"LOG_EXECUTION_ID","value":"true"}],"resources":{"limits":{"cpu":"1","memory":"256Mi"}},"ports":[{"name":"http1","containerPort":8080}],"startupProbe":{"timeoutSeconds":240,"periodSeconds":240,"failureThreshold":1,"tcpSocket":{"port":8080}}}],"runtimeClassName":"run.googleapis.com/linux-base-image-update"}},"traffic":[{"percent":100,"latestRevision":true},{"revisionName":"ssrgastroo4f0a3-00001-wip","tag":"fh-1c38c2c0df5e926d"}]},"status":{"observedGeneration":2,"conditions":[{"type":"Ready","status":"Unknown","reason":"AssigningTraffic","message":"Assigning traffic to latest specified targets.","lastTransitionTime":"2025-08-12T16:38:22.336252Z"},{"type":"BaseImageValidated","status":"True","severity":"Info"},{"type":"ConfigurationsReady","status":"True","lastTransitionTime":"2025-08-12T16:38:14.015616Z"},{"type":"RoutesReady","status":"Unknown","reason":"AssigningTraffic","message":"Assigning traffic to latest specified targets.","lastTransitionTime":"2025-08-12T16:38:22.336252Z"}],"latestReadyRevisionName":"ssrgastroo4f0a3-00001-wip","latestCreatedRevisionName":"ssrgastroo4f0a3-00001-wip","traffic":[{"revisionName":"ssrgastroo4f0a3-00001-wip","percent":100,"tag":"fh-1c38c2c0df5e926d","latestRevision":true,"url":"https://fh-1c38c2c0df5e926d---ssrgastroo4f0a3-vf7pg7pfdq-ew.a.run.app"}],"url":"https://ssrgastroo4f0a3-vf7pg7pfdq-ew.a.run.app","address":{"url":"https://ssrgastroo4f0a3-vf7pg7pfdq-ew.a.run.app"}}}
[debug] [2025-08-12T16:38:22.651Z] Waiting for service ssrgastroo4f0a3 to be ready. Status is [{"type":"Ready","status":"Unknown","reason":"AssigningTraffic","message":"Assigning traffic to latest specified targets.","lastTransitionTime":"2025-08-12T16:38:22.336252Z"},{"type":"BaseImageValidated","status":"True","severity":"Info"},{"type":"ConfigurationsReady","status":"True","lastTransitionTime":"2025-08-12T16:38:14.015616Z"},{"type":"RoutesReady","status":"Unknown","reason":"AssigningTraffic","message":"Assigning traffic to latest specified targets.","lastTransitionTime":"2025-08-12T16:38:22.336252Z"}]
[debug] [2025-08-12T16:38:22.681Z] Checked if tokens are valid: true, expires at: 1755017641897
[debug] [2025-08-12T16:38:22.682Z] Checked if tokens are valid: true, expires at: 1755017641897
[debug] [2025-08-12T16:38:22.682Z] >>> [apiv2][query] GET https://run.googleapis.com/v1/projects/880194074966/locations/europe-west1/services/ssrgastroo4f0a3 [none]
[debug] [2025-08-12T16:38:22.780Z] <<< [apiv2][status] GET https://run.googleapis.com/v1/projects/880194074966/locations/europe-west1/services/ssrgastroo4f0a3 200
[debug] [2025-08-12T16:38:22.780Z] <<< [apiv2][body] GET https://run.googleapis.com/v1/projects/880194074966/locations/europe-west1/services/ssrgastroo4f0a3 {"apiVersion":"serving.knative.dev/v1","kind":"Service","metadata":{"name":"ssrgastroo4f0a3","namespace":"880194074966","selfLink":"/apis/serving.knative.dev/v1/namespaces/880194074966/services/ssrgastroo4f0a3","uid":"ba51e2b7-f7e2-4107-b6c6-e72fcd532d5d","resourceVersion":"AAY8Laser28","generation":2,"labels":{"goog-managed-by":"cloudfunctions","goog-cloudfunctions-runtime":"nodejs20","goog-drz-cloudfunctions-location":"europe-west1","goog-drz-cloudfunctions-id":"ssrgastroo4f0a3","firebase-functions-hash":"74fe466b7a873cf7e38ab2d93a05613f20279f0b","firebase-functions-codebase":"firebase-frameworks-gastroo-4f0a3","cloud.googleapis.com/location":"europe-west1"},"annotations":{"serving.knative.dev/creator":"service-880194074966@gcf-admin-robot.iam.gserviceaccount.com","serving.knative.dev/lastModifier":"mierzej.it@gmail.com","run.googleapis.com/custom-audiences":"[\"https://europe-west1-gastroo-4f0a3.cloudfunctions.net/ssrgastroo4f0a3\"]","run.googleapis.com/client-name":"cli-firebase","run.googleapis.com/build-source-location":"gs://gcf-v2-sources-880194074966-europe-west1/ssrgastroo4f0a3/function-source.zip#1755016479483943","run.googleapis.com/build-environment-variables":"{\"GOOGLE_NODE_RUN_SCRIPTS\":\"\"}","run.googleapis.com/build-function-target":"ssrgastroo4f0a3","run.googleapis.com/build-service-account":"projects/gastroo-4f0a3/serviceAccounts/880194074966-compute@developer.gserviceaccount.com","run.googleapis.com/build-enable-automatic-updates":"true","run.googleapis.com/build-base-image":"europe-west1-docker.pkg.dev/serverless-runtimes/google-22-full/runtimes/nodejs20","run.googleapis.com/build-image-uri":"europe-west1-docker.pkg.dev/gastroo-4f0a3/gcf-artifacts/gastroo--4f0a3__europe--west1__ssrgastroo4f0a3:version_1","run.googleapis.com/build-name":"projects/880194074966/locations/europe-west1/builds/75b2ed4c-2fef-4d5e-8d97-440a2a39dee2","cloudfunctions.googleapis.com/function-id":"ssrgastroo4f0a3","run.googleapis.com/operation-id":"6667d76f-f4be-421d-b75c-330702a2da5e","run.googleapis.com/ingress":"all","run.googleapis.com/ingress-status":"all","run.googleapis.com/urls":"[\"https://ssrgastroo4f0a3-880194074966.europe-west1.run.app\",\"https://europe-west1-gastroo-4f0a3.cloudfunctions.net/ssrgastroo4f0a3\",\"https://ssrgastroo4f0a3-vf7pg7pfdq-ew.a.run.app\"]"},"creationTimestamp":"2025-08-12T16:37:25.084665Z"},"spec":{"template":{"metadata":{"name":"ssrgastroo4f0a3-00001-wip","labels":{"firebase-functions-hash":"74fe466b7a873cf7e38ab2d93a05613f20279f0b","firebase-functions-codebase":"firebase-frameworks-gastroo-4f0a3","run.googleapis.com/startupProbeType":"Default"},"annotations":{"run.googleapis.com/client-name":"cli-firebase","cloudfunctions.googleapis.com/trigger-type":"HTTP_TRIGGER","autoscaling.knative.dev/maxScale":"20","run.googleapis.com/base-images":"{\"worker\":\"europe-west1-docker.pkg.dev/serverless-runtimes/google-22-full/runtimes/nodejs20\"}","run.googleapis.com/startup-cpu-boost":"true"}},"spec":{"containerConcurrency":80,"timeoutSeconds":60,"serviceAccountName":"880194074966-compute@developer.gserviceaccount.com","containers":[{"name":"worker","image":"europe-west1-docker.pkg.dev/gastroo-4f0a3/gcf-artifacts/gastroo--4f0a3__europe--west1__ssrgastroo4f0a3:version_1","env":[{"name":"VERCEL_URL","value":"gastroo-4f0a3.web.app"},{"name":"__FIREBASE_FRAMEWORKS_ENTRY__","value":"next.js"},{"name":"__FIREBASE_DEFAULTS__","value":"{\"config\":{\"projectId\":\"gastroo-4f0a3\",\"appId\":\"1:880194074966:web:eb44133ad67d27f5a2fef7\",\"databaseURL\":\"https://gastroo-4f0a3-default-rtdb.europe-west1.firebasedatabase.app\",\"storageBucket\":\"gastroo-4f0a3.firebasestorage.app\",\"apiKey\":\"AIzaSyD35VjXyAgjalKrECvM-JCGyqVu4CBF-dg\",\"authDomain\":\"gastroo-4f0a3.firebaseapp.com\",\"messagingSenderId\":\"880194074966\",\"measurementId\":\"G-TTYZLTJG4W\"},\"_authTokenSyncURL\":\"/__session\"}"},{"name":"FIREBASE_CONFIG","value":"{\"projectId\":\"gastroo-4f0a3\",\"databaseURL\":\"https://gastroo-4f0a3-default-rtdb.europe-west1.firebasedatabase.app\",\"storageBucket\":\"gastroo-4f0a3.firebasestorage.app\"}"},{"name":"GCLOUD_PROJECT","value":"gastroo-4f0a3"},{"name":"EVENTARC_CLOUD_EVENT_SOURCE","value":"projects/gastroo-4f0a3/locations/europe-west1/services/ssrgastroo4f0a3"},{"name":"FUNCTION_TARGET","value":"ssrgastroo4f0a3"},{"name":"LOG_EXECUTION_ID","value":"true"}],"resources":{"limits":{"cpu":"1","memory":"256Mi"}},"ports":[{"name":"http1","containerPort":8080}],"startupProbe":{"timeoutSeconds":240,"periodSeconds":240,"failureThreshold":1,"tcpSocket":{"port":8080}}}],"runtimeClassName":"run.googleapis.com/linux-base-image-update"}},"traffic":[{"percent":100,"latestRevision":true},{"revisionName":"ssrgastroo4f0a3-00001-wip","tag":"fh-1c38c2c0df5e926d"}]},"status":{"observedGeneration":2,"conditions":[{"type":"Ready","status":"Unknown","reason":"AssigningTraffic","message":"Assigning traffic to latest specified targets.","lastTransitionTime":"2025-08-12T16:38:22.336252Z"},{"type":"BaseImageValidated","status":"True","severity":"Info"},{"type":"ConfigurationsReady","status":"True","lastTransitionTime":"2025-08-12T16:38:14.015616Z"},{"type":"RoutesReady","status":"Unknown","reason":"AssigningTraffic","message":"Assigning traffic to latest specified targets.","lastTransitionTime":"2025-08-12T16:38:22.336252Z"}],"latestReadyRevisionName":"ssrgastroo4f0a3-00001-wip","latestCreatedRevisionName":"ssrgastroo4f0a3-00001-wip","traffic":[{"revisionName":"ssrgastroo4f0a3-00001-wip","percent":100,"tag":"fh-1c38c2c0df5e926d","latestRevision":true,"url":"https://fh-1c38c2c0df5e926d---ssrgastroo4f0a3-vf7pg7pfdq-ew.a.run.app"}],"url":"https://ssrgastroo4f0a3-vf7pg7pfdq-ew.a.run.app","address":{"url":"https://ssrgastroo4f0a3-vf7pg7pfdq-ew.a.run.app"}}}
[debug] [2025-08-12T16:38:22.780Z] Waiting for service ssrgastroo4f0a3 to be ready. Status is [{"type":"Ready","status":"Unknown","reason":"AssigningTraffic","message":"Assigning traffic to latest specified targets.","lastTransitionTime":"2025-08-12T16:38:22.336252Z"},{"type":"BaseImageValidated","status":"True","severity":"Info"},{"type":"ConfigurationsReady","status":"True","lastTransitionTime":"2025-08-12T16:38:14.015616Z"},{"type":"RoutesReady","status":"Unknown","reason":"AssigningTraffic","message":"Assigning traffic to latest specified targets.","lastTransitionTime":"2025-08-12T16:38:22.336252Z"}]
[debug] [2025-08-12T16:38:22.810Z] Checked if tokens are valid: true, expires at: 1755017641897
[debug] [2025-08-12T16:38:22.811Z] Checked if tokens are valid: true, expires at: 1755017641897
[debug] [2025-08-12T16:38:22.811Z] >>> [apiv2][query] GET https://run.googleapis.com/v1/projects/880194074966/locations/europe-west1/services/ssrgastroo4f0a3 [none]
[debug] [2025-08-12T16:38:22.905Z] <<< [apiv2][status] GET https://run.googleapis.com/v1/projects/880194074966/locations/europe-west1/services/ssrgastroo4f0a3 200
[debug] [2025-08-12T16:38:22.905Z] <<< [apiv2][body] GET https://run.googleapis.com/v1/projects/880194074966/locations/europe-west1/services/ssrgastroo4f0a3 {"apiVersion":"serving.knative.dev/v1","kind":"Service","metadata":{"name":"ssrgastroo4f0a3","namespace":"880194074966","selfLink":"/apis/serving.knative.dev/v1/namespaces/880194074966/services/ssrgastroo4f0a3","uid":"ba51e2b7-f7e2-4107-b6c6-e72fcd532d5d","resourceVersion":"AAY8Laser28","generation":2,"labels":{"goog-managed-by":"cloudfunctions","goog-cloudfunctions-runtime":"nodejs20","goog-drz-cloudfunctions-location":"europe-west1","goog-drz-cloudfunctions-id":"ssrgastroo4f0a3","firebase-functions-hash":"74fe466b7a873cf7e38ab2d93a05613f20279f0b","firebase-functions-codebase":"firebase-frameworks-gastroo-4f0a3","cloud.googleapis.com/location":"europe-west1"},"annotations":{"serving.knative.dev/creator":"service-880194074966@gcf-admin-robot.iam.gserviceaccount.com","serving.knative.dev/lastModifier":"mierzej.it@gmail.com","run.googleapis.com/custom-audiences":"[\"https://europe-west1-gastroo-4f0a3.cloudfunctions.net/ssrgastroo4f0a3\"]","run.googleapis.com/client-name":"cli-firebase","run.googleapis.com/build-source-location":"gs://gcf-v2-sources-880194074966-europe-west1/ssrgastroo4f0a3/function-source.zip#1755016479483943","run.googleapis.com/build-environment-variables":"{\"GOOGLE_NODE_RUN_SCRIPTS\":\"\"}","run.googleapis.com/build-function-target":"ssrgastroo4f0a3","run.googleapis.com/build-service-account":"projects/gastroo-4f0a3/serviceAccounts/880194074966-compute@developer.gserviceaccount.com","run.googleapis.com/build-enable-automatic-updates":"true","run.googleapis.com/build-base-image":"europe-west1-docker.pkg.dev/serverless-runtimes/google-22-full/runtimes/nodejs20","run.googleapis.com/build-image-uri":"europe-west1-docker.pkg.dev/gastroo-4f0a3/gcf-artifacts/gastroo--4f0a3__europe--west1__ssrgastroo4f0a3:version_1","run.googleapis.com/build-name":"projects/880194074966/locations/europe-west1/builds/75b2ed4c-2fef-4d5e-8d97-440a2a39dee2","cloudfunctions.googleapis.com/function-id":"ssrgastroo4f0a3","run.googleapis.com/operation-id":"6667d76f-f4be-421d-b75c-330702a2da5e","run.googleapis.com/ingress":"all","run.googleapis.com/ingress-status":"all","run.googleapis.com/urls":"[\"https://ssrgastroo4f0a3-880194074966.europe-west1.run.app\",\"https://europe-west1-gastroo-4f0a3.cloudfunctions.net/ssrgastroo4f0a3\",\"https://ssrgastroo4f0a3-vf7pg7pfdq-ew.a.run.app\"]"},"creationTimestamp":"2025-08-12T16:37:25.084665Z"},"spec":{"template":{"metadata":{"name":"ssrgastroo4f0a3-00001-wip","labels":{"firebase-functions-hash":"74fe466b7a873cf7e38ab2d93a05613f20279f0b","firebase-functions-codebase":"firebase-frameworks-gastroo-4f0a3","run.googleapis.com/startupProbeType":"Default"},"annotations":{"run.googleapis.com/client-name":"cli-firebase","cloudfunctions.googleapis.com/trigger-type":"HTTP_TRIGGER","autoscaling.knative.dev/maxScale":"20","run.googleapis.com/base-images":"{\"worker\":\"europe-west1-docker.pkg.dev/serverless-runtimes/google-22-full/runtimes/nodejs20\"}","run.googleapis.com/startup-cpu-boost":"true"}},"spec":{"containerConcurrency":80,"timeoutSeconds":60,"serviceAccountName":"880194074966-compute@developer.gserviceaccount.com","containers":[{"name":"worker","image":"europe-west1-docker.pkg.dev/gastroo-4f0a3/gcf-artifacts/gastroo--4f0a3__europe--west1__ssrgastroo4f0a3:version_1","env":[{"name":"VERCEL_URL","value":"gastroo-4f0a3.web.app"},{"name":"__FIREBASE_FRAMEWORKS_ENTRY__","value":"next.js"},{"name":"__FIREBASE_DEFAULTS__","value":"{\"config\":{\"projectId\":\"gastroo-4f0a3\",\"appId\":\"1:880194074966:web:eb44133ad67d27f5a2fef7\",\"databaseURL\":\"https://gastroo-4f0a3-default-rtdb.europe-west1.firebasedatabase.app\",\"storageBucket\":\"gastroo-4f0a3.firebasestorage.app\",\"apiKey\":\"AIzaSyD35VjXyAgjalKrECvM-JCGyqVu4CBF-dg\",\"authDomain\":\"gastroo-4f0a3.firebaseapp.com\",\"messagingSenderId\":\"880194074966\",\"measurementId\":\"G-TTYZLTJG4W\"},\"_authTokenSyncURL\":\"/__session\"}"},{"name":"FIREBASE_CONFIG","value":"{\"projectId\":\"gastroo-4f0a3\",\"databaseURL\":\"https://gastroo-4f0a3-default-rtdb.europe-west1.firebasedatabase.app\",\"storageBucket\":\"gastroo-4f0a3.firebasestorage.app\"}"},{"name":"GCLOUD_PROJECT","value":"gastroo-4f0a3"},{"name":"EVENTARC_CLOUD_EVENT_SOURCE","value":"projects/gastroo-4f0a3/locations/europe-west1/services/ssrgastroo4f0a3"},{"name":"FUNCTION_TARGET","value":"ssrgastroo4f0a3"},{"name":"LOG_EXECUTION_ID","value":"true"}],"resources":{"limits":{"cpu":"1","memory":"256Mi"}},"ports":[{"name":"http1","containerPort":8080}],"startupProbe":{"timeoutSeconds":240,"periodSeconds":240,"failureThreshold":1,"tcpSocket":{"port":8080}}}],"runtimeClassName":"run.googleapis.com/linux-base-image-update"}},"traffic":[{"percent":100,"latestRevision":true},{"revisionName":"ssrgastroo4f0a3-00001-wip","tag":"fh-1c38c2c0df5e926d"}]},"status":{"observedGeneration":2,"conditions":[{"type":"Ready","status":"Unknown","reason":"AssigningTraffic","message":"Assigning traffic to latest specified targets.","lastTransitionTime":"2025-08-12T16:38:22.336252Z"},{"type":"BaseImageValidated","status":"True","severity":"Info"},{"type":"ConfigurationsReady","status":"True","lastTransitionTime":"2025-08-12T16:38:14.015616Z"},{"type":"RoutesReady","status":"Unknown","reason":"AssigningTraffic","message":"Assigning traffic to latest specified targets.","lastTransitionTime":"2025-08-12T16:38:22.336252Z"}],"latestReadyRevisionName":"ssrgastroo4f0a3-00001-wip","latestCreatedRevisionName":"ssrgastroo4f0a3-00001-wip","traffic":[{"revisionName":"ssrgastroo4f0a3-00001-wip","percent":100,"tag":"fh-1c38c2c0df5e926d","latestRevision":true,"url":"https://fh-1c38c2c0df5e926d---ssrgastroo4f0a3-vf7pg7pfdq-ew.a.run.app"}],"url":"https://ssrgastroo4f0a3-vf7pg7pfdq-ew.a.run.app","address":{"url":"https://ssrgastroo4f0a3-vf7pg7pfdq-ew.a.run.app"}}}
[debug] [2025-08-12T16:38:22.905Z] Waiting for service ssrgastroo4f0a3 to be ready. Status is [{"type":"Ready","status":"Unknown","reason":"AssigningTraffic","message":"Assigning traffic to latest specified targets.","lastTransitionTime":"2025-08-12T16:38:22.336252Z"},{"type":"BaseImageValidated","status":"True","severity":"Info"},{"type":"ConfigurationsReady","status":"True","lastTransitionTime":"2025-08-12T16:38:14.015616Z"},{"type":"RoutesReady","status":"Unknown","reason":"AssigningTraffic","message":"Assigning traffic to latest specified targets.","lastTransitionTime":"2025-08-12T16:38:22.336252Z"}]
[debug] [2025-08-12T16:38:22.936Z] Checked if tokens are valid: true, expires at: 1755017641897
[debug] [2025-08-12T16:38:22.936Z] Checked if tokens are valid: true, expires at: 1755017641897
[debug] [2025-08-12T16:38:22.937Z] >>> [apiv2][query] GET https://run.googleapis.com/v1/projects/880194074966/locations/europe-west1/services/ssrgastroo4f0a3 [none]
[debug] [2025-08-12T16:38:23.098Z] <<< [apiv2][status] GET https://run.googleapis.com/v1/projects/880194074966/locations/europe-west1/services/ssrgastroo4f0a3 200
[debug] [2025-08-12T16:38:23.098Z] <<< [apiv2][body] GET https://run.googleapis.com/v1/projects/880194074966/locations/europe-west1/services/ssrgastroo4f0a3 {"apiVersion":"serving.knative.dev/v1","kind":"Service","metadata":{"name":"ssrgastroo4f0a3","namespace":"880194074966","selfLink":"/apis/serving.knative.dev/v1/namespaces/880194074966/services/ssrgastroo4f0a3","uid":"ba51e2b7-f7e2-4107-b6c6-e72fcd532d5d","resourceVersion":"AAY8Laser28","generation":2,"labels":{"goog-managed-by":"cloudfunctions","goog-cloudfunctions-runtime":"nodejs20","goog-drz-cloudfunctions-location":"europe-west1","goog-drz-cloudfunctions-id":"ssrgastroo4f0a3","firebase-functions-hash":"74fe466b7a873cf7e38ab2d93a05613f20279f0b","firebase-functions-codebase":"firebase-frameworks-gastroo-4f0a3","cloud.googleapis.com/location":"europe-west1"},"annotations":{"serving.knative.dev/creator":"service-880194074966@gcf-admin-robot.iam.gserviceaccount.com","serving.knative.dev/lastModifier":"mierzej.it@gmail.com","run.googleapis.com/custom-audiences":"[\"https://europe-west1-gastroo-4f0a3.cloudfunctions.net/ssrgastroo4f0a3\"]","run.googleapis.com/client-name":"cli-firebase","run.googleapis.com/build-source-location":"gs://gcf-v2-sources-880194074966-europe-west1/ssrgastroo4f0a3/function-source.zip#1755016479483943","run.googleapis.com/build-environment-variables":"{\"GOOGLE_NODE_RUN_SCRIPTS\":\"\"}","run.googleapis.com/build-function-target":"ssrgastroo4f0a3","run.googleapis.com/build-service-account":"projects/gastroo-4f0a3/serviceAccounts/880194074966-compute@developer.gserviceaccount.com","run.googleapis.com/build-enable-automatic-updates":"true","run.googleapis.com/build-base-image":"europe-west1-docker.pkg.dev/serverless-runtimes/google-22-full/runtimes/nodejs20","run.googleapis.com/build-image-uri":"europe-west1-docker.pkg.dev/gastroo-4f0a3/gcf-artifacts/gastroo--4f0a3__europe--west1__ssrgastroo4f0a3:version_1","run.googleapis.com/build-name":"projects/880194074966/locations/europe-west1/builds/75b2ed4c-2fef-4d5e-8d97-440a2a39dee2","cloudfunctions.googleapis.com/function-id":"ssrgastroo4f0a3","run.googleapis.com/operation-id":"6667d76f-f4be-421d-b75c-330702a2da5e","run.googleapis.com/ingress":"all","run.googleapis.com/ingress-status":"all","run.googleapis.com/urls":"[\"https://ssrgastroo4f0a3-880194074966.europe-west1.run.app\",\"https://europe-west1-gastroo-4f0a3.cloudfunctions.net/ssrgastroo4f0a3\",\"https://ssrgastroo4f0a3-vf7pg7pfdq-ew.a.run.app\"]"},"creationTimestamp":"2025-08-12T16:37:25.084665Z"},"spec":{"template":{"metadata":{"name":"ssrgastroo4f0a3-00001-wip","labels":{"firebase-functions-hash":"74fe466b7a873cf7e38ab2d93a05613f20279f0b","firebase-functions-codebase":"firebase-frameworks-gastroo-4f0a3","run.googleapis.com/startupProbeType":"Default"},"annotations":{"run.googleapis.com/client-name":"cli-firebase","cloudfunctions.googleapis.com/trigger-type":"HTTP_TRIGGER","autoscaling.knative.dev/maxScale":"20","run.googleapis.com/base-images":"{\"worker\":\"europe-west1-docker.pkg.dev/serverless-runtimes/google-22-full/runtimes/nodejs20\"}","run.googleapis.com/startup-cpu-boost":"true"}},"spec":{"containerConcurrency":80,"timeoutSeconds":60,"serviceAccountName":"880194074966-compute@developer.gserviceaccount.com","containers":[{"name":"worker","image":"europe-west1-docker.pkg.dev/gastroo-4f0a3/gcf-artifacts/gastroo--4f0a3__europe--west1__ssrgastroo4f0a3:version_1","env":[{"name":"VERCEL_URL","value":"gastroo-4f0a3.web.app"},{"name":"__FIREBASE_FRAMEWORKS_ENTRY__","value":"next.js"},{"name":"__FIREBASE_DEFAULTS__","value":"{\"config\":{\"projectId\":\"gastroo-4f0a3\",\"appId\":\"1:880194074966:web:eb44133ad67d27f5a2fef7\",\"databaseURL\":\"https://gastroo-4f0a3-default-rtdb.europe-west1.firebasedatabase.app\",\"storageBucket\":\"gastroo-4f0a3.firebasestorage.app\",\"apiKey\":\"AIzaSyD35VjXyAgjalKrECvM-JCGyqVu4CBF-dg\",\"authDomain\":\"gastroo-4f0a3.firebaseapp.com\",\"messagingSenderId\":\"880194074966\",\"measurementId\":\"G-TTYZLTJG4W\"},\"_authTokenSyncURL\":\"/__session\"}"},{"name":"FIREBASE_CONFIG","value":"{\"projectId\":\"gastroo-4f0a3\",\"databaseURL\":\"https://gastroo-4f0a3-default-rtdb.europe-west1.firebasedatabase.app\",\"storageBucket\":\"gastroo-4f0a3.firebasestorage.app\"}"},{"name":"GCLOUD_PROJECT","value":"gastroo-4f0a3"},{"name":"EVENTARC_CLOUD_EVENT_SOURCE","value":"projects/gastroo-4f0a3/locations/europe-west1/services/ssrgastroo4f0a3"},{"name":"FUNCTION_TARGET","value":"ssrgastroo4f0a3"},{"name":"LOG_EXECUTION_ID","value":"true"}],"resources":{"limits":{"cpu":"1","memory":"256Mi"}},"ports":[{"name":"http1","containerPort":8080}],"startupProbe":{"timeoutSeconds":240,"periodSeconds":240,"failureThreshold":1,"tcpSocket":{"port":8080}}}],"runtimeClassName":"run.googleapis.com/linux-base-image-update"}},"traffic":[{"percent":100,"latestRevision":true},{"revisionName":"ssrgastroo4f0a3-00001-wip","tag":"fh-1c38c2c0df5e926d"}]},"status":{"observedGeneration":2,"conditions":[{"type":"Ready","status":"Unknown","reason":"AssigningTraffic","message":"Assigning traffic to latest specified targets.","lastTransitionTime":"2025-08-12T16:38:22.336252Z"},{"type":"BaseImageValidated","status":"True","severity":"Info"},{"type":"ConfigurationsReady","status":"True","lastTransitionTime":"2025-08-12T16:38:14.015616Z"},{"type":"RoutesReady","status":"Unknown","reason":"AssigningTraffic","message":"Assigning traffic to latest specified targets.","lastTransitionTime":"2025-08-12T16:38:22.336252Z"}],"latestReadyRevisionName":"ssrgastroo4f0a3-00001-wip","latestCreatedRevisionName":"ssrgastroo4f0a3-00001-wip","traffic":[{"revisionName":"ssrgastroo4f0a3-00001-wip","percent":100,"tag":"fh-1c38c2c0df5e926d","latestRevision":true,"url":"https://fh-1c38c2c0df5e926d---ssrgastroo4f0a3-vf7pg7pfdq-ew.a.run.app"}],"url":"https://ssrgastroo4f0a3-vf7pg7pfdq-ew.a.run.app","address":{"url":"https://ssrgastroo4f0a3-vf7pg7pfdq-ew.a.run.app"}}}
[debug] [2025-08-12T16:38:23.098Z] Waiting for service ssrgastroo4f0a3 to be ready. Status is [{"type":"Ready","status":"Unknown","reason":"AssigningTraffic","message":"Assigning traffic to latest specified targets.","lastTransitionTime":"2025-08-12T16:38:22.336252Z"},{"type":"BaseImageValidated","status":"True","severity":"Info"},{"type":"ConfigurationsReady","status":"True","lastTransitionTime":"2025-08-12T16:38:14.015616Z"},{"type":"RoutesReady","status":"Unknown","reason":"AssigningTraffic","message":"Assigning traffic to latest specified targets.","lastTransitionTime":"2025-08-12T16:38:22.336252Z"}]
[debug] [2025-08-12T16:38:23.129Z] Checked if tokens are valid: true, expires at: 1755017641897
[debug] [2025-08-12T16:38:23.129Z] Checked if tokens are valid: true, expires at: 1755017641897
[debug] [2025-08-12T16:38:23.129Z] >>> [apiv2][query] GET https://run.googleapis.com/v1/projects/880194074966/locations/europe-west1/services/ssrgastroo4f0a3 [none]
[debug] [2025-08-12T16:38:23.222Z] <<< [apiv2][status] GET https://run.googleapis.com/v1/projects/880194074966/locations/europe-west1/services/ssrgastroo4f0a3 200
[debug] [2025-08-12T16:38:23.222Z] <<< [apiv2][body] GET https://run.googleapis.com/v1/projects/880194074966/locations/europe-west1/services/ssrgastroo4f0a3 {"apiVersion":"serving.knative.dev/v1","kind":"Service","metadata":{"name":"ssrgastroo4f0a3","namespace":"880194074966","selfLink":"/apis/serving.knative.dev/v1/namespaces/880194074966/services/ssrgastroo4f0a3","uid":"ba51e2b7-f7e2-4107-b6c6-e72fcd532d5d","resourceVersion":"AAY8Laser28","generation":2,"labels":{"goog-managed-by":"cloudfunctions","goog-cloudfunctions-runtime":"nodejs20","goog-drz-cloudfunctions-location":"europe-west1","goog-drz-cloudfunctions-id":"ssrgastroo4f0a3","firebase-functions-hash":"74fe466b7a873cf7e38ab2d93a05613f20279f0b","firebase-functions-codebase":"firebase-frameworks-gastroo-4f0a3","cloud.googleapis.com/location":"europe-west1"},"annotations":{"serving.knative.dev/creator":"service-880194074966@gcf-admin-robot.iam.gserviceaccount.com","serving.knative.dev/lastModifier":"mierzej.it@gmail.com","run.googleapis.com/custom-audiences":"[\"https://europe-west1-gastroo-4f0a3.cloudfunctions.net/ssrgastroo4f0a3\"]","run.googleapis.com/client-name":"cli-firebase","run.googleapis.com/build-source-location":"gs://gcf-v2-sources-880194074966-europe-west1/ssrgastroo4f0a3/function-source.zip#1755016479483943","run.googleapis.com/build-environment-variables":"{\"GOOGLE_NODE_RUN_SCRIPTS\":\"\"}","run.googleapis.com/build-function-target":"ssrgastroo4f0a3","run.googleapis.com/build-service-account":"projects/gastroo-4f0a3/serviceAccounts/880194074966-compute@developer.gserviceaccount.com","run.googleapis.com/build-enable-automatic-updates":"true","run.googleapis.com/build-base-image":"europe-west1-docker.pkg.dev/serverless-runtimes/google-22-full/runtimes/nodejs20","run.googleapis.com/build-image-uri":"europe-west1-docker.pkg.dev/gastroo-4f0a3/gcf-artifacts/gastroo--4f0a3__europe--west1__ssrgastroo4f0a3:version_1","run.googleapis.com/build-name":"projects/880194074966/locations/europe-west1/builds/75b2ed4c-2fef-4d5e-8d97-440a2a39dee2","cloudfunctions.googleapis.com/function-id":"ssrgastroo4f0a3","run.googleapis.com/operation-id":"6667d76f-f4be-421d-b75c-330702a2da5e","run.googleapis.com/ingress":"all","run.googleapis.com/ingress-status":"all","run.googleapis.com/urls":"[\"https://ssrgastroo4f0a3-880194074966.europe-west1.run.app\",\"https://europe-west1-gastroo-4f0a3.cloudfunctions.net/ssrgastroo4f0a3\",\"https://ssrgastroo4f0a3-vf7pg7pfdq-ew.a.run.app\"]"},"creationTimestamp":"2025-08-12T16:37:25.084665Z"},"spec":{"template":{"metadata":{"name":"ssrgastroo4f0a3-00001-wip","labels":{"firebase-functions-hash":"74fe466b7a873cf7e38ab2d93a05613f20279f0b","firebase-functions-codebase":"firebase-frameworks-gastroo-4f0a3","run.googleapis.com/startupProbeType":"Default"},"annotations":{"run.googleapis.com/client-name":"cli-firebase","cloudfunctions.googleapis.com/trigger-type":"HTTP_TRIGGER","autoscaling.knative.dev/maxScale":"20","run.googleapis.com/base-images":"{\"worker\":\"europe-west1-docker.pkg.dev/serverless-runtimes/google-22-full/runtimes/nodejs20\"}","run.googleapis.com/startup-cpu-boost":"true"}},"spec":{"containerConcurrency":80,"timeoutSeconds":60,"serviceAccountName":"880194074966-compute@developer.gserviceaccount.com","containers":[{"name":"worker","image":"europe-west1-docker.pkg.dev/gastroo-4f0a3/gcf-artifacts/gastroo--4f0a3__europe--west1__ssrgastroo4f0a3:version_1","env":[{"name":"VERCEL_URL","value":"gastroo-4f0a3.web.app"},{"name":"__FIREBASE_FRAMEWORKS_ENTRY__","value":"next.js"},{"name":"__FIREBASE_DEFAULTS__","value":"{\"config\":{\"projectId\":\"gastroo-4f0a3\",\"appId\":\"1:880194074966:web:eb44133ad67d27f5a2fef7\",\"databaseURL\":\"https://gastroo-4f0a3-default-rtdb.europe-west1.firebasedatabase.app\",\"storageBucket\":\"gastroo-4f0a3.firebasestorage.app\",\"apiKey\":\"AIzaSyD35VjXyAgjalKrECvM-JCGyqVu4CBF-dg\",\"authDomain\":\"gastroo-4f0a3.firebaseapp.com\",\"messagingSenderId\":\"880194074966\",\"measurementId\":\"G-TTYZLTJG4W\"},\"_authTokenSyncURL\":\"/__session\"}"},{"name":"FIREBASE_CONFIG","value":"{\"projectId\":\"gastroo-4f0a3\",\"databaseURL\":\"https://gastroo-4f0a3-default-rtdb.europe-west1.firebasedatabase.app\",\"storageBucket\":\"gastroo-4f0a3.firebasestorage.app\"}"},{"name":"GCLOUD_PROJECT","value":"gastroo-4f0a3"},{"name":"EVENTARC_CLOUD_EVENT_SOURCE","value":"projects/gastroo-4f0a3/locations/europe-west1/services/ssrgastroo4f0a3"},{"name":"FUNCTION_TARGET","value":"ssrgastroo4f0a3"},{"name":"LOG_EXECUTION_ID","value":"true"}],"resources":{"limits":{"cpu":"1","memory":"256Mi"}},"ports":[{"name":"http1","containerPort":8080}],"startupProbe":{"timeoutSeconds":240,"periodSeconds":240,"failureThreshold":1,"tcpSocket":{"port":8080}}}],"runtimeClassName":"run.googleapis.com/linux-base-image-update"}},"traffic":[{"percent":100,"latestRevision":true},{"revisionName":"ssrgastroo4f0a3-00001-wip","tag":"fh-1c38c2c0df5e926d"}]},"status":{"observedGeneration":2,"conditions":[{"type":"Ready","status":"Unknown","reason":"AssigningTraffic","message":"Assigning traffic to latest specified targets.","lastTransitionTime":"2025-08-12T16:38:22.336252Z"},{"type":"BaseImageValidated","status":"True","severity":"Info"},{"type":"ConfigurationsReady","status":"True","lastTransitionTime":"2025-08-12T16:38:14.015616Z"},{"type":"RoutesReady","status":"Unknown","reason":"AssigningTraffic","message":"Assigning traffic to latest specified targets.","lastTransitionTime":"2025-08-12T16:38:22.336252Z"}],"latestReadyRevisionName":"ssrgastroo4f0a3-00001-wip","latestCreatedRevisionName":"ssrgastroo4f0a3-00001-wip","traffic":[{"revisionName":"ssrgastroo4f0a3-00001-wip","percent":100,"tag":"fh-1c38c2c0df5e926d","latestRevision":true,"url":"https://fh-1c38c2c0df5e926d---ssrgastroo4f0a3-vf7pg7pfdq-ew.a.run.app"}],"url":"https://ssrgastroo4f0a3-vf7pg7pfdq-ew.a.run.app","address":{"url":"https://ssrgastroo4f0a3-vf7pg7pfdq-ew.a.run.app"}}}
[debug] [2025-08-12T16:38:23.223Z] Waiting for service ssrgastroo4f0a3 to be ready. Status is [{"type":"Ready","status":"Unknown","reason":"AssigningTraffic","message":"Assigning traffic to latest specified targets.","lastTransitionTime":"2025-08-12T16:38:22.336252Z"},{"type":"BaseImageValidated","status":"True","severity":"Info"},{"type":"ConfigurationsReady","status":"True","lastTransitionTime":"2025-08-12T16:38:14.015616Z"},{"type":"RoutesReady","status":"Unknown","reason":"AssigningTraffic","message":"Assigning traffic to latest specified targets.","lastTransitionTime":"2025-08-12T16:38:22.336252Z"}]
[debug] [2025-08-12T16:38:23.253Z] Checked if tokens are valid: true, expires at: 1755017641897
[debug] [2025-08-12T16:38:23.253Z] Checked if tokens are valid: true, expires at: 1755017641897
[debug] [2025-08-12T16:38:23.253Z] >>> [apiv2][query] GET https://run.googleapis.com/v1/projects/880194074966/locations/europe-west1/services/ssrgastroo4f0a3 [none]
[debug] [2025-08-12T16:38:23.591Z] <<< [apiv2][status] GET https://run.googleapis.com/v1/projects/880194074966/locations/europe-west1/services/ssrgastroo4f0a3 200
[debug] [2025-08-12T16:38:23.591Z] <<< [apiv2][body] GET https://run.googleapis.com/v1/projects/880194074966/locations/europe-west1/services/ssrgastroo4f0a3 {"apiVersion":"serving.knative.dev/v1","kind":"Service","metadata":{"name":"ssrgastroo4f0a3","namespace":"880194074966","selfLink":"/apis/serving.knative.dev/v1/namespaces/880194074966/services/ssrgastroo4f0a3","uid":"ba51e2b7-f7e2-4107-b6c6-e72fcd532d5d","resourceVersion":"AAY8Laser28","generation":2,"labels":{"goog-managed-by":"cloudfunctions","goog-cloudfunctions-runtime":"nodejs20","goog-drz-cloudfunctions-location":"europe-west1","goog-drz-cloudfunctions-id":"ssrgastroo4f0a3","firebase-functions-hash":"74fe466b7a873cf7e38ab2d93a05613f20279f0b","firebase-functions-codebase":"firebase-frameworks-gastroo-4f0a3","cloud.googleapis.com/location":"europe-west1"},"annotations":{"serving.knative.dev/creator":"service-880194074966@gcf-admin-robot.iam.gserviceaccount.com","serving.knative.dev/lastModifier":"mierzej.it@gmail.com","run.googleapis.com/custom-audiences":"[\"https://europe-west1-gastroo-4f0a3.cloudfunctions.net/ssrgastroo4f0a3\"]","run.googleapis.com/client-name":"cli-firebase","run.googleapis.com/build-source-location":"gs://gcf-v2-sources-880194074966-europe-west1/ssrgastroo4f0a3/function-source.zip#1755016479483943","run.googleapis.com/build-environment-variables":"{\"GOOGLE_NODE_RUN_SCRIPTS\":\"\"}","run.googleapis.com/build-function-target":"ssrgastroo4f0a3","run.googleapis.com/build-service-account":"projects/gastroo-4f0a3/serviceAccounts/880194074966-compute@developer.gserviceaccount.com","run.googleapis.com/build-enable-automatic-updates":"true","run.googleapis.com/build-base-image":"europe-west1-docker.pkg.dev/serverless-runtimes/google-22-full/runtimes/nodejs20","run.googleapis.com/build-image-uri":"europe-west1-docker.pkg.dev/gastroo-4f0a3/gcf-artifacts/gastroo--4f0a3__europe--west1__ssrgastroo4f0a3:version_1","run.googleapis.com/build-name":"projects/880194074966/locations/europe-west1/builds/75b2ed4c-2fef-4d5e-8d97-440a2a39dee2","cloudfunctions.googleapis.com/function-id":"ssrgastroo4f0a3","run.googleapis.com/operation-id":"6667d76f-f4be-421d-b75c-330702a2da5e","run.googleapis.com/ingress":"all","run.googleapis.com/ingress-status":"all","run.googleapis.com/urls":"[\"https://ssrgastroo4f0a3-880194074966.europe-west1.run.app\",\"https://europe-west1-gastroo-4f0a3.cloudfunctions.net/ssrgastroo4f0a3\",\"https://ssrgastroo4f0a3-vf7pg7pfdq-ew.a.run.app\"]"},"creationTimestamp":"2025-08-12T16:37:25.084665Z"},"spec":{"template":{"metadata":{"name":"ssrgastroo4f0a3-00001-wip","labels":{"firebase-functions-hash":"74fe466b7a873cf7e38ab2d93a05613f20279f0b","firebase-functions-codebase":"firebase-frameworks-gastroo-4f0a3","run.googleapis.com/startupProbeType":"Default"},"annotations":{"run.googleapis.com/client-name":"cli-firebase","cloudfunctions.googleapis.com/trigger-type":"HTTP_TRIGGER","autoscaling.knative.dev/maxScale":"20","run.googleapis.com/base-images":"{\"worker\":\"europe-west1-docker.pkg.dev/serverless-runtimes/google-22-full/runtimes/nodejs20\"}","run.googleapis.com/startup-cpu-boost":"true"}},"spec":{"containerConcurrency":80,"timeoutSeconds":60,"serviceAccountName":"880194074966-compute@developer.gserviceaccount.com","containers":[{"name":"worker","image":"europe-west1-docker.pkg.dev/gastroo-4f0a3/gcf-artifacts/gastroo--4f0a3__europe--west1__ssrgastroo4f0a3:version_1","env":[{"name":"VERCEL_URL","value":"gastroo-4f0a3.web.app"},{"name":"__FIREBASE_FRAMEWORKS_ENTRY__","value":"next.js"},{"name":"__FIREBASE_DEFAULTS__","value":"{\"config\":{\"projectId\":\"gastroo-4f0a3\",\"appId\":\"1:880194074966:web:eb44133ad67d27f5a2fef7\",\"databaseURL\":\"https://gastroo-4f0a3-default-rtdb.europe-west1.firebasedatabase.app\",\"storageBucket\":\"gastroo-4f0a3.firebasestorage.app\",\"apiKey\":\"AIzaSyD35VjXyAgjalKrECvM-JCGyqVu4CBF-dg\",\"authDomain\":\"gastroo-4f0a3.firebaseapp.com\",\"messagingSenderId\":\"880194074966\",\"measurementId\":\"G-TTYZLTJG4W\"},\"_authTokenSyncURL\":\"/__session\"}"},{"name":"FIREBASE_CONFIG","value":"{\"projectId\":\"gastroo-4f0a3\",\"databaseURL\":\"https://gastroo-4f0a3-default-rtdb.europe-west1.firebasedatabase.app\",\"storageBucket\":\"gastroo-4f0a3.firebasestorage.app\"}"},{"name":"GCLOUD_PROJECT","value":"gastroo-4f0a3"},{"name":"EVENTARC_CLOUD_EVENT_SOURCE","value":"projects/gastroo-4f0a3/locations/europe-west1/services/ssrgastroo4f0a3"},{"name":"FUNCTION_TARGET","value":"ssrgastroo4f0a3"},{"name":"LOG_EXECUTION_ID","value":"true"}],"resources":{"limits":{"cpu":"1","memory":"256Mi"}},"ports":[{"name":"http1","containerPort":8080}],"startupProbe":{"timeoutSeconds":240,"periodSeconds":240,"failureThreshold":1,"tcpSocket":{"port":8080}}}],"runtimeClassName":"run.googleapis.com/linux-base-image-update"}},"traffic":[{"percent":100,"latestRevision":true},{"revisionName":"ssrgastroo4f0a3-00001-wip","tag":"fh-1c38c2c0df5e926d"}]},"status":{"observedGeneration":2,"conditions":[{"type":"Ready","status":"Unknown","reason":"AssigningTraffic","message":"Assigning traffic to latest specified targets.","lastTransitionTime":"2025-08-12T16:38:22.336252Z"},{"type":"BaseImageValidated","status":"True","severity":"Info"},{"type":"ConfigurationsReady","status":"True","lastTransitionTime":"2025-08-12T16:38:14.015616Z"},{"type":"RoutesReady","status":"Unknown","reason":"AssigningTraffic","message":"Assigning traffic to latest specified targets.","lastTransitionTime":"2025-08-12T16:38:22.336252Z"}],"latestReadyRevisionName":"ssrgastroo4f0a3-00001-wip","latestCreatedRevisionName":"ssrgastroo4f0a3-00001-wip","traffic":[{"revisionName":"ssrgastroo4f0a3-00001-wip","percent":100,"tag":"fh-1c38c2c0df5e926d","latestRevision":true,"url":"https://fh-1c38c2c0df5e926d---ssrgastroo4f0a3-vf7pg7pfdq-ew.a.run.app"}],"url":"https://ssrgastroo4f0a3-vf7pg7pfdq-ew.a.run.app","address":{"url":"https://ssrgastroo4f0a3-vf7pg7pfdq-ew.a.run.app"}}}
[debug] [2025-08-12T16:38:23.591Z] Waiting for service ssrgastroo4f0a3 to be ready. Status is [{"type":"Ready","status":"Unknown","reason":"AssigningTraffic","message":"Assigning traffic to latest specified targets.","lastTransitionTime":"2025-08-12T16:38:22.336252Z"},{"type":"BaseImageValidated","status":"True","severity":"Info"},{"type":"ConfigurationsReady","status":"True","lastTransitionTime":"2025-08-12T16:38:14.015616Z"},{"type":"RoutesReady","status":"Unknown","reason":"AssigningTraffic","message":"Assigning traffic to latest specified targets.","lastTransitionTime":"2025-08-12T16:38:22.336252Z"}]
[debug] [2025-08-12T16:38:23.622Z] Checked if tokens are valid: true, expires at: 1755017641897
[debug] [2025-08-12T16:38:23.622Z] Checked if tokens are valid: true, expires at: 1755017641897
[debug] [2025-08-12T16:38:23.622Z] >>> [apiv2][query] GET https://run.googleapis.com/v1/projects/880194074966/locations/europe-west1/services/ssrgastroo4f0a3 [none]
[debug] [2025-08-12T16:38:23.722Z] <<< [apiv2][status] GET https://run.googleapis.com/v1/projects/880194074966/locations/europe-west1/services/ssrgastroo4f0a3 200
[debug] [2025-08-12T16:38:23.722Z] <<< [apiv2][body] GET https://run.googleapis.com/v1/projects/880194074966/locations/europe-west1/services/ssrgastroo4f0a3 {"apiVersion":"serving.knative.dev/v1","kind":"Service","metadata":{"name":"ssrgastroo4f0a3","namespace":"880194074966","selfLink":"/apis/serving.knative.dev/v1/namespaces/880194074966/services/ssrgastroo4f0a3","uid":"ba51e2b7-f7e2-4107-b6c6-e72fcd532d5d","resourceVersion":"AAY8LaswtUw","generation":2,"labels":{"goog-managed-by":"cloudfunctions","goog-cloudfunctions-runtime":"nodejs20","goog-drz-cloudfunctions-location":"europe-west1","goog-drz-cloudfunctions-id":"ssrgastroo4f0a3","firebase-functions-hash":"74fe466b7a873cf7e38ab2d93a05613f20279f0b","firebase-functions-codebase":"firebase-frameworks-gastroo-4f0a3","cloud.googleapis.com/location":"europe-west1"},"annotations":{"serving.knative.dev/creator":"service-880194074966@gcf-admin-robot.iam.gserviceaccount.com","serving.knative.dev/lastModifier":"mierzej.it@gmail.com","run.googleapis.com/custom-audiences":"[\"https://europe-west1-gastroo-4f0a3.cloudfunctions.net/ssrgastroo4f0a3\"]","run.googleapis.com/client-name":"cli-firebase","run.googleapis.com/build-source-location":"gs://gcf-v2-sources-880194074966-europe-west1/ssrgastroo4f0a3/function-source.zip#1755016479483943","run.googleapis.com/build-environment-variables":"{\"GOOGLE_NODE_RUN_SCRIPTS\":\"\"}","run.googleapis.com/build-function-target":"ssrgastroo4f0a3","run.googleapis.com/build-service-account":"projects/gastroo-4f0a3/serviceAccounts/880194074966-compute@developer.gserviceaccount.com","run.googleapis.com/build-enable-automatic-updates":"true","run.googleapis.com/build-base-image":"europe-west1-docker.pkg.dev/serverless-runtimes/google-22-full/runtimes/nodejs20","run.googleapis.com/build-image-uri":"europe-west1-docker.pkg.dev/gastroo-4f0a3/gcf-artifacts/gastroo--4f0a3__europe--west1__ssrgastroo4f0a3:version_1","run.googleapis.com/build-name":"projects/880194074966/locations/europe-west1/builds/75b2ed4c-2fef-4d5e-8d97-440a2a39dee2","cloudfunctions.googleapis.com/function-id":"ssrgastroo4f0a3","run.googleapis.com/operation-id":"6667d76f-f4be-421d-b75c-330702a2da5e","run.googleapis.com/ingress":"all","run.googleapis.com/ingress-status":"all","run.googleapis.com/urls":"[\"https://ssrgastroo4f0a3-880194074966.europe-west1.run.app\",\"https://europe-west1-gastroo-4f0a3.cloudfunctions.net/ssrgastroo4f0a3\",\"https://ssrgastroo4f0a3-vf7pg7pfdq-ew.a.run.app\"]"},"creationTimestamp":"2025-08-12T16:37:25.084665Z"},"spec":{"template":{"metadata":{"name":"ssrgastroo4f0a3-00001-wip","labels":{"firebase-functions-hash":"74fe466b7a873cf7e38ab2d93a05613f20279f0b","firebase-functions-codebase":"firebase-frameworks-gastroo-4f0a3","run.googleapis.com/startupProbeType":"Default"},"annotations":{"run.googleapis.com/client-name":"cli-firebase","cloudfunctions.googleapis.com/trigger-type":"HTTP_TRIGGER","autoscaling.knative.dev/maxScale":"20","run.googleapis.com/base-images":"{\"worker\":\"europe-west1-docker.pkg.dev/serverless-runtimes/google-22-full/runtimes/nodejs20\"}","run.googleapis.com/startup-cpu-boost":"true"}},"spec":{"containerConcurrency":80,"timeoutSeconds":60,"serviceAccountName":"880194074966-compute@developer.gserviceaccount.com","containers":[{"name":"worker","image":"europe-west1-docker.pkg.dev/gastroo-4f0a3/gcf-artifacts/gastroo--4f0a3__europe--west1__ssrgastroo4f0a3:version_1","env":[{"name":"VERCEL_URL","value":"gastroo-4f0a3.web.app"},{"name":"__FIREBASE_FRAMEWORKS_ENTRY__","value":"next.js"},{"name":"__FIREBASE_DEFAULTS__","value":"{\"config\":{\"projectId\":\"gastroo-4f0a3\",\"appId\":\"1:880194074966:web:eb44133ad67d27f5a2fef7\",\"databaseURL\":\"https://gastroo-4f0a3-default-rtdb.europe-west1.firebasedatabase.app\",\"storageBucket\":\"gastroo-4f0a3.firebasestorage.app\",\"apiKey\":\"AIzaSyD35VjXyAgjalKrECvM-JCGyqVu4CBF-dg\",\"authDomain\":\"gastroo-4f0a3.firebaseapp.com\",\"messagingSenderId\":\"880194074966\",\"measurementId\":\"G-TTYZLTJG4W\"},\"_authTokenSyncURL\":\"/__session\"}"},{"name":"FIREBASE_CONFIG","value":"{\"projectId\":\"gastroo-4f0a3\",\"databaseURL\":\"https://gastroo-4f0a3-default-rtdb.europe-west1.firebasedatabase.app\",\"storageBucket\":\"gastroo-4f0a3.firebasestorage.app\"}"},{"name":"GCLOUD_PROJECT","value":"gastroo-4f0a3"},{"name":"EVENTARC_CLOUD_EVENT_SOURCE","value":"projects/gastroo-4f0a3/locations/europe-west1/services/ssrgastroo4f0a3"},{"name":"FUNCTION_TARGET","value":"ssrgastroo4f0a3"},{"name":"LOG_EXECUTION_ID","value":"true"}],"resources":{"limits":{"cpu":"1","memory":"256Mi"}},"ports":[{"name":"http1","containerPort":8080}],"startupProbe":{"timeoutSeconds":240,"periodSeconds":240,"failureThreshold":1,"tcpSocket":{"port":8080}}}],"runtimeClassName":"run.googleapis.com/linux-base-image-update"}},"traffic":[{"percent":100,"latestRevision":true},{"revisionName":"ssrgastroo4f0a3-00001-wip","tag":"fh-1c38c2c0df5e926d"}]},"status":{"observedGeneration":2,"conditions":[{"type":"Ready","status":"True","lastTransitionTime":"2025-08-12T16:38:23.554892Z"},{"type":"BaseImageValidated","status":"True","severity":"Info"},{"type":"ConfigurationsReady","status":"True","lastTransitionTime":"2025-08-12T16:38:14.015616Z"},{"type":"RoutesReady","status":"True","lastTransitionTime":"2025-08-12T16:38:23.510159Z"}],"latestReadyRevisionName":"ssrgastroo4f0a3-00001-wip","latestCreatedRevisionName":"ssrgastroo4f0a3-00001-wip","traffic":[{"revisionName":"ssrgastroo4f0a3-00001-wip","percent":100,"tag":"fh-1c38c2c0df5e926d","latestRevision":true,"url":"https://fh-1c38c2c0df5e926d---ssrgastroo4f0a3-vf7pg7pfdq-ew.a.run.app"}],"url":"https://ssrgastroo4f0a3-vf7pg7pfdq-ew.a.run.app","address":{"url":"https://ssrgastroo4f0a3-vf7pg7pfdq-ew.a.run.app"}}}
[debug] [2025-08-12T16:38:23.723Z] Checked if tokens are valid: true, expires at: 1755017641897
[debug] [2025-08-12T16:38:23.723Z] Checked if tokens are valid: true, expires at: 1755017641897
[debug] [2025-08-12T16:38:23.723Z] >>> [apiv2][query] PATCH https://firebasehosting.googleapis.com/v1beta1/projects/-/sites/gastroo-4f0a3/versions/1c38c2c0df5e926d updateMask=status%2Cconfig
[debug] [2025-08-12T16:38:23.723Z] >>> [apiv2][body] PATCH https://firebasehosting.googleapis.com/v1beta1/projects/-/sites/gastroo-4f0a3/versions/1c38c2c0df5e926d {"status":"FINALIZED","config":{"rewrites":[{"glob":"/**","run":{"serviceId":"ssrgastroo4f0a3","region":"europe-west1","tag":"fh-1c38c2c0df5e926d"}}],"redirects":[],"headers":[{"glob":"/favicon.ico","headers":{"cache-control":"public, max-age=0, must-revalidate","content-type":"image/x-icon","x-next-cache-tags":"_N_T_/layout,_N_T_/favicon.ico/layout,_N_T_/favicon.ico/route,_N_T_/favicon.ico"}},{"glob":"/_not-found","headers":{"x-nextjs-stale-time":"300","x-nextjs-prerender":"1","x-next-cache-tags":"_N_T_/layout,_N_T_/_not-found/layout,_N_T_/_not-found/page,_N_T_/_not-found"}},{"glob":"/**/*.[jt]s","headers":{"Set-Cookie":"__FIREBASE_DEFAULTS__=eyJjb25maWciOnsicHJvamVjdElkIjoiZ2FzdHJvby00ZjBhMyIsImFwcElkIjoiMTo4ODAxOTQwNzQ5NjY6d2ViOmViNDQxMzNhZDY3ZDI3ZjVhMmZlZjciLCJkYXRhYmFzZVVSTCI6Imh0dHBzOi8vZ2FzdHJvby00ZjBhMy1kZWZhdWx0LXJ0ZGIuZXVyb3BlLXdlc3QxLmZpcmViYXNlZGF0YWJhc2UuYXBwIiwic3RvcmFnZUJ1Y2tldCI6Imdhc3Ryb28tNGYwYTMuZmlyZWJhc2VzdG9yYWdlLmFwcCIsImFwaUtleSI6IkFJemFTeUQzNVZqWHlBZ2phbEtyRUN2TS1KQ0d5cVZ1NENCRi1kZyIsImF1dGhEb21haW4iOiJnYXN0cm9vLTRmMGEzLmZpcmViYXNlYXBwLmNvbSIsIm1lc3NhZ2luZ1NlbmRlcklkIjoiODgwMTk0MDc0OTY2IiwibWVhc3VyZW1lbnRJZCI6IkctVFRZWkxUSkc0VyJ9LCJfYXV0aFRva2VuU3luY1VSTCI6Ii9fX3Nlc3Npb24ifQ; SameSite=Strict; Expires=2027-07-08T03:12:54.239Z; Path=/;"}}],"cleanUrls":true,"trailingSlashBehavior":"REMOVE"}}
[debug] [2025-08-12T16:38:25.038Z] <<< [apiv2][status] PATCH https://firebasehosting.googleapis.com/v1beta1/projects/-/sites/gastroo-4f0a3/versions/1c38c2c0df5e926d 200
[debug] [2025-08-12T16:38:25.039Z] <<< [apiv2][body] PATCH https://firebasehosting.googleapis.com/v1beta1/projects/-/sites/gastroo-4f0a3/versions/1c38c2c0df5e926d {"name":"projects/880194074966/sites/gastroo-4f0a3/versions/1c38c2c0df5e926d","status":"FINALIZED","config":{"headers":[{"headers":{"x-next-cache-tags":"_N_T_/layout,_N_T_/favicon.ico/layout,_N_T_/favicon.ico/route,_N_T_/favicon.ico","cache-control":"public, max-age=0, must-revalidate","content-type":"image/x-icon"},"glob":"/favicon.ico"},{"headers":{"x-nextjs-stale-time":"300","x-nextjs-prerender":"1","x-next-cache-tags":"_N_T_/layout,_N_T_/_not-found/layout,_N_T_/_not-found/page,_N_T_/_not-found"},"glob":"/_not-found"},{"headers":{"Set-Cookie":"__FIREBASE_DEFAULTS__=eyJjb25maWciOnsicHJvamVjdElkIjoiZ2FzdHJvby00ZjBhMyIsImFwcElkIjoiMTo4ODAxOTQwNzQ5NjY6d2ViOmViNDQxMzNhZDY3ZDI3ZjVhMmZlZjciLCJkYXRhYmFzZVVSTCI6Imh0dHBzOi8vZ2FzdHJvby00ZjBhMy1kZWZhdWx0LXJ0ZGIuZXVyb3BlLXdlc3QxLmZpcmViYXNlZGF0YWJhc2UuYXBwIiwic3RvcmFnZUJ1Y2tldCI6Imdhc3Ryb28tNGYwYTMuZmlyZWJhc2VzdG9yYWdlLmFwcCIsImFwaUtleSI6IkFJemFTeUQzNVZqWHlBZ2phbEtyRUN2TS1KQ0d5cVZ1NENCRi1kZyIsImF1dGhEb21haW4iOiJnYXN0cm9vLTRmMGEzLmZpcmViYXNlYXBwLmNvbSIsIm1lc3NhZ2luZ1NlbmRlcklkIjoiODgwMTk0MDc0OTY2IiwibWVhc3VyZW1lbnRJZCI6IkctVFRZWkxUSkc0VyJ9LCJfYXV0aFRva2VuU3luY1VSTCI6Ii9fX3Nlc3Npb24ifQ; SameSite=Strict; Expires=2027-07-08T03:12:54.239Z; Path=/;"},"glob":"/**/*.[jt]s"}],"rewrites":[{"glob":"/**","run":{"serviceId":"ssrgastroo4f0a3","region":"europe-west1","tag":"fh-1c38c2c0df5e926d"}}],"cleanUrls":true,"trailingSlashBehavior":"REMOVE"},"labels":{"firebase-web-framework":"next_ssr","deployment-tool":"cli-firebase"},"createTime":"2025-08-12T16:33:40.029811Z","createUser":{"email":"mierzej.it@gmail.com"},"finalizeTime":"2025-08-12T16:38:25.013877Z","finalizeUser":{"email":"mierzej.it@gmail.com"}}
[debug] [2025-08-12T16:38:25.039Z] [hosting] finalized version for gastroo-4f0a3:[object Object]
[info] ✔  hosting[gastroo-4f0a3]: version finalized 
[info] i  hosting[gastroo-4f0a3]: releasing new version... 
[debug] [2025-08-12T16:38:25.039Z] Checked if tokens are valid: true, expires at: 1755017641897
[debug] [2025-08-12T16:38:25.039Z] Checked if tokens are valid: true, expires at: 1755017641897
[debug] [2025-08-12T16:38:25.039Z] >>> [apiv2][query] POST https://firebasehosting.googleapis.com/v1beta1/projects/-/sites/gastroo-4f0a3/channels/live/releases versionName=projects%2F880194074966%2Fsites%2Fgastroo-4f0a3%2Fversions%2F1c38c2c0df5e926d
[debug] [2025-08-12T16:38:25.039Z] >>> [apiv2][body] POST https://firebasehosting.googleapis.com/v1beta1/projects/-/sites/gastroo-4f0a3/channels/live/releases {}
[debug] [2025-08-12T16:38:25.433Z] <<< [apiv2][status] POST https://firebasehosting.googleapis.com/v1beta1/projects/-/sites/gastroo-4f0a3/channels/live/releases 200
[debug] [2025-08-12T16:38:25.433Z] <<< [apiv2][body] POST https://firebasehosting.googleapis.com/v1beta1/projects/-/sites/gastroo-4f0a3/channels/live/releases {"name":"projects/880194074966/sites/gastroo-4f0a3/channels/live/releases/1755016704743000","version":{"name":"projects/880194074966/sites/gastroo-4f0a3/versions/1c38c2c0df5e926d","status":"FINALIZED","config":{"headers":[{"headers":{"x-next-cache-tags":"_N_T_/layout,_N_T_/favicon.ico/layout,_N_T_/favicon.ico/route,_N_T_/favicon.ico","cache-control":"public, max-age=0, must-revalidate","content-type":"image/x-icon"},"glob":"/favicon.ico"},{"headers":{"x-next-cache-tags":"_N_T_/layout,_N_T_/_not-found/layout,_N_T_/_not-found/page,_N_T_/_not-found","x-nextjs-stale-time":"300","x-nextjs-prerender":"1"},"glob":"/_not-found"},{"headers":{"Set-Cookie":"__FIREBASE_DEFAULTS__=eyJjb25maWciOnsicHJvamVjdElkIjoiZ2FzdHJvby00ZjBhMyIsImFwcElkIjoiMTo4ODAxOTQwNzQ5NjY6d2ViOmViNDQxMzNhZDY3ZDI3ZjVhMmZlZjciLCJkYXRhYmFzZVVSTCI6Imh0dHBzOi8vZ2FzdHJvby00ZjBhMy1kZWZhdWx0LXJ0ZGIuZXVyb3BlLXdlc3QxLmZpcmViYXNlZGF0YWJhc2UuYXBwIiwic3RvcmFnZUJ1Y2tldCI6Imdhc3Ryb28tNGYwYTMuZmlyZWJhc2VzdG9yYWdlLmFwcCIsImFwaUtleSI6IkFJemFTeUQzNVZqWHlBZ2phbEtyRUN2TS1KQ0d5cVZ1NENCRi1kZyIsImF1dGhEb21haW4iOiJnYXN0cm9vLTRmMGEzLmZpcmViYXNlYXBwLmNvbSIsIm1lc3NhZ2luZ1NlbmRlcklkIjoiODgwMTk0MDc0OTY2IiwibWVhc3VyZW1lbnRJZCI6IkctVFRZWkxUSkc0VyJ9LCJfYXV0aFRva2VuU3luY1VSTCI6Ii9fX3Nlc3Npb24ifQ; SameSite=Strict; Expires=2027-07-08T03:12:54.239Z; Path=/;"},"glob":"/**/*.[jt]s"}],"rewrites":[{"glob":"/**","run":{"serviceId":"ssrgastroo4f0a3","region":"europe-west1","tag":"fh-1c38c2c0df5e926d"}}],"cleanUrls":true,"trailingSlashBehavior":"REMOVE"},"labels":{"deployment-tool":"cli-firebase","firebase-web-framework":"next_ssr"},"createTime":"2025-08-12T16:33:40.029811Z","createUser":{"email":"mierzej.it@gmail.com","imageUrl":"https://lh3.googleusercontent.com/a/ACg8ocJDCnw9ZXSekqPV8Ohm3ciqa2In8fCfaQaAWRloAhSHJFSdVw=mo"},"finalizeTime":"2025-08-12T16:38:25.013877Z","finalizeUser":{"email":"mierzej.it@gmail.com","imageUrl":"https://lh3.googleusercontent.com/a/ACg8ocJDCnw9ZXSekqPV8Ohm3ciqa2In8fCfaQaAWRloAhSHJFSdVw=mo"}},"type":"DEPLOY","releaseTime":"2025-08-12T16:38:24.743Z","releaseUser":{"email":"mierzej.it@gmail.com","imageUrl":"https://lh3.googleusercontent.com/a/ACg8ocJDCnw9ZXSekqPV8Ohm3ciqa2In8fCfaQaAWRloAhSHJFSdVw=mo"}}
[debug] [2025-08-12T16:38:25.433Z] [hosting] release: {"name":"projects/880194074966/sites/gastroo-4f0a3/channels/live/releases/1755016704743000","version":{"name":"projects/880194074966/sites/gastroo-4f0a3/versions/1c38c2c0df5e926d","status":"FINALIZED","config":{"headers":[{"headers":{"x-next-cache-tags":"_N_T_/layout,_N_T_/favicon.ico/layout,_N_T_/favicon.ico/route,_N_T_/favicon.ico","cache-control":"public, max-age=0, must-revalidate","content-type":"image/x-icon"},"glob":"/favicon.ico"},{"headers":{"x-next-cache-tags":"_N_T_/layout,_N_T_/_not-found/layout,_N_T_/_not-found/page,_N_T_/_not-found","x-nextjs-stale-time":"300","x-nextjs-prerender":"1"},"glob":"/_not-found"},{"headers":{"Set-Cookie":"__FIREBASE_DEFAULTS__=eyJjb25maWciOnsicHJvamVjdElkIjoiZ2FzdHJvby00ZjBhMyIsImFwcElkIjoiMTo4ODAxOTQwNzQ5NjY6d2ViOmViNDQxMzNhZDY3ZDI3ZjVhMmZlZjciLCJkYXRhYmFzZVVSTCI6Imh0dHBzOi8vZ2FzdHJvby00ZjBhMy1kZWZhdWx0LXJ0ZGIuZXVyb3BlLXdlc3QxLmZpcmViYXNlZGF0YWJhc2UuYXBwIiwic3RvcmFnZUJ1Y2tldCI6Imdhc3Ryb28tNGYwYTMuZmlyZWJhc2VzdG9yYWdlLmFwcCIsImFwaUtleSI6IkFJemFTeUQzNVZqWHlBZ2phbEtyRUN2TS1KQ0d5cVZ1NENCRi1kZyIsImF1dGhEb21haW4iOiJnYXN0cm9vLTRmMGEzLmZpcmViYXNlYXBwLmNvbSIsIm1lc3NhZ2luZ1NlbmRlcklkIjoiODgwMTk0MDc0OTY2IiwibWVhc3VyZW1lbnRJZCI6IkctVFRZWkxUSkc0VyJ9LCJfYXV0aFRva2VuU3luY1VSTCI6Ii9fX3Nlc3Npb24ifQ; SameSite=Strict; Expires=2027-07-08T03:12:54.239Z; Path=/;"},"glob":"/**/*.[jt]s"}],"rewrites":[{"glob":"/**","run":{"serviceId":"ssrgastroo4f0a3","region":"europe-west1","tag":"fh-1c38c2c0df5e926d"}}],"cleanUrls":true,"trailingSlashBehavior":"REMOVE"},"labels":{"deployment-tool":"cli-firebase","firebase-web-framework":"next_ssr"},"createTime":"2025-08-12T16:33:40.029811Z","createUser":{"email":"mierzej.it@gmail.com","imageUrl":"https://lh3.googleusercontent.com/a/ACg8ocJDCnw9ZXSekqPV8Ohm3ciqa2In8fCfaQaAWRloAhSHJFSdVw=mo"},"finalizeTime":"2025-08-12T16:38:25.013877Z","finalizeUser":{"email":"mierzej.it@gmail.com","imageUrl":"https://lh3.googleusercontent.com/a/ACg8ocJDCnw9ZXSekqPV8Ohm3ciqa2In8fCfaQaAWRloAhSHJFSdVw=mo"}},"type":"DEPLOY","releaseTime":"2025-08-12T16:38:24.743Z","releaseUser":{"email":"mierzej.it@gmail.com","imageUrl":"https://lh3.googleusercontent.com/a/ACg8ocJDCnw9ZXSekqPV8Ohm3ciqa2In8fCfaQaAWRloAhSHJFSdVw=mo"}}
[info] ✔  hosting[gastroo-4f0a3]: release complete 
[debug] [2025-08-12T16:38:25.434Z] Checked if tokens are valid: true, expires at: 1755017641897
[debug] [2025-08-12T16:38:25.434Z] Checked if tokens are valid: true, expires at: 1755017641897
[debug] [2025-08-12T16:38:25.434Z] >>> [apiv2][query] GET https://firebaseremoteconfig.googleapis.com/v1/projects/880194074966/remoteConfig 
[debug] [2025-08-12T16:38:25.776Z] <<< [apiv2][status] GET https://firebaseremoteconfig.googleapis.com/v1/projects/880194074966/remoteConfig 200
[debug] [2025-08-12T16:38:25.776Z] <<< [apiv2][body] GET https://firebaseremoteconfig.googleapis.com/v1/projects/880194074966/remoteConfig {}
[debug] [2025-08-12T16:38:25.776Z] Checked if tokens are valid: true, expires at: 1755017641897
[debug] [2025-08-12T16:38:25.776Z] Checked if tokens are valid: true, expires at: 1755017641897
[debug] [2025-08-12T16:38:25.777Z] >>> [apiv2][query] PUT https://firebaseremoteconfig.googleapis.com/v1/projects/880194074966/remoteConfig [none]
[debug] [2025-08-12T16:38:25.777Z] >>> [apiv2][body] PUT https://firebaseremoteconfig.googleapis.com/v1/projects/880194074966/remoteConfig {}
[debug] [2025-08-12T16:38:26.835Z] <<< [apiv2][status] PUT https://firebaseremoteconfig.googleapis.com/v1/projects/880194074966/remoteConfig 200
[debug] [2025-08-12T16:38:26.835Z] <<< [apiv2][body] PUT https://firebaseremoteconfig.googleapis.com/v1/projects/880194074966/remoteConfig {"version":{"versionNumber":"1","updateTime":"2025-08-12T16:38:26.102134Z","updateUser":{"email":"mierzej.it@gmail.com"},"updateOrigin":"REST_API","updateType":"INCREMENTAL_UPDATE"}}
[debug] [2025-08-12T16:38:26.944Z] Checked if tokens are valid: true, expires at: 1755017641897
[debug] [2025-08-12T16:38:26.944Z] Checked if tokens are valid: true, expires at: 1755017641897
[debug] [2025-08-12T16:38:26.944Z] >>> [apiv2][query] GET https://firebaseextensions.googleapis.com/v1beta/projects/gastroo-4f0a3/instances pageSize=100&pageToken=
[debug] [2025-08-12T16:38:27.890Z] <<< [apiv2][status] GET https://firebaseextensions.googleapis.com/v1beta/projects/gastroo-4f0a3/instances 200
[debug] [2025-08-12T16:38:27.890Z] <<< [apiv2][body] GET https://firebaseextensions.googleapis.com/v1beta/projects/gastroo-4f0a3/instances {}
[debug] [2025-08-12T16:38:27.890Z] Checked if tokens are valid: true, expires at: 1755017641897
[debug] [2025-08-12T16:38:27.890Z] Checked if tokens are valid: true, expires at: 1755017641897
[debug] [2025-08-12T16:38:27.891Z] >>> [apiv2][query] GET https://firebaseextensions.googleapis.com/v1beta/projects/gastroo-4f0a3/instances pageSize=100&pageToken=
[debug] [2025-08-12T16:38:28.120Z] <<< [apiv2][status] GET https://firebaseextensions.googleapis.com/v1beta/projects/gastroo-4f0a3/instances 200
[debug] [2025-08-12T16:38:28.121Z] <<< [apiv2][body] GET https://firebaseextensions.googleapis.com/v1beta/projects/gastroo-4f0a3/instances {}
[debug] [2025-08-12T16:38:28.122Z] Checked if tokens are valid: true, expires at: 1755017641897
[debug] [2025-08-12T16:38:28.122Z] Checked if tokens are valid: true, expires at: 1755017641897
[debug] [2025-08-12T16:38:28.123Z] Checked if tokens are valid: true, expires at: 1755017641897
[debug] [2025-08-12T16:38:28.123Z] Checked if tokens are valid: true, expires at: 1755017641897
[info] i  apphosting: You may also track the rollout(s) at:
	https://console.firebase.google.com/project/gastroo-4f0a3/apphosting 
[debug] [2025-08-12T16:38:28.123Z] >>> [apiv2][query] GET https://firebaseapphosting.googleapis.com/v1beta/projects/gastroo-4f0a3/locations/europe-west4/backends/gastroo-be/rollouts 
[debug] [2025-08-12T16:38:28.125Z] >>> [apiv2][query] GET https://firebaseapphosting.googleapis.com/v1beta/projects/gastroo-4f0a3/locations/europe-west4/backends/gastroo-be/builds 
[debug] [2025-08-12T16:38:28.505Z] <<< [apiv2][status] GET https://firebaseapphosting.googleapis.com/v1beta/projects/gastroo-4f0a3/locations/europe-west4/backends/gastroo-be/rollouts 200
[debug] [2025-08-12T16:38:28.505Z] <<< [apiv2][body] GET https://firebaseapphosting.googleapis.com/v1beta/projects/gastroo-4f0a3/locations/europe-west4/backends/gastroo-be/rollouts {}
[debug] [2025-08-12T16:38:28.505Z] <<< [apiv2][status] GET https://firebaseapphosting.googleapis.com/v1beta/projects/gastroo-4f0a3/locations/europe-west4/backends/gastroo-be/builds 200
[debug] [2025-08-12T16:38:28.505Z] <<< [apiv2][body] GET https://firebaseapphosting.googleapis.com/v1beta/projects/gastroo-4f0a3/locations/europe-west4/backends/gastroo-be/builds {}
[debug] [2025-08-12T16:38:28.506Z] Checked if tokens are valid: true, expires at: 1755017641897
[debug] [2025-08-12T16:38:28.506Z] Checked if tokens are valid: true, expires at: 1755017641897
[debug] [2025-08-12T16:38:28.506Z] >>> [apiv2][query] POST https://firebaseapphosting.googleapis.com/v1beta/projects/gastroo-4f0a3/locations/europe-west4/backends/gastroo-be/builds buildId=build-2025-08-12-001
[debug] [2025-08-12T16:38:28.506Z] >>> [apiv2][body] POST https://firebaseapphosting.googleapis.com/v1beta/projects/gastroo-4f0a3/locations/europe-west4/backends/gastroo-be/builds {"source":{"archive":{"userStorageUri":"gs://firebaseapphosting-sources-880194074966-europe-west4/gastroo-be--96438-fA53ZyE0Ug3Z-.zip","rootDirectory":"/"}},"labels":{"deployment-tool":"cli-firebase"}}
[debug] [2025-08-12T16:38:28.644Z] <<< [apiv2][status] POST https://firebaseapphosting.googleapis.com/v1beta/projects/gastroo-4f0a3/locations/europe-west4/backends/gastroo-be/builds 200
[debug] [2025-08-12T16:38:28.645Z] <<< [apiv2][body] POST https://firebaseapphosting.googleapis.com/v1beta/projects/gastroo-4f0a3/locations/europe-west4/backends/gastroo-be/builds {"name":"projects/gastroo-4f0a3/locations/europe-west4/operations/operation-1755016708629-63c2dab7e22c5-8c41f953-99dc5f4e","metadata":{"@type":"type.googleapis.com/google.firebase.apphosting.v1beta.OperationMetadata","createTime":"2025-08-12T16:38:28.673579547Z","target":"projects/gastroo-4f0a3/locations/europe-west4/backends/gastroo-be/builds/build-2025-08-12-001","verb":"create","requestedCancellation":false,"apiVersion":"v1beta"},"done":false}
[debug] [2025-08-12T16:38:28.645Z] Checked if tokens are valid: true, expires at: 1755017641897
[debug] [2025-08-12T16:38:28.645Z] Checked if tokens are valid: true, expires at: 1755017641897
[debug] [2025-08-12T16:38:28.645Z] >>> [apiv2][query] POST https://firebaseapphosting.googleapis.com/v1beta/projects/gastroo-4f0a3/locations/europe-west4/backends/gastroo-be/rollouts rolloutId=build-2025-08-12-001&validateOnly=true
[debug] [2025-08-12T16:38:28.645Z] >>> [apiv2][body] POST https://firebaseapphosting.googleapis.com/v1beta/projects/gastroo-4f0a3/locations/europe-west4/backends/gastroo-be/rollouts {"build":"projects/gastroo-4f0a3/locations/europe-west4/backends/gastroo-be/builds/build-2025-08-12-001","labels":{"deployment-tool":"cli-firebase"}}
[debug] [2025-08-12T16:38:28.754Z] <<< [apiv2][status] POST https://firebaseapphosting.googleapis.com/v1beta/projects/gastroo-4f0a3/locations/europe-west4/backends/gastroo-be/rollouts 200
[debug] [2025-08-12T16:38:28.754Z] <<< [apiv2][body] POST https://firebaseapphosting.googleapis.com/v1beta/projects/gastroo-4f0a3/locations/europe-west4/backends/gastroo-be/rollouts {}
[debug] [2025-08-12T16:38:28.754Z] Checked if tokens are valid: true, expires at: 1755017641897
[debug] [2025-08-12T16:38:28.755Z] Checked if tokens are valid: true, expires at: 1755017641897
[debug] [2025-08-12T16:38:28.755Z] >>> [apiv2][query] POST https://firebaseapphosting.googleapis.com/v1beta/projects/gastroo-4f0a3/locations/europe-west4/backends/gastroo-be/rollouts rolloutId=build-2025-08-12-001&validateOnly=false
[debug] [2025-08-12T16:38:28.755Z] >>> [apiv2][body] POST https://firebaseapphosting.googleapis.com/v1beta/projects/gastroo-4f0a3/locations/europe-west4/backends/gastroo-be/rollouts {"build":"projects/gastroo-4f0a3/locations/europe-west4/backends/gastroo-be/builds/build-2025-08-12-001","labels":{"deployment-tool":"cli-firebase"}}
[debug] [2025-08-12T16:38:28.861Z] <<< [apiv2][status] POST https://firebaseapphosting.googleapis.com/v1beta/projects/gastroo-4f0a3/locations/europe-west4/backends/gastroo-be/rollouts 200
[debug] [2025-08-12T16:38:28.862Z] <<< [apiv2][body] POST https://firebaseapphosting.googleapis.com/v1beta/projects/gastroo-4f0a3/locations/europe-west4/backends/gastroo-be/rollouts {"name":"projects/gastroo-4f0a3/locations/europe-west4/operations/operation-1755016708874-63c2dab81e04d-107b731d-2f1fa452","metadata":{"@type":"type.googleapis.com/google.firebase.apphosting.v1beta.OperationMetadata","createTime":"2025-08-12T16:38:28.890468252Z","target":"projects/gastroo-4f0a3/locations/europe-west4/backends/gastroo-be/rollouts/build-2025-08-12-001","verb":"create","requestedCancellation":false,"apiVersion":"v1beta"},"done":false}
[debug] [2025-08-12T16:38:28.862Z] Checked if tokens are valid: true, expires at: 1755017641897
[debug] [2025-08-12T16:38:28.862Z] Checked if tokens are valid: true, expires at: 1755017641897
[debug] [2025-08-12T16:38:28.862Z] Checked if tokens are valid: true, expires at: 1755017641897
[debug] [2025-08-12T16:38:28.862Z] Checked if tokens are valid: true, expires at: 1755017641897
[debug] [2025-08-12T16:38:28.862Z] >>> [apiv2][query] GET https://firebaseapphosting.googleapis.com/v1beta/projects/gastroo-4f0a3/locations/europe-west4/operations/operation-1755016708874-63c2dab81e04d-107b731d-2f1fa452 [none]
[debug] [2025-08-12T16:38:28.863Z] >>> [apiv2][query] GET https://firebaseapphosting.googleapis.com/v1beta/projects/gastroo-4f0a3/locations/europe-west4/operations/operation-1755016708629-63c2dab7e22c5-8c41f953-99dc5f4e [none]
[debug] [2025-08-12T16:38:28.937Z] <<< [apiv2][status] GET https://firebaseapphosting.googleapis.com/v1beta/projects/gastroo-4f0a3/locations/europe-west4/operations/operation-1755016708874-63c2dab81e04d-107b731d-2f1fa452 200
[debug] [2025-08-12T16:38:28.937Z] <<< [apiv2][body] GET https://firebaseapphosting.googleapis.com/v1beta/projects/gastroo-4f0a3/locations/europe-west4/operations/operation-1755016708874-63c2dab81e04d-107b731d-2f1fa452 {"name":"projects/gastroo-4f0a3/locations/europe-west4/operations/operation-1755016708874-63c2dab81e04d-107b731d-2f1fa452","metadata":{"@type":"type.googleapis.com/google.firebase.apphosting.v1beta.OperationMetadata","createTime":"2025-08-12T16:38:28.890468252Z","endTime":"2025-08-12T16:38:28.930886064Z","target":"projects/gastroo-4f0a3/locations/europe-west4/backends/gastroo-be/rollouts/build-2025-08-12-001","verb":"create","requestedCancellation":false,"apiVersion":"v1beta"},"done":true,"response":{"@type":"type.googleapis.com/google.firebase.apphosting.v1beta.Rollout","name":"projects/gastroo-4f0a3/locations/europe-west4/backends/gastroo-be/rollouts/build-2025-08-12-001","createTime":"2025-08-12T16:38:28.883388955Z","updateTime":"2025-08-12T16:38:28.927323Z","state":"QUEUED","build":"projects/gastroo-4f0a3/locations/europe-west4/backends/gastroo-be/builds/build-2025-08-12-001","labels":{"deployment-tool":"cli-firebase"},"uid":"9f5f69f2-36ae-44f1-a931-b3c2826527cc","etag":"jY7wkBrielIG74cPvEoOdBYssn4nohXhiLz0slJpomI","reconciling":false}}
[debug] [2025-08-12T16:38:29.036Z] <<< [apiv2][status] GET https://firebaseapphosting.googleapis.com/v1beta/projects/gastroo-4f0a3/locations/europe-west4/operations/operation-1755016708629-63c2dab7e22c5-8c41f953-99dc5f4e 200
[debug] [2025-08-12T16:38:29.036Z] <<< [apiv2][body] GET https://firebaseapphosting.googleapis.com/v1beta/projects/gastroo-4f0a3/locations/europe-west4/operations/operation-1755016708629-63c2dab7e22c5-8c41f953-99dc5f4e {"name":"projects/gastroo-4f0a3/locations/europe-west4/operations/operation-1755016708629-63c2dab7e22c5-8c41f953-99dc5f4e","metadata":{"@type":"type.googleapis.com/google.firebase.apphosting.v1beta.OperationMetadata","createTime":"2025-08-12T16:38:28.673579547Z","target":"projects/gastroo-4f0a3/locations/europe-west4/backends/gastroo-be/builds/build-2025-08-12-001","verb":"create","requestedCancellation":false,"apiVersion":"v1beta"},"done":false}
[debug] [2025-08-12T16:38:29.537Z] [create-gastroo-4f0a3-europe-west4-backend-gastroo-be-build-build-2025-08-12-001] Retrying task index 0
[debug] [2025-08-12T16:38:29.537Z] Checked if tokens are valid: true, expires at: 1755017641897
[debug] [2025-08-12T16:38:29.537Z] Checked if tokens are valid: true, expires at: 1755017641897
[debug] [2025-08-12T16:38:29.537Z] >>> [apiv2][query] GET https://firebaseapphosting.googleapis.com/v1beta/projects/gastroo-4f0a3/locations/europe-west4/operations/operation-1755016708629-63c2dab7e22c5-8c41f953-99dc5f4e [none]
[debug] [2025-08-12T16:38:29.612Z] <<< [apiv2][status] GET https://firebaseapphosting.googleapis.com/v1beta/projects/gastroo-4f0a3/locations/europe-west4/operations/operation-1755016708629-63c2dab7e22c5-8c41f953-99dc5f4e 200
[debug] [2025-08-12T16:38:29.612Z] <<< [apiv2][body] GET https://firebaseapphosting.googleapis.com/v1beta/projects/gastroo-4f0a3/locations/europe-west4/operations/operation-1755016708629-63c2dab7e22c5-8c41f953-99dc5f4e {"name":"projects/gastroo-4f0a3/locations/europe-west4/operations/operation-1755016708629-63c2dab7e22c5-8c41f953-99dc5f4e","metadata":{"@type":"type.googleapis.com/google.firebase.apphosting.v1beta.OperationMetadata","createTime":"2025-08-12T16:38:28.673579547Z","target":"projects/gastroo-4f0a3/locations/europe-west4/backends/gastroo-be/builds/build-2025-08-12-001","verb":"create","requestedCancellation":false,"apiVersion":"v1beta"},"done":false}
[debug] [2025-08-12T16:38:30.613Z] [create-gastroo-4f0a3-europe-west4-backend-gastroo-be-build-build-2025-08-12-001] Retrying task index 0
[debug] [2025-08-12T16:38:30.613Z] Checked if tokens are valid: true, expires at: 1755017641897
[debug] [2025-08-12T16:38:30.613Z] Checked if tokens are valid: true, expires at: 1755017641897
[debug] [2025-08-12T16:38:30.613Z] >>> [apiv2][query] GET https://firebaseapphosting.googleapis.com/v1beta/projects/gastroo-4f0a3/locations/europe-west4/operations/operation-1755016708629-63c2dab7e22c5-8c41f953-99dc5f4e [none]
[debug] [2025-08-12T16:38:30.671Z] <<< [apiv2][status] GET https://firebaseapphosting.googleapis.com/v1beta/projects/gastroo-4f0a3/locations/europe-west4/operations/operation-1755016708629-63c2dab7e22c5-8c41f953-99dc5f4e 200
[debug] [2025-08-12T16:38:30.671Z] <<< [apiv2][body] GET https://firebaseapphosting.googleapis.com/v1beta/projects/gastroo-4f0a3/locations/europe-west4/operations/operation-1755016708629-63c2dab7e22c5-8c41f953-99dc5f4e {"name":"projects/gastroo-4f0a3/locations/europe-west4/operations/operation-1755016708629-63c2dab7e22c5-8c41f953-99dc5f4e","metadata":{"@type":"type.googleapis.com/google.firebase.apphosting.v1beta.OperationMetadata","createTime":"2025-08-12T16:38:28.673579547Z","target":"projects/gastroo-4f0a3/locations/europe-west4/backends/gastroo-be/builds/build-2025-08-12-001","verb":"create","requestedCancellation":false,"apiVersion":"v1beta"},"done":false}
[debug] [2025-08-12T16:38:32.673Z] [create-gastroo-4f0a3-europe-west4-backend-gastroo-be-build-build-2025-08-12-001] Retrying task index 0
[debug] [2025-08-12T16:38:32.673Z] Checked if tokens are valid: true, expires at: 1755017641897
[debug] [2025-08-12T16:38:32.673Z] Checked if tokens are valid: true, expires at: 1755017641897
[debug] [2025-08-12T16:38:32.673Z] >>> [apiv2][query] GET https://firebaseapphosting.googleapis.com/v1beta/projects/gastroo-4f0a3/locations/europe-west4/operations/operation-1755016708629-63c2dab7e22c5-8c41f953-99dc5f4e [none]
[debug] [2025-08-12T16:38:32.751Z] <<< [apiv2][status] GET https://firebaseapphosting.googleapis.com/v1beta/projects/gastroo-4f0a3/locations/europe-west4/operations/operation-1755016708629-63c2dab7e22c5-8c41f953-99dc5f4e 200
[debug] [2025-08-12T16:38:32.752Z] <<< [apiv2][body] GET https://firebaseapphosting.googleapis.com/v1beta/projects/gastroo-4f0a3/locations/europe-west4/operations/operation-1755016708629-63c2dab7e22c5-8c41f953-99dc5f4e {"name":"projects/gastroo-4f0a3/locations/europe-west4/operations/operation-1755016708629-63c2dab7e22c5-8c41f953-99dc5f4e","metadata":{"@type":"type.googleapis.com/google.firebase.apphosting.v1beta.OperationMetadata","createTime":"2025-08-12T16:38:28.673579547Z","target":"projects/gastroo-4f0a3/locations/europe-west4/backends/gastroo-be/builds/build-2025-08-12-001","verb":"create","requestedCancellation":false,"apiVersion":"v1beta"},"done":false}
[debug] [2025-08-12T16:38:36.752Z] [create-gastroo-4f0a3-europe-west4-backend-gastroo-be-build-build-2025-08-12-001] Retrying task index 0
[debug] [2025-08-12T16:38:36.752Z] Checked if tokens are valid: true, expires at: 1755017641897
[debug] [2025-08-12T16:38:36.752Z] Checked if tokens are valid: true, expires at: 1755017641897
[debug] [2025-08-12T16:38:36.752Z] >>> [apiv2][query] GET https://firebaseapphosting.googleapis.com/v1beta/projects/gastroo-4f0a3/locations/europe-west4/operations/operation-1755016708629-63c2dab7e22c5-8c41f953-99dc5f4e [none]
[debug] [2025-08-12T16:38:36.815Z] <<< [apiv2][status] GET https://firebaseapphosting.googleapis.com/v1beta/projects/gastroo-4f0a3/locations/europe-west4/operations/operation-1755016708629-63c2dab7e22c5-8c41f953-99dc5f4e 200
[debug] [2025-08-12T16:38:36.815Z] <<< [apiv2][body] GET https://firebaseapphosting.googleapis.com/v1beta/projects/gastroo-4f0a3/locations/europe-west4/operations/operation-1755016708629-63c2dab7e22c5-8c41f953-99dc5f4e {"name":"projects/gastroo-4f0a3/locations/europe-west4/operations/operation-1755016708629-63c2dab7e22c5-8c41f953-99dc5f4e","metadata":{"@type":"type.googleapis.com/google.firebase.apphosting.v1beta.OperationMetadata","createTime":"2025-08-12T16:38:28.673579547Z","target":"projects/gastroo-4f0a3/locations/europe-west4/backends/gastroo-be/builds/build-2025-08-12-001","verb":"create","requestedCancellation":false,"apiVersion":"v1beta"},"done":false}
[debug] [2025-08-12T16:38:44.815Z] [create-gastroo-4f0a3-europe-west4-backend-gastroo-be-build-build-2025-08-12-001] Retrying task index 0
[debug] [2025-08-12T16:38:44.815Z] Checked if tokens are valid: true, expires at: 1755017641897
[debug] [2025-08-12T16:38:44.815Z] Checked if tokens are valid: true, expires at: 1755017641897
[debug] [2025-08-12T16:38:44.815Z] >>> [apiv2][query] GET https://firebaseapphosting.googleapis.com/v1beta/projects/gastroo-4f0a3/locations/europe-west4/operations/operation-1755016708629-63c2dab7e22c5-8c41f953-99dc5f4e [none]
[debug] [2025-08-12T16:38:45.017Z] <<< [apiv2][status] GET https://firebaseapphosting.googleapis.com/v1beta/projects/gastroo-4f0a3/locations/europe-west4/operations/operation-1755016708629-63c2dab7e22c5-8c41f953-99dc5f4e 200
[debug] [2025-08-12T16:38:45.018Z] <<< [apiv2][body] GET https://firebaseapphosting.googleapis.com/v1beta/projects/gastroo-4f0a3/locations/europe-west4/operations/operation-1755016708629-63c2dab7e22c5-8c41f953-99dc5f4e {"name":"projects/gastroo-4f0a3/locations/europe-west4/operations/operation-1755016708629-63c2dab7e22c5-8c41f953-99dc5f4e","metadata":{"@type":"type.googleapis.com/google.firebase.apphosting.v1beta.OperationMetadata","createTime":"2025-08-12T16:38:28.673579547Z","target":"projects/gastroo-4f0a3/locations/europe-west4/backends/gastroo-be/builds/build-2025-08-12-001","verb":"create","requestedCancellation":false,"apiVersion":"v1beta"},"done":false}
[debug] [2025-08-12T16:38:55.018Z] [create-gastroo-4f0a3-europe-west4-backend-gastroo-be-build-build-2025-08-12-001] Retrying task index 0
[debug] [2025-08-12T16:38:55.018Z] Checked if tokens are valid: true, expires at: 1755017641897
[debug] [2025-08-12T16:38:55.018Z] Checked if tokens are valid: true, expires at: 1755017641897
[debug] [2025-08-12T16:38:55.018Z] >>> [apiv2][query] GET https://firebaseapphosting.googleapis.com/v1beta/projects/gastroo-4f0a3/locations/europe-west4/operations/operation-1755016708629-63c2dab7e22c5-8c41f953-99dc5f4e [none]
[debug] [2025-08-12T16:38:55.223Z] <<< [apiv2][status] GET https://firebaseapphosting.googleapis.com/v1beta/projects/gastroo-4f0a3/locations/europe-west4/operations/operation-1755016708629-63c2dab7e22c5-8c41f953-99dc5f4e 200
[debug] [2025-08-12T16:38:55.224Z] <<< [apiv2][body] GET https://firebaseapphosting.googleapis.com/v1beta/projects/gastroo-4f0a3/locations/europe-west4/operations/operation-1755016708629-63c2dab7e22c5-8c41f953-99dc5f4e {"name":"projects/gastroo-4f0a3/locations/europe-west4/operations/operation-1755016708629-63c2dab7e22c5-8c41f953-99dc5f4e","metadata":{"@type":"type.googleapis.com/google.firebase.apphosting.v1beta.OperationMetadata","createTime":"2025-08-12T16:38:28.673579547Z","target":"projects/gastroo-4f0a3/locations/europe-west4/backends/gastroo-be/builds/build-2025-08-12-001","verb":"create","requestedCancellation":false,"apiVersion":"v1beta"},"done":false}
[debug] [2025-08-12T16:39:05.223Z] [create-gastroo-4f0a3-europe-west4-backend-gastroo-be-build-build-2025-08-12-001] Retrying task index 0
[debug] [2025-08-12T16:39:05.223Z] Checked if tokens are valid: false, expires at: 1755017641897
[debug] [2025-08-12T16:39:05.223Z] Checked if tokens are valid: false, expires at: 1755017641897
[debug] [2025-08-12T16:39:05.224Z] > refreshing access token with scopes: []
[debug] [2025-08-12T16:39:05.225Z] >>> [apiv2][query] POST https://www.googleapis.com/oauth2/v3/token [none]
[debug] [2025-08-12T16:39:05.225Z] >>> [apiv2][body] POST https://www.googleapis.com/oauth2/v3/token [omitted]
[debug] [2025-08-12T16:39:05.368Z] <<< [apiv2][status] POST https://www.googleapis.com/oauth2/v3/token 200
[debug] [2025-08-12T16:39:05.369Z] <<< [apiv2][body] POST https://www.googleapis.com/oauth2/v3/token [omitted]
[debug] [2025-08-12T16:39:05.583Z] >>> [apiv2][query] GET https://firebaseapphosting.googleapis.com/v1beta/projects/gastroo-4f0a3/locations/europe-west4/operations/operation-1755016708629-63c2dab7e22c5-8c41f953-99dc5f4e [none]
[debug] [2025-08-12T16:39:05.786Z] <<< [apiv2][status] GET https://firebaseapphosting.googleapis.com/v1beta/projects/gastroo-4f0a3/locations/europe-west4/operations/operation-1755016708629-63c2dab7e22c5-8c41f953-99dc5f4e 200
[debug] [2025-08-12T16:39:05.786Z] <<< [apiv2][body] GET https://firebaseapphosting.googleapis.com/v1beta/projects/gastroo-4f0a3/locations/europe-west4/operations/operation-1755016708629-63c2dab7e22c5-8c41f953-99dc5f4e {"name":"projects/gastroo-4f0a3/locations/europe-west4/operations/operation-1755016708629-63c2dab7e22c5-8c41f953-99dc5f4e","metadata":{"@type":"type.googleapis.com/google.firebase.apphosting.v1beta.OperationMetadata","createTime":"2025-08-12T16:38:28.673579547Z","target":"projects/gastroo-4f0a3/locations/europe-west4/backends/gastroo-be/builds/build-2025-08-12-001","verb":"create","requestedCancellation":false,"apiVersion":"v1beta"},"done":false}
[debug] [2025-08-12T16:39:15.787Z] [create-gastroo-4f0a3-europe-west4-backend-gastroo-be-build-build-2025-08-12-001] Retrying task index 0
[debug] [2025-08-12T16:39:15.787Z] Checked if tokens are valid: true, expires at: 1755020344370
[debug] [2025-08-12T16:39:15.787Z] Checked if tokens are valid: true, expires at: 1755020344370
[debug] [2025-08-12T16:39:15.787Z] >>> [apiv2][query] GET https://firebaseapphosting.googleapis.com/v1beta/projects/gastroo-4f0a3/locations/europe-west4/operations/operation-1755016708629-63c2dab7e22c5-8c41f953-99dc5f4e [none]
[debug] [2025-08-12T16:39:16.001Z] <<< [apiv2][status] GET https://firebaseapphosting.googleapis.com/v1beta/projects/gastroo-4f0a3/locations/europe-west4/operations/operation-1755016708629-63c2dab7e22c5-8c41f953-99dc5f4e 200
[debug] [2025-08-12T16:39:16.001Z] <<< [apiv2][body] GET https://firebaseapphosting.googleapis.com/v1beta/projects/gastroo-4f0a3/locations/europe-west4/operations/operation-1755016708629-63c2dab7e22c5-8c41f953-99dc5f4e {"name":"projects/gastroo-4f0a3/locations/europe-west4/operations/operation-1755016708629-63c2dab7e22c5-8c41f953-99dc5f4e","metadata":{"@type":"type.googleapis.com/google.firebase.apphosting.v1beta.OperationMetadata","createTime":"2025-08-12T16:38:28.673579547Z","target":"projects/gastroo-4f0a3/locations/europe-west4/backends/gastroo-be/builds/build-2025-08-12-001","verb":"create","requestedCancellation":false,"apiVersion":"v1beta"},"done":false}
[debug] [2025-08-12T16:39:26.001Z] [create-gastroo-4f0a3-europe-west4-backend-gastroo-be-build-build-2025-08-12-001] Retrying task index 0
[debug] [2025-08-12T16:39:26.002Z] Checked if tokens are valid: true, expires at: 1755020344370
[debug] [2025-08-12T16:39:26.002Z] Checked if tokens are valid: true, expires at: 1755020344370
[debug] [2025-08-12T16:39:26.002Z] >>> [apiv2][query] GET https://firebaseapphosting.googleapis.com/v1beta/projects/gastroo-4f0a3/locations/europe-west4/operations/operation-1755016708629-63c2dab7e22c5-8c41f953-99dc5f4e [none]
[debug] [2025-08-12T16:39:26.215Z] <<< [apiv2][status] GET https://firebaseapphosting.googleapis.com/v1beta/projects/gastroo-4f0a3/locations/europe-west4/operations/operation-1755016708629-63c2dab7e22c5-8c41f953-99dc5f4e 200
[debug] [2025-08-12T16:39:26.216Z] <<< [apiv2][body] GET https://firebaseapphosting.googleapis.com/v1beta/projects/gastroo-4f0a3/locations/europe-west4/operations/operation-1755016708629-63c2dab7e22c5-8c41f953-99dc5f4e {"name":"projects/gastroo-4f0a3/locations/europe-west4/operations/operation-1755016708629-63c2dab7e22c5-8c41f953-99dc5f4e","metadata":{"@type":"type.googleapis.com/google.firebase.apphosting.v1beta.OperationMetadata","createTime":"2025-08-12T16:38:28.673579547Z","target":"projects/gastroo-4f0a3/locations/europe-west4/backends/gastroo-be/builds/build-2025-08-12-001","verb":"create","requestedCancellation":false,"apiVersion":"v1beta"},"done":false}
